[23:38:57] [main/INFO] (FabricLoader/GameProvider) Loading Minecraft 26.2 with Fabric Loader 0.19.5
[23:38:57] [main/INFO] (FabricLoader/Mappings) Mappings not present!
[23:38:57] [main/DEBUG] (FabricLoader/GamePatch) Found game constructor: net.minecraft.client.main.Main -> net.minecraft.client.Minecraft
[23:38:57] [main/DEBUG] (FabricLoader/GamePatch) Patching game constructor <init>(Lnet/minecraft/client/main/GameConfig;)V
[23:38:57] [main/DEBUG] (FabricLoader/GamePatch) Run directory field is thought to be net/minecraft/client/Minecraft/gameDirectory
[23:38:57] [main/DEBUG] (FabricLoader/GamePatch) Applying brand name hook to net/minecraft/client/ClientBrandRetriever::getClientModName
[23:38:57] [main/DEBUG] (FabricLoader/GamePatch) Applying brand name hook to net/minecraft/server/MinecraftServer::getServerModName
[23:38:57] [main/DEBUG] (FabricLoader/GamePatch) Patched 3 classs
[23:38:57] [main/DEBUG] (FabricLoader/Discovery) Skipping missing class path group entry C:\Users\arunm\StudioProjects\Chunk-Preload\build\classes\production\chunkpreload.main
[23:38:57] [main/DEBUG] (FabricLoader/Discovery) Skipping missing class path group entry C:\Users\arunm\StudioProjects\Chunk-Preload\out\production\classes
[23:38:57] [main/DEBUG] (FabricLoader/Discovery) Skipping missing class path group entry C:\Users\arunm\StudioProjects\Chunk-Preload\out\production\resources
[23:38:57] [main/DEBUG] (FabricLoader/Discovery) Skipping missing class path group entry C:\Users\arunm\StudioProjects\Chunk-Preload\build\classes\production\chunkpreload.client
[23:38:57] [main/DEBUG] (FabricLoader/Discovery) Skipping missing class path group entry C:\Users\arunm\StudioProjects\Chunk-Preload\out\client\classes
[23:38:57] [main/DEBUG] (FabricLoader/Discovery) Skipping missing class path group entry C:\Users\arunm\StudioProjects\Chunk-Preload\out\client\resources
[23:38:57] [main/DEBUG] (FabricLoader/Discovery) Mod discovery time: 35.0 ms
[23:38:57] [main/DEBUG] (FabricLoader/Resolution) Mod resolution time: 54.8 ms
[23:38:57] [main/INFO] (FabricLoader) Loading 53 mods:
	- chunkpreload 1.0.0
	- cloth-basic-math 0.6.1
	- cloth-config 26.2.155
	- fabric-api 0.160.0+26.2
	- fabric-api-base 2.0.4+ece063239e
	- fabric-api-lookup-api-v1 2.0.18+11e1c9a39e
	- fabric-biome-api-v1 18.0.6+c7bd5b8e9e
	- fabric-block-api-v1 3.1.0+53515aab9e
	- fabric-block-getter-api-v2 2.0.7+ec56b6019e
	- fabric-client-gametest-api-v1 6.0.2+0f4f1dca9e
	- fabric-command-api-v2 3.1.0+00cb03469e
	- fabric-content-registries-v0 11.3.2+37b1aa249e
	- fabric-convention-tags-v2 4.7.1+1f023a9e9e
	- fabric-crash-report-info-v1 1.0.5+086d547a9e
	- fabric-creative-tab-api-v1 5.0.15+6468574f9e
	- fabric-data-attachment-api-v1 2.2.19+515ac5339e
	- fabric-data-generation-api-v1 25.6.0+c0da0b829e
	- fabric-debug-api-v1 1.0.2+c792624d9e
	- fabric-dimensions-v1 5.1.12+515ac5339e
	- fabric-entity-events-v1 5.0.5+06488ac19e
	- fabric-events-interaction-v0 5.2.8+515ac5339e
	- fabric-game-rule-api-v1 4.0.8+46a6d00c9e
	- fabric-gametest-api-v1 4.0.22+4a7fa0819e
	- fabric-item-api-v1 14.5.0+c68f6cbe9e
	- fabric-key-mapping-api-v1 2.0.5+e2bdee789e
	- fabric-lifecycle-events-v1 4.1.4+29b6eb019e
	- fabric-loot-api-v3 3.0.17+06488ac19e
	- fabric-menu-api-v1 2.0.17+086d547a9e
	- fabric-message-api-v1 7.0.8+bb2ed3f79e
	- fabric-model-loading-api-v1 8.0.17+c80601bb9e
	- fabric-networking-api-v1 6.3.4+2989c6a09e
	- fabric-object-builder-api-v1 24.1.1+6fcd5f039e
	- fabric-particles-v1 5.0.19+d1756aa99e
	- fabric-permission-api-v1 1.0.5+e442d8d09e
	- fabric-recipe-api-v1 9.0.22+11e1c9a39e
	- fabric-registry-sync-v0 7.1.1+c7bd5b8e9e
	- fabric-renderer-api-v1 14.1.4+2b0d8a229e
	- fabric-renderer-indigo 9.1.4+2b0d8a229e
	- fabric-rendering-fluids-v1 6.0.4+06488ac19e
	- fabric-rendering-v1 25.3.3+515ac5339e
	- fabric-resource-conditions-api-v1 6.1.0+10e9a28b9e
	- fabric-resource-loader-v0 3.3.20+4fc5413f9e
	- fabric-resource-loader-v1 2.0.13+9edec1269e
	- fabric-screen-api-v1 5.2.1+5087f8249e
	- fabric-serialization-api-v1 2.0.4+11a26f319e
	- fabric-sound-api-v1 2.0.5+11a26f319e
	- fabric-tag-api-v1 2.1.4+515ac5339e
	- fabric-transfer-api-v1 8.0.13+11dbb7d79e
	- fabric-transitive-access-wideners-v1 8.1.4+67c847259e
	- fabricloader 0.19.5
	- java 25
	- minecraft 26.2
	- mixinextras 0.5.5
[23:38:57] [main/DEBUG] (FabricLoader/Knot) Adding C:\Users\arunm\.gradle\caches\modules-2\files-2.1\net.fabricmc.fabric-api\fabric-object-builder-api-v1\24.1.1+6fcd5f039e\90175252776d48f5c549835501e7fa227e68c4c8\fabric-object-builder-api-v1-24.1.1+6fcd5f039e.jar to classpath.
[23:38:57] [main/DEBUG] (FabricLoader/Knot) Adding C:\Users\arunm\.gradle\caches\modules-2\files-2.1\net.fabricmc.fabric-api\fabric-entity-events-v1\5.0.5+06488ac19e\5cbecb675b91d0ebfe2ef3f20339e1a2c76c435\fabric-entity-events-v1-5.0.5+06488ac19e.jar to classpath.
[23:38:57] [main/DEBUG] (FabricLoader/Knot) Adding C:\Users\arunm\.gradle\caches\modules-2\files-2.1\net.fabricmc.fabric-api\fabric-block-api-v1\3.1.0+53515aab9e\46cf7e7564fbbb13d099c3fe1b065561f14e268f\fabric-block-api-v1-3.1.0+53515aab9e.jar to classpath.
[23:38:57] [main/DEBUG] (FabricLoader/Knot) Adding C:\Users\arunm\.gradle\caches\modules-2\files-2.1\net.fabricmc.fabric-api\fabric-client-gametest-api-v1\6.0.2+0f4f1dca9e\f54e52e7af5a41fdcf6715f87d09282b2dc9b0f2\fabric-client-gametest-api-v1-6.0.2+0f4f1dca9e.jar to classpath.
[23:38:57] [main/DEBUG] (FabricLoader/Knot) Adding C:\Users\arunm\StudioProjects\Chunk-Preload\build\classes\java\main to classpath.
[23:38:57] [main/DEBUG] (FabricLoader/Knot) Adding C:\Users\arunm\StudioProjects\Chunk-Preload\build\resources\main to classpath.
[23:38:57] [main/DEBUG] (FabricLoader/Knot) Adding C:\Users\arunm\StudioProjects\Chunk-Preload\build\classes\java\client to classpath.
[23:38:57] [main/DEBUG] (FabricLoader/Knot) Adding C:\Users\arunm\StudioProjects\Chunk-Preload\build\resources\client to classpath.
[23:38:57] [main/DEBUG] (FabricLoader/Knot) Adding C:\Users\arunm\.gradle\caches\modules-2\files-2.1\net.fabricmc.fabric-api\fabric-rendering-fluids-v1\6.0.4+06488ac19e\9ded3bc73b5ff3c441075d0c8eca988aacce1f1f\fabric-rendering-fluids-v1-6.0.4+06488ac19e.jar to classpath.
[23:38:57] [main/DEBUG] (FabricLoader/Knot) Adding C:\Users\arunm\.gradle\caches\modules-2\files-2.1\net.fabricmc.fabric-api\fabric-resource-loader-v0\3.3.20+4fc5413f9e\c6551ab905383f3c8e046a403a78a25bebabaff0\fabric-resource-loader-v0-3.3.20+4fc5413f9e.jar to classpath.
[23:38:57] [main/DEBUG] (FabricLoader/Knot) Adding C:\Users\arunm\.gradle\caches\modules-2\files-2.1\net.fabricmc.fabric-api\fabric-events-interaction-v0\5.2.8+515ac5339e\98650380bb4e65a3deb6254e7c10a171eb907477\fabric-events-interaction-v0-5.2.8+515ac5339e.jar to classpath.
[23:38:57] [main/DEBUG] (FabricLoader/Knot) Adding C:\Users\arunm\.gradle\caches\modules-2\files-2.1\net.fabricmc.fabric-api\fabric-menu-api-v1\2.0.17+086d547a9e\2d35d55e2aa842d5eec1f9262a74074385c69cfb\fabric-menu-api-v1-2.0.17+086d547a9e.jar to classpath.
[23:38:57] [main/DEBUG] (FabricLoader/Knot) Adding C:\Users\arunm\.gradle\caches\modules-2\files-2.1\net.fabricmc.fabric-api\fabric-permission-api-v1\1.0.5+e442d8d09e\92197dd81a18322fd36b87de79bdaa8d2b4a1ba9\fabric-permission-api-v1-1.0.5+e442d8d09e.jar to classpath.
[23:38:57] [main/DEBUG] (FabricLoader/Knot) Adding C:\Users\arunm\.gradle\caches\modules-2\files-2.1\net.fabricmc.fabric-api\fabric-recipe-api-v1\9.0.22+11e1c9a39e\e756703eda39613f8d638521829b673c92276604\fabric-recipe-api-v1-9.0.22+11e1c9a39e.jar to classpath.
[23:38:57] [main/DEBUG] (FabricLoader/Knot) Adding C:\Users\arunm\.gradle\caches\modules-2\files-2.1\net.fabricmc.fabric-api\fabric-serialization-api-v1\2.0.4+11a26f319e\ebf77996be79909f639a7352689d851385a9cd2b\fabric-serialization-api-v1-2.0.4+11a26f319e.jar to classpath.
[23:38:57] [main/DEBUG] (FabricLoader/Knot) Adding C:\Users\arunm\.gradle\caches\modules-2\files-2.1\net.fabricmc.fabric-api\fabric-api\0.160.0+26.2\58e82722dee4a78235c4b5c06100ae433973f62e\fabric-api-0.160.0+26.2.jar to classpath.
[23:38:57] [main/DEBUG] (FabricLoader/Knot) Adding C:\Users\arunm\.gradle\caches\modules-2\files-2.1\net.fabricmc.fabric-api\fabric-key-mapping-api-v1\2.0.5+e2bdee789e\c86dc688a7e9caa7edca9973dc6abfe37c652135\fabric-key-mapping-api-v1-2.0.5+e2bdee789e.jar to classpath.
[23:38:57] [main/DEBUG] (FabricLoader/Knot) Adding C:\Users\arunm\.gradle\caches\modules-2\files-2.1\net.fabricmc.fabric-api\fabric-biome-api-v1\18.0.6+c7bd5b8e9e\414c89d2bc8ab64dce1763edc4dbe4619113a5b\fabric-biome-api-v1-18.0.6+c7bd5b8e9e.jar to classpath.
[23:38:57] [main/DEBUG] (FabricLoader/Knot) Adding C:\Users\arunm\.gradle\caches\modules-2\files-2.1\net.fabricmc.fabric-api\fabric-convention-tags-v2\4.7.1+1f023a9e9e\e465c608c60ceb105c4f5d792460f5de02d90135\fabric-convention-tags-v2-4.7.1+1f023a9e9e.jar to classpath.
[23:38:57] [main/DEBUG] (FabricLoader/Knot) Adding C:\Users\arunm\.gradle\caches\modules-2\files-2.1\net.fabricmc.fabric-api\fabric-transitive-access-wideners-v1\8.1.4+67c847259e\e1e769f8e123395ab939d5d8da900e6a6ad53ab2\fabric-transitive-access-wideners-v1-8.1.4+67c847259e.jar to classpath.
[23:38:57] [main/DEBUG] (FabricLoader/Knot) Adding C:\Users\arunm\.gradle\caches\modules-2\files-2.1\net.fabricmc.fabric-api\fabric-data-attachment-api-v1\2.2.19+515ac5339e\6ac7e37bdfaf6b9fc26be152d01daa0f95d799a2\fabric-data-attachment-api-v1-2.2.19+515ac5339e.jar to classpath.
[23:38:57] [main/DEBUG] (FabricLoader/Knot) Adding C:\Users\arunm\.gradle\caches\modules-2\files-2.1\net.fabricmc.fabric-api\fabric-debug-api-v1\1.0.2+c792624d9e\9f0581bb985edf22a0d812dbe67178bd2849286\fabric-debug-api-v1-1.0.2+c792624d9e.jar to classpath.
[23:38:57] [main/DEBUG] (FabricLoader/Knot) Adding C:\Users\arunm\.gradle\caches\modules-2\files-2.1\me.shedaniel.cloth\cloth-config-fabric\26.2.155\babcf16dbd15e09d326e21ffe85ab3f7d843ef9e\cloth-config-fabric-26.2.155.jar to classpath.
[23:38:57] [main/DEBUG] (FabricLoader/Knot) Adding C:\Users\arunm\.gradle\caches\modules-2\files-2.1\io.github.llamalad7\mixinextras-fabric\0.5.5\d1055b99c0ab08a8403fe2da3d79ca28e6340a76\mixinextras-fabric-0.5.5.jar to classpath.
[23:38:57] [main/DEBUG] (FabricLoader/Knot) Adding C:\Users\arunm\.gradle\caches\modules-2\files-2.1\net.fabricmc.fabric-api\fabric-game-rule-api-v1\4.0.8+46a6d00c9e\886816530fb79c925eb1bc6c34dd4d9d82e71d49\fabric-game-rule-api-v1-4.0.8+46a6d00c9e.jar to classpath.
[23:38:57] [main/DEBUG] (FabricLoader/Knot) Adding C:\Users\arunm\.gradle\caches\modules-2\files-2.1\net.fabricmc.fabric-api\fabric-renderer-indigo\9.1.4+2b0d8a229e\48cdf540bd670fe9333a74dd1570316180d10ab3\fabric-renderer-indigo-9.1.4+2b0d8a229e.jar to classpath.
[23:38:57] [main/DEBUG] (FabricLoader/Knot) Adding C:\Users\arunm\.gradle\caches\modules-2\files-2.1\net.fabricmc.fabric-api\fabric-sound-api-v1\2.0.5+11a26f319e\73e4e62924608e1d1581f192607857db096dafe7\fabric-sound-api-v1-2.0.5+11a26f319e.jar to classpath.
[23:38:57] [main/DEBUG] (FabricLoader/Knot) Adding C:\Users\arunm\.gradle\caches\modules-2\files-2.1\net.fabricmc.fabric-api\fabric-registry-sync-v0\7.1.1+c7bd5b8e9e\82c1ce3885265deb0c15970d4abadf0ae055a539\fabric-registry-sync-v0-7.1.1+c7bd5b8e9e.jar to classpath.
[23:38:57] [main/DEBUG] (FabricLoader/Knot) Adding C:\Users\arunm\.gradle\caches\modules-2\files-2.1\net.fabricmc.fabric-api\fabric-lifecycle-events-v1\4.1.4+29b6eb019e\54a508470dcea81513e39001b5c0bf9fae0f1d5\fabric-lifecycle-events-v1-4.1.4+29b6eb019e.jar to classpath.
[23:38:57] [main/DEBUG] (FabricLoader/Knot) Adding C:\Users\arunm\.gradle\caches\modules-2\files-2.1\net.fabricmc.fabric-api\fabric-model-loading-api-v1\8.0.17+c80601bb9e\b7b69be9cac7b63f853bd3c937c1b774c96a13fb\fabric-model-loading-api-v1-8.0.17+c80601bb9e.jar to classpath.
[23:38:57] [main/DEBUG] (FabricLoader/Knot) Adding C:\Users\arunm\.gradle\caches\modules-2\files-2.1\net.fabricmc.fabric-api\fabric-item-api-v1\14.5.0+c68f6cbe9e\c2d241b01e3c083637adb17c2c8ff798cb752d5a\fabric-item-api-v1-14.5.0+c68f6cbe9e.jar to classpath.
[23:38:57] [main/DEBUG] (FabricLoader/Knot) Adding C:\Users\arunm\.gradle\caches\modules-2\files-2.1\net.fabricmc.fabric-api\fabric-block-getter-api-v2\2.0.7+ec56b6019e\8204045ca262749761be09b144618e6c4133ebe1\fabric-block-getter-api-v2-2.0.7+ec56b6019e.jar to classpath.
[23:38:57] [main/DEBUG] (FabricLoader/Knot) Adding C:\Users\arunm\.gradle\caches\modules-2\files-2.1\net.fabricmc.fabric-api\fabric-command-api-v2\3.1.0+00cb03469e\b144d197307c39c1bc516c274d9460f0116131a3\fabric-command-api-v2-3.1.0+00cb03469e.jar to classpath.
[23:38:57] [main/DEBUG] (FabricLoader/Knot) Adding C:\Users\arunm\.gradle\caches\modules-2\files-2.1\net.fabricmc.fabric-api\fabric-tag-api-v1\2.1.4+515ac5339e\f66a24273cdcc2ce424bf8c69cdc9cf48bdcb328\fabric-tag-api-v1-2.1.4+515ac5339e.jar to classpath.
[23:38:57] [main/DEBUG] (FabricLoader/Knot) Adding C:\Users\arunm\.gradle\caches\modules-2\files-2.1\net.fabricmc.fabric-api\fabric-transfer-api-v1\8.0.13+11dbb7d79e\10f39a4b46043bc724c7ea3b93bcc0243e592abb\fabric-transfer-api-v1-8.0.13+11dbb7d79e.jar to classpath.
[23:38:57] [main/DEBUG] (FabricLoader/Knot) Adding C:\Users\arunm\.gradle\caches\modules-2\files-2.1\net.fabricmc.fabric-api\fabric-resource-conditions-api-v1\6.1.0+10e9a28b9e\bfe91afa0e7712974b318ed7e274b493b038a596\fabric-resource-conditions-api-v1-6.1.0+10e9a28b9e.jar to classpath.
[23:38:57] [main/DEBUG] (FabricLoader/Knot) Adding C:\Users\arunm\.gradle\caches\modules-2\files-2.1\me.shedaniel.cloth\basic-math\0.6.1\2ddd64b22126332794a5754ff9b942e17fb44c39\basic-math-0.6.1.jar to classpath.
[23:38:57] [main/DEBUG] (FabricLoader/Knot) Adding C:\Users\arunm\.gradle\caches\modules-2\files-2.1\net.fabricmc.fabric-api\fabric-crash-report-info-v1\1.0.5+086d547a9e\119f48a9a648d86c89fe21444176d0032449d95c\fabric-crash-report-info-v1-1.0.5+086d547a9e.jar to classpath.
[23:38:57] [main/DEBUG] (FabricLoader/Knot) Adding C:\Users\arunm\.gradle\caches\modules-2\files-2.1\net.fabricmc.fabric-api\fabric-api-lookup-api-v1\2.0.18+11e1c9a39e\31fc094d5f4d878ed12bba2e5e8cdb42b26d83ae\fabric-api-lookup-api-v1-2.0.18+11e1c9a39e.jar to classpath.
[23:38:57] [main/DEBUG] (FabricLoader/Knot) Adding C:\Users\arunm\.gradle\caches\modules-2\files-2.1\net.fabricmc.fabric-api\fabric-api-base\2.0.4+ece063239e\e766f3698b7bab8b1e13683040f8648fab511ca3\fabric-api-base-2.0.4+ece063239e.jar to classpath.
[23:38:57] [main/DEBUG] (FabricLoader/Knot) Adding C:\Users\arunm\.gradle\caches\modules-2\files-2.1\net.fabricmc.fabric-api\fabric-message-api-v1\7.0.8+bb2ed3f79e\106dc9ed22970076aaa39cd257b69705d136dd05\fabric-message-api-v1-7.0.8+bb2ed3f79e.jar to classpath.
[23:38:57] [main/DEBUG] (FabricLoader/Knot) Adding C:\Users\arunm\.gradle\caches\modules-2\files-2.1\net.fabricmc.fabric-api\fabric-renderer-api-v1\14.1.4+2b0d8a229e\f6a6d234cc1073ffb871150d548d2164f8bc8d0b\fabric-renderer-api-v1-14.1.4+2b0d8a229e.jar to classpath.
[23:38:57] [main/DEBUG] (FabricLoader/Knot) Adding C:\Users\arunm\.gradle\caches\modules-2\files-2.1\net.fabricmc.fabric-api\fabric-screen-api-v1\5.2.1+5087f8249e\ef9ad9a09f392eff05957c24c71e4da6797bb8d9\fabric-screen-api-v1-5.2.1+5087f8249e.jar to classpath.
[23:38:57] [main/DEBUG] (FabricLoader/Knot) Adding C:\Users\arunm\.gradle\caches\modules-2\files-2.1\net.fabricmc.fabric-api\fabric-resource-loader-v1\2.0.13+9edec1269e\db19bb66f069d7ed3dde41eb7e1f9ff3122c15a4\fabric-resource-loader-v1-2.0.13+9edec1269e.jar to classpath.
[23:38:57] [main/DEBUG] (FabricLoader/Knot) Adding C:\Users\arunm\.gradle\caches\modules-2\files-2.1\net.fabricmc.fabric-api\fabric-data-generation-api-v1\25.6.0+c0da0b829e\6b314081c5999c2094b6a92323c055d59bf7e639\fabric-data-generation-api-v1-25.6.0+c0da0b829e.jar to classpath.
[23:38:57] [main/DEBUG] (FabricLoader/Knot) Adding C:\Users\arunm\.gradle\caches\modules-2\files-2.1\net.fabricmc.fabric-api\fabric-content-registries-v0\11.3.2+37b1aa249e\6f664a04bd603be3564b614caafa898e2fc9c67c\fabric-content-registries-v0-11.3.2+37b1aa249e.jar to classpath.
[23:38:57] [main/DEBUG] (FabricLoader/Knot) Adding C:\Users\arunm\.gradle\caches\modules-2\files-2.1\net.fabricmc.fabric-api\fabric-particles-v1\5.0.19+d1756aa99e\f6290d6511388b78455e2186d980553879343172\fabric-particles-v1-5.0.19+d1756aa99e.jar to classpath.
[23:38:57] [main/DEBUG] (FabricLoader/Knot) Adding C:\Users\arunm\.gradle\caches\modules-2\files-2.1\net.fabricmc.fabric-api\fabric-rendering-v1\25.3.3+515ac5339e\b970a6d778b9867d6ea13d5437193f1e86a19c55\fabric-rendering-v1-25.3.3+515ac5339e.jar to classpath.
[23:38:57] [main/DEBUG] (FabricLoader/Knot) Adding C:\Users\arunm\.gradle\caches\modules-2\files-2.1\net.fabricmc.fabric-api\fabric-gametest-api-v1\4.0.22+4a7fa0819e\3fb91749fe4f238518d2980fdc18454016949190\fabric-gametest-api-v1-4.0.22+4a7fa0819e.jar to classpath.
[23:38:57] [main/DEBUG] (FabricLoader/Knot) Adding C:\Users\arunm\.gradle\caches\modules-2\files-2.1\net.fabricmc.fabric-api\fabric-creative-tab-api-v1\5.0.15+6468574f9e\b8896143a3467ad9eeff3bda41fb787bc080019e\fabric-creative-tab-api-v1-5.0.15+6468574f9e.jar to classpath.
[23:38:57] [main/DEBUG] (FabricLoader/Knot) Adding C:\Users\arunm\.gradle\caches\modules-2\files-2.1\net.fabricmc.fabric-api\fabric-networking-api-v1\6.3.4+2989c6a09e\608860809ec66fd65ca764c4157e96030f330537\fabric-networking-api-v1-6.3.4+2989c6a09e.jar to classpath.
[23:38:57] [main/DEBUG] (FabricLoader/Knot) Adding C:\Users\arunm\.gradle\caches\modules-2\files-2.1\net.fabricmc.fabric-api\fabric-dimensions-v1\5.1.12+515ac5339e\b9d60e3ceee08f0fbc6f19fe8264c82c5fc2d122\fabric-dimensions-v1-5.1.12+515ac5339e.jar to classpath.
[23:38:57] [main/DEBUG] (FabricLoader/Knot) Adding C:\Users\arunm\.gradle\caches\modules-2\files-2.1\net.fabricmc.fabric-api\fabric-loot-api-v3\3.0.17+06488ac19e\964f3985687b491093db6b9ff87b35106112b74d\fabric-loot-api-v3-3.0.17+06488ac19e.jar to classpath.
[23:38:57] [main/DEBUG] (FabricLoader/Entrypoint) Registering new-style initializer net.fabricmc.fabric.impl.client.gametest.FabricClientGameTestImpl for mod fabric-client-gametest-api-v1 (key client)
[23:38:57] [main/DEBUG] (FabricLoader/Entrypoint) Registering new-style initializer com.example.chunkpreload.ChunkPreloadModMenu for mod chunkpreload (key modmenu)
[23:38:57] [main/DEBUG] (FabricLoader/Entrypoint) Registering new-style initializer com.example.chunkpreload.ChunkPreloadClient for mod chunkpreload (key client)
[23:38:57] [main/DEBUG] (FabricLoader/Entrypoint) Registering new-style initializer com.example.chunkpreload.ChunkPreloadMod for mod chunkpreload (key main)
[23:38:57] [main/DEBUG] (FabricLoader/Entrypoint) Registering new-style initializer net.fabricmc.fabric.impl.event.interaction.InteractionEventsRouter for mod fabric-events-interaction-v0 (key main)
[23:38:57] [main/DEBUG] (FabricLoader/Entrypoint) Registering new-style initializer net.fabricmc.fabric.impl.menu.client.ClientNetworking for mod fabric-menu-api-v1 (key client)
[23:38:57] [main/DEBUG] (FabricLoader/Entrypoint) Registering new-style initializer net.fabricmc.fabric.impl.menu.Networking for mod fabric-menu-api-v1 (key main)
[23:38:57] [main/DEBUG] (FabricLoader/Entrypoint) Registering new-style initializer net.fabricmc.fabric.impl.recipe.ingredient.client.CustomIngredientSyncClient for mod fabric-recipe-api-v1 (key client)
[23:38:57] [main/DEBUG] (FabricLoader/Entrypoint) Registering new-style initializer net.fabricmc.fabric.impl.recipe.sync.client.RecipeSyncImplClient for mod fabric-recipe-api-v1 (key client)
[23:38:57] [main/DEBUG] (FabricLoader/Entrypoint) Registering new-style initializer net.fabricmc.fabric.impl.recipe.ingredient.CustomIngredientInit for mod fabric-recipe-api-v1 (key main)
[23:38:57] [main/DEBUG] (FabricLoader/Entrypoint) Registering new-style initializer net.fabricmc.fabric.impl.recipe.ingredient.CustomIngredientSync for mod fabric-recipe-api-v1 (key main)
[23:38:57] [main/DEBUG] (FabricLoader/Entrypoint) Registering new-style initializer net.fabricmc.fabric.impl.recipe.sync.RecipeSyncImpl for mod fabric-recipe-api-v1 (key main)
[23:38:57] [main/DEBUG] (FabricLoader/Entrypoint) Registering new-style initializer net.fabricmc.fabric.impl.tag.convention.v2.TranslationConventionLogWarnings for mod fabric-convention-tags-v2 (key main)
[23:38:57] [main/DEBUG] (FabricLoader/Entrypoint) Registering new-style initializer net.fabricmc.fabric.impl.attachment.client.AttachmentSyncClient for mod fabric-data-attachment-api-v1 (key client)
[23:38:57] [main/DEBUG] (FabricLoader/Entrypoint) Registering new-style initializer net.fabricmc.fabric.impl.attachment.AttachmentEntrypoint for mod fabric-data-attachment-api-v1 (key main)
[23:38:57] [main/DEBUG] (FabricLoader/Entrypoint) Registering new-style initializer net.fabricmc.fabric.impl.attachment.sync.AttachmentSync for mod fabric-data-attachment-api-v1 (key main)
[23:38:57] [main/DEBUG] (FabricLoader/Entrypoint) Registering new-style initializer me.shedaniel.clothconfig2.fabric.ClothConfigModMenuDemo for mod cloth-config (key modmenu)
[23:38:57] [main/DEBUG] (FabricLoader/Entrypoint) Registering new-style initializer me.shedaniel.autoconfig.example.ExampleInits::exampleCommonInit for mod cloth-config (key client)
[23:38:57] [main/DEBUG] (FabricLoader/Entrypoint) Registering new-style initializer net.fabricmc.fabric.impl.client.indigo.Indigo for mod fabric-renderer-indigo (key client)
[23:38:57] [main/DEBUG] (FabricLoader/Entrypoint) Registering new-style initializer net.fabricmc.fabric.impl.client.registry.sync.FabricRegistryClientInit for mod fabric-registry-sync-v0 (key client)
[23:38:57] [main/DEBUG] (FabricLoader/Entrypoint) Registering new-style initializer net.fabricmc.fabric.impl.registry.sync.FabricRegistryInit for mod fabric-registry-sync-v0 (key main)
[23:38:57] [main/DEBUG] (FabricLoader/Entrypoint) Registering new-style initializer net.fabricmc.fabric.impl.client.event.lifecycle.ClientLifecycleEventsImpl for mod fabric-lifecycle-events-v1 (key client)
[23:38:57] [main/DEBUG] (FabricLoader/Entrypoint) Registering new-style initializer net.fabricmc.fabric.impl.event.lifecycle.LifecycleEventsImpl for mod fabric-lifecycle-events-v1 (key main)
[23:38:57] [main/DEBUG] (FabricLoader/Entrypoint) Registering new-style initializer net.fabricmc.fabric.impl.client.model.loading.CustomUnbakedBlockStateModelInit for mod fabric-model-loading-api-v1 (key client)
[23:38:57] [main/DEBUG] (FabricLoader/Entrypoint) Registering new-style initializer net.fabricmc.fabric.impl.tag.TagInit for mod fabric-tag-api-v1 (key main)
[23:38:57] [main/DEBUG] (FabricLoader/Entrypoint) Registering new-style initializer net.fabricmc.fabric.impl.resource.conditions.ResourceConditionsImpl for mod fabric-resource-conditions-api-v1 (key main)
[23:38:57] [main/DEBUG] (FabricLoader/Entrypoint) Registering new-style initializer net.fabricmc.fabric.impl.lookup.ApiLookupImpl for mod fabric-api-lookup-api-v1 (key main)
[23:38:57] [main/DEBUG] (FabricLoader/Entrypoint) Registering new-style initializer net.fabricmc.fabric.impl.client.renderer.DebugOverlayClient for mod fabric-renderer-api-v1 (key client)
[23:38:57] [main/DEBUG] (FabricLoader/Entrypoint) Registering new-style initializer net.fabricmc.fabric.impl.client.particle.ExtendedBlockParticleOptionSyncClient for mod fabric-particles-v1 (key client)
[23:38:57] [main/DEBUG] (FabricLoader/Entrypoint) Registering new-style initializer net.fabricmc.fabric.impl.particle.ExtendedBlockParticleOptionSync for mod fabric-particles-v1 (key main)
[23:38:57] [main/DEBUG] (FabricLoader/Entrypoint) Registering new-style initializer net.fabricmc.fabric.impl.client.rendering.hud.HudStatusBarHeightRegistryImpl for mod fabric-rendering-v1 (key client)
[23:38:57] [main/DEBUG] (FabricLoader/Entrypoint) Registering new-style initializer net.fabricmc.fabric.impl.gametest.FabricGameTestModInitializer for mod fabric-gametest-api-v1 (key main)
[23:38:57] [main/DEBUG] (FabricLoader/Entrypoint) Registering new-style initializer net.fabricmc.fabric.impl.networking.client.ClientNetworkingImpl::clientInit for mod fabric-networking-api-v1 (key client)
[23:38:57] [main/DEBUG] (FabricLoader/Entrypoint) Registering new-style initializer net.fabricmc.fabric.impl.networking.CommonPacketsImpl::init for mod fabric-networking-api-v1 (key main)
[23:38:57] [main/DEBUG] (FabricLoader/Entrypoint) Registering new-style initializer net.fabricmc.fabric.impl.networking.NetworkingImpl::init for mod fabric-networking-api-v1 (key main)
[23:38:57] [main/DEBUG] (FabricLoader/Entrypoint) Registering new-style initializer net.fabricmc.fabric.impl.dimension.DimensionModificationImpl for mod fabric-dimensions-v1 (key main)
[23:38:57] [main/INFO] (FabricLoader/Mixin) SpongePowered MIXIN Subsystem Version=0.8.7 Source=file:/C:/Users/arunm/.gradle/caches/modules-2/files-2.1/net.fabricmc/sponge-mixin/0.17.4+mixin.0.8.7/5f66cc9f59b8efaa942155a3d5a30599bf6640dd/sponge-mixin-0.17.4+mixin.0.8.7.jar Service=Knot/Fabric Env=CLIENT
[23:38:57] [main/DEBUG] (FabricLoader/Mixin) Initialising Mixin Platform Manager
[23:38:57] [main/DEBUG] (FabricLoader/Mixin) Adding mixin platform agents for container ContainerHandleURI(file:///C:/Users/arunm/.gradle/caches/modules-2/files-2.1/net.fabricmc/fabric-loader/0.19.5/ff9e65cffca4a67f31523e1807fe0855940fcbfa/fabric-loader-0.19.5.jar)
[23:38:57] [main/DEBUG] (FabricLoader/Mixin) Instancing new MixinPlatformAgentDefault for ContainerHandleURI(file:///C:/Users/arunm/.gradle/caches/modules-2/files-2.1/net.fabricmc/fabric-loader/0.19.5/ff9e65cffca4a67f31523e1807fe0855940fcbfa/fabric-loader-0.19.5.jar)
[23:38:57] [main/DEBUG] (FabricLoader/Mixin) MixinPlatformAgentDefault accepted container ContainerHandleURI(file:///C:/Users/arunm/.gradle/caches/modules-2/files-2.1/net.fabricmc/fabric-loader/0.19.5/ff9e65cffca4a67f31523e1807fe0855940fcbfa/fabric-loader-0.19.5.jar)
[23:38:57] [main/DEBUG] (FabricLoader/Mixin) Instancing new MixinPlatformAgentDefault for ContainerHandleURI(file:///C:/Users/arunm/.gradle/caches/modules-2/files-2.1/net.fabricmc/fabric-loader/0.19.5/ff9e65cffca4a67f31523e1807fe0855940fcbfa/fabric-loader-0.19.5.jar)
[23:38:57] [main/DEBUG] (FabricLoader/Mixin) MixinPlatformAgentDefault accepted container ContainerHandleURI(file:///C:/Users/arunm/.gradle/caches/modules-2/files-2.1/net.fabricmc/fabric-loader/0.19.5/ff9e65cffca4a67f31523e1807fe0855940fcbfa/fabric-loader-0.19.5.jar)
[23:38:57] [main/DEBUG] (FabricLoader/Mixin) Processing prepare() for PlatformAgent[MixinPlatformAgentDefault:ContainerHandleURI(file:///C:/Users/arunm/.gradle/caches/modules-2/files-2.1/net.fabricmc/fabric-loader/0.19.5/ff9e65cffca4a67f31523e1807fe0855940fcbfa/fabric-loader-0.19.5.jar)]
[23:38:57] [main/DEBUG] (FabricLoader/Mixin) Processing prepare() for PlatformAgent[MixinPlatformAgentDefault:ContainerHandleURI(file:///C:/Users/arunm/.gradle/caches/modules-2/files-2.1/net.fabricmc/fabric-loader/0.19.5/ff9e65cffca4a67f31523e1807fe0855940fcbfa/fabric-loader-0.19.5.jar)]
[23:38:57] [main/DEBUG] (FabricLoader/Mixin) Compatibility level JAVA_25 specified by fabric-object-builder-v1.mixins.json is higher than the maximum level supported by this version of mixin (JAVA_13).
[23:38:57] [main/DEBUG] (FabricLoader/Mixin) Compatibility level set to JAVA_25
[23:38:57] [main/DEBUG] (FabricLoader/Mixin) Mixin config fabric-object-builder-v1.mixins.json does not specify "minVersion" or "requiredFeatures" property
[23:38:57] [main/DEBUG] (FabricLoader/Mixin) Mixin config fabric-object-builder-v1.client.mixins.json does not specify "minVersion" or "requiredFeatures" property
[23:38:57] [main/DEBUG] (FabricLoader/Mixin) Mixin config fabric-entity-events-v1.mixins.json does not specify "minVersion" or "requiredFeatures" property
[23:38:57] [main/DEBUG] (FabricLoader/Mixin) Mixin config fabric-block-api-v1.mixins.json does not specify "minVersion" or "requiredFeatures" property
[23:38:57] [main/DEBUG] (FabricLoader/Mixin) Mixin config fabric-client-gametest-api-v1.mixins.json does not specify "minVersion" or "requiredFeatures" property
[23:38:57] [main/DEBUG] (FabricLoader/Mixin) Mixin config fabric-rendering-fluids-v1.mixins.json does not specify "minVersion" or "requiredFeatures" property
[23:38:57] [main/DEBUG] (FabricLoader/Mixin) Mixin config fabric-events-interaction-v0.mixins.json does not specify "minVersion" or "requiredFeatures" property
[23:38:57] [main/DEBUG] (FabricLoader/Mixin) Mixin config fabric-events-interaction-v0.client.mixins.json does not specify "minVersion" or "requiredFeatures" property
[23:38:57] [main/DEBUG] (FabricLoader/Mixin) Mixin config fabric-menu-api-v1.mixins.json does not specify "minVersion" or "requiredFeatures" property
[23:38:57] [main/DEBUG] (FabricLoader/Mixin) Mixin config fabric-permission-api-v1.mixins.json does not specify "minVersion" or "requiredFeatures" property
[23:38:57] [main/DEBUG] (FabricLoader/Mixin) Mixin config fabric-recipe-api-v1.mixins.json does not specify "minVersion" or "requiredFeatures" property
[23:38:57] [main/DEBUG] (FabricLoader/Mixin) Mixin config fabric-recipe-api-v1.client.mixins.json does not specify "minVersion" or "requiredFeatures" property
[23:38:57] [main/DEBUG] (FabricLoader/Mixin) Mixin config fabric-serialization-api-v1.mixins.json does not specify "minVersion" or "requiredFeatures" property
[23:38:57] [main/DEBUG] (FabricLoader/Mixin) Mixin config fabric-key-mapping-api-v1.mixins.json does not specify "minVersion" or "requiredFeatures" property
[23:38:57] [main/DEBUG] (FabricLoader/Mixin) Mixin config fabric-biome-api-v1.mixins.json does not specify "minVersion" or "requiredFeatures" property
[23:38:57] [main/DEBUG] (FabricLoader/Mixin) Mixin config fabric-convention-tags-api-v2.mixins.json does not specify "minVersion" or "requiredFeatures" property
[23:38:57] [main/DEBUG] (FabricLoader/Mixin) Mixin config fabric-data-attachment-api-v1.mixins.json does not specify "minVersion" or "requiredFeatures" property
[23:38:57] [main/DEBUG] (FabricLoader/Mixin) Mixin config fabric-data-attachment-api-v1.client.mixins.json does not specify "minVersion" or "requiredFeatures" property
[23:38:57] [main/DEBUG] (FabricLoader/Mixin) Mixin config fabric-debug-api-v1.mixins.json does not specify "minVersion" or "requiredFeatures" property
[23:38:57] [main/DEBUG] (FabricLoader/Mixin) Mixin config fabric-debug-api-v1.client.mixins.json does not specify "minVersion" or "requiredFeatures" property
[23:38:57] [main/DEBUG] (FabricLoader/Mixin) Mixin config fabric-game-rule-api-v1.mixins.json does not specify "minVersion" or "requiredFeatures" property
[23:38:57] [main/DEBUG] (FabricLoader/Mixin) Mixin config fabric-game-rule-api-v1.client.mixins.json does not specify "minVersion" or "requiredFeatures" property
[23:38:57] [main/DEBUG] (FabricLoader/Mixin) Mixin config fabric-renderer-indigo.mixins.json does not specify "minVersion" or "requiredFeatures" property
[23:38:57] [main/DEBUG] (FabricLoader/Mixin) Mixin config fabric-sound-api-v1.mixins.json does not specify "minVersion" or "requiredFeatures" property
[23:38:57] [main/DEBUG] (FabricLoader/Mixin) Mixin config fabric-registry-sync-v0.mixins.json does not specify "minVersion" or "requiredFeatures" property
[23:38:57] [main/DEBUG] (FabricLoader/Mixin) Mixin config fabric-registry-sync-v0.client.mixins.json does not specify "minVersion" or "requiredFeatures" property
[23:38:57] [main/DEBUG] (FabricLoader/Mixin) Mixin config fabric-lifecycle-events-v1.mixins.json does not specify "minVersion" or "requiredFeatures" property
[23:38:57] [main/DEBUG] (FabricLoader/Mixin) Mixin config fabric-lifecycle-events-v1.client.mixins.json does not specify "minVersion" or "requiredFeatures" property
[23:38:57] [main/DEBUG] (FabricLoader/Mixin) Mixin config fabric-model-loading-api-v1.mixins.json does not specify "minVersion" or "requiredFeatures" property
[23:38:57] [main/DEBUG] (FabricLoader/Mixin) Mixin config fabric-item-api-v1.mixins.json does not specify "minVersion" or "requiredFeatures" property
[23:38:57] [main/DEBUG] (FabricLoader/Mixin) Mixin config fabric-item-api-v1.client.mixins.json does not specify "minVersion" or "requiredFeatures" property
[23:38:57] [main/DEBUG] (FabricLoader/Mixin) Mixin config fabric-block-getter-api-v2.mixins.json does not specify "minVersion" or "requiredFeatures" property
[23:38:57] [main/DEBUG] (FabricLoader/Mixin) Mixin config fabric-block-getter-api-v2.client.mixins.json does not specify "minVersion" or "requiredFeatures" property
[23:38:57] [main/DEBUG] (FabricLoader/Mixin) Mixin config fabric-command-api-v2.mixins.json does not specify "minVersion" or "requiredFeatures" property
[23:38:57] [main/DEBUG] (FabricLoader/Mixin) Mixin config fabric-command-api-v2.client.mixins.json does not specify "minVersion" or "requiredFeatures" property
[23:38:57] [main/DEBUG] (FabricLoader/Mixin) Mixin config fabric-tag-api-v1.mixins.json does not specify "minVersion" or "requiredFeatures" property
[23:38:57] [main/DEBUG] (FabricLoader/Mixin) Mixin config fabric-transfer-api-v1.mixins.json does not specify "minVersion" or "requiredFeatures" property
[23:38:57] [main/DEBUG] (FabricLoader/Mixin) Mixin config fabric-resource-conditions-api-v1.mixins.json does not specify "minVersion" or "requiredFeatures" property
[23:38:57] [main/DEBUG] (FabricLoader/Mixin) Mixin config fabric-crash-report-info-v1.mixins.json does not specify "minVersion" or "requiredFeatures" property
[23:38:57] [main/DEBUG] (FabricLoader/Mixin) Mixin config fabric-api-lookup-api-v1.mixins.json does not specify "minVersion" or "requiredFeatures" property
[23:38:57] [main/DEBUG] (FabricLoader/Mixin) Mixin config fabric-message-api-v1.mixins.json does not specify "minVersion" or "requiredFeatures" property
[23:38:57] [main/DEBUG] (FabricLoader/Mixin) Mixin config fabric-message-api-v1.client.mixins.json does not specify "minVersion" or "requiredFeatures" property
[23:38:57] [main/DEBUG] (FabricLoader/Mixin) Mixin config fabric-renderer-api-v1.mixins.json does not specify "minVersion" or "requiredFeatures" property
[23:38:57] [main/DEBUG] (FabricLoader/Mixin) Mixin config fabric-screen-api-v1.mixins.json does not specify "minVersion" or "requiredFeatures" property
[23:38:57] [main/DEBUG] (FabricLoader/Mixin) Mixin config fabric-resource-loader-v1.mixins.json does not specify "minVersion" or "requiredFeatures" property
[23:38:57] [main/DEBUG] (FabricLoader/Mixin) Mixin config fabric-resource-loader-v1.client.mixins.json does not specify "minVersion" or "requiredFeatures" property
[23:38:57] [main/DEBUG] (FabricLoader/Mixin) Mixin config fabric-data-generation-api-v1.mixins.json does not specify "minVersion" or "requiredFeatures" property
[23:38:57] [main/DEBUG] (FabricLoader/Mixin) Mixin config fabric-data-generation-api-v1.client.mixins.json does not specify "minVersion" or "requiredFeatures" property
[23:38:57] [main/DEBUG] (FabricLoader/Mixin) Mixin config fabric-content-registries-v0.mixins.json does not specify "minVersion" or "requiredFeatures" property
[23:38:57] [main/DEBUG] (FabricLoader/Mixin) Mixin config fabric-content-registries-v0.client.mixins.json does not specify "minVersion" or "requiredFeatures" property
[23:38:57] [main/DEBUG] (FabricLoader/Mixin) Mixin config fabric-particles-v1.mixins.json does not specify "minVersion" or "requiredFeatures" property
[23:38:57] [main/DEBUG] (FabricLoader/Mixin) Mixin config fabric-particles-v1.client.mixins.json does not specify "minVersion" or "requiredFeatures" property
[23:38:57] [main/DEBUG] (FabricLoader/Mixin) Mixin config fabric-rendering-v1.mixins.json does not specify "minVersion" or "requiredFeatures" property
[23:38:57] [main/DEBUG] (FabricLoader/Mixin) Mixin config fabric-gametest-api-v1.mixins.json does not specify "minVersion" or "requiredFeatures" property
[23:38:57] [main/DEBUG] (FabricLoader/Mixin) Mixin config fabric-creative-tab-api-v1.mixins.json does not specify "minVersion" or "requiredFeatures" property
[23:38:57] [main/DEBUG] (FabricLoader/Mixin) Mixin config fabric-creative-tab-api-v1.client.mixins.json does not specify "minVersion" or "requiredFeatures" property
[23:38:57] [main/DEBUG] (FabricLoader/Mixin) Mixin config fabric-networking-api-v1.mixins.json does not specify "minVersion" or "requiredFeatures" property
[23:38:57] [main/DEBUG] (FabricLoader/Mixin) Mixin config fabric-networking-api-v1.client.mixins.json does not specify "minVersion" or "requiredFeatures" property
[23:38:57] [main/DEBUG] (FabricLoader/Mixin) Mixin config fabric-dimensions-v1.mixins.json does not specify "minVersion" or "requiredFeatures" property
[23:38:57] [main/DEBUG] (FabricLoader/Mixin) Mixin config fabric-loot-api-v3.mixins.json does not specify "minVersion" or "requiredFeatures" property
[23:38:57] [main/DEBUG] (FabricLoader/Knot) Adding C:\Users\arunm\StudioProjects\Chunk-Preload\.gradle\loom-cache\minecraftMaven\net\minecraft\minecraft-clientOnly-bfb32e66d2\26.2\minecraft-clientOnly-bfb32e66d2-26.2.jar to classpath.
[23:38:57] [main/DEBUG] (FabricLoader/Knot) Adding C:\Users\arunm\StudioProjects\Chunk-Preload\.gradle\loom-cache\minecraftMaven\net\minecraft\minecraft-common-bfb32e66d2\26.2\minecraft-common-bfb32e66d2-26.2.jar to classpath.
[23:38:57] [main/DEBUG] (FabricLoader/Knot) Adding C:\Users\arunm\StudioProjects\Chunk-Preload\build\classes\java\client to classpath.
[23:38:57] [main/DEBUG] (FabricLoader/Knot) Adding C:\Users\arunm\StudioProjects\Chunk-Preload\build\resources\client to classpath.
[23:38:57] [main/DEBUG] (FabricLoader/Knot) Adding C:\Users\arunm\.gradle\caches\modules-2\files-2.1\me.shedaniel.cloth\cloth-config-fabric\26.2.155\babcf16dbd15e09d326e21ffe85ab3f7d843ef9e\cloth-config-fabric-26.2.155.jar to classpath.
[23:38:57] [main/DEBUG] (FabricLoader/Knot) Adding C:\Users\arunm\.gradle\caches\modules-2\files-2.1\net.fabricmc.fabric-api\fabric-api\0.160.0+26.2\58e82722dee4a78235c4b5c06100ae433973f62e\fabric-api-0.160.0+26.2.jar to classpath.
[23:38:57] [main/DEBUG] (FabricLoader/Knot) Adding C:\Users\arunm\.gradle\caches\modules-2\files-2.1\io.github.llamalad7\mixinextras-fabric\0.5.5\d1055b99c0ab08a8403fe2da3d79ca28e6340a76\mixinextras-fabric-0.5.5.jar to classpath.
[23:38:57] [main/DEBUG] (FabricLoader/Knot) Adding C:\Users\arunm\.gradle\caches\modules-2\files-2.1\net.fabricmc\dev-launch-injector\0.2.1+build.8\da8bef7e6e2f952da707f282bdb46882a0fce5e3\dev-launch-injector-0.2.1+build.8.jar to classpath.
[23:38:57] [main/DEBUG] (FabricLoader/Knot) Adding C:\Users\arunm\.gradle\caches\modules-2\files-2.1\at.yawk.lz4\lz4-java\1.10.1\f541d7f910fe3d76f38f799c507c48cc81b12ecb\lz4-java-1.10.1.jar to classpath.
[23:38:57] [main/DEBUG] (FabricLoader/Knot) Adding C:\Users\arunm\.gradle\caches\modules-2\files-2.1\com.azure\azure-json\1.4.0\fcc1d354dbc3e0300e5276b1bf124d0247799cd8\azure-json-1.4.0.jar to classpath.
[23:38:57] [main/DEBUG] (FabricLoader/Knot) Adding C:\Users\arunm\.gradle\caches\modules-2\files-2.1\com.github.oshi\oshi-core\6.9.0\3224870731860cfcd7744581a05b559e94291e7\oshi-core-6.9.0.jar to classpath.
[23:38:57] [main/DEBUG] (FabricLoader/Knot) Adding C:\Users\arunm\.gradle\caches\modules-2\files-2.1\com.moandjiezana.toml\toml4j\0.7.2\a03337911d0bd2c40932aca3946edb30d0e7d0c\toml4j-0.7.2.jar to classpath.
[23:38:57] [main/DEBUG] (FabricLoader/Knot) Adding C:\Users\arunm\.gradle\caches\modules-2\files-2.1\com.google.guava\failureaccess\1.0.3\aeaffd00d57023a2c947393ed251f0354f0985fc\failureaccess-1.0.3.jar to classpath.
[23:38:57] [main/DEBUG] (FabricLoader/Knot) Adding C:\Users\arunm\.gradle\caches\modules-2\files-2.1\com.google.guava\guava\33.6.0-jre\c376b13067cc99a5774403530953f7b05a91e218\guava-33.6.0-jre.jar to classpath.
[23:38:57] [main/DEBUG] (FabricLoader/Knot) Adding C:\Users\arunm\.gradle\caches\modules-2\files-2.1\com.ibm.icu\icu4j\78.3\6a851a53bb1f25689fc418dcc8935b0d93580adf\icu4j-78.3.jar to classpath.
[23:38:57] [main/DEBUG] (FabricLoader/Knot) Adding C:\Users\arunm\.gradle\caches\modules-2\files-2.1\com.microsoft.azure\msal4j\1.24.1\c233f2d047b9755f7041adf21a858c680e4c9242\msal4j-1.24.1.jar to classpath.
[23:38:57] [main/DEBUG] (FabricLoader/Knot) Adding C:\Users\arunm\.gradle\caches\modules-2\files-2.1\com.mojang\blocklist\1.0.10\5c685c5ffa94c4cd39496c7184c1d122e515ecef\blocklist-1.0.10.jar to classpath.
[23:38:57] [main/DEBUG] (FabricLoader/Knot) Adding C:\Users\arunm\.gradle\caches\modules-2\files-2.1\com.mojang\brigadier\1.3.10\d15b53a14cf20fdcaa98f731af5dda654452c010\brigadier-1.3.10.jar to classpath.
[23:38:57] [main/DEBUG] (FabricLoader/Knot) Adding C:\Users\arunm\.gradle\caches\modules-2\files-2.1\com.mojang\datafixerupper\10.0.21\b6b2ae770c02e0c1eb90f9985b151e9085a38d0b\datafixerupper-10.0.21.jar to classpath.
[23:38:57] [main/DEBUG] (FabricLoader/Knot) Adding C:\Users\arunm\.gradle\caches\modules-2\files-2.1\com.mojang\jtracy\1.0.37\a3fb649b2e2b2288d2978f0b0bc3d83f62809d1e\jtracy-1.0.37.jar to classpath.
[23:38:57] [main/DEBUG] (FabricLoader/Knot) Adding C:\Users\arunm\.gradle\caches\modules-2\files-2.1\com.mojang\jtracy\1.0.37\6ff6d710fd4ffd470f2799653fab57e27fed0c9d\jtracy-1.0.37-natives-windows.jar to classpath.
[23:38:57] [main/DEBUG] (FabricLoader/Knot) Adding C:\Users\arunm\.gradle\caches\modules-2\files-2.1\com.mojang\patchy\2.2.10\da05971b07cbb379d002cf7eaec6a2048211fefc\patchy-2.2.10.jar to classpath.
[23:38:57] [main/DEBUG] (FabricLoader/Knot) Adding C:\Users\arunm\.gradle\caches\modules-2\files-2.1\com.mojang\text2speech\1.19.12\2e517a75c79d34d32de2b5d68422150836c2133e\text2speech-1.19.12.jar to classpath.
[23:38:57] [main/DEBUG] (FabricLoader/Knot) Adding C:\Users\arunm\.gradle\caches\modules-2\files-2.1\commons-codec\commons-codec\1.22.0\6b3eb4beb7058c2a638f5f17bcb388649fd339dd\commons-codec-1.22.0.jar to classpath.
[23:38:57] [main/DEBUG] (FabricLoader/Knot) Adding C:\Users\arunm\.gradle\caches\modules-2\files-2.1\commons-io\commons-io\2.20.0\36f3474daec2849c149e877614e7f979b2082cd2\commons-io-2.20.0.jar to classpath.
[23:38:57] [main/DEBUG] (FabricLoader/Knot) Adding C:\Users\arunm\.gradle\caches\modules-2\files-2.1\io.netty\netty-buffer\4.2.15.Final\2beb620803bf871cda2dd5d46b8f831e8015dd34\netty-buffer-4.2.15.Final.jar to classpath.
[23:38:57] [main/DEBUG] (FabricLoader/Knot) Adding C:\Users\arunm\.gradle\caches\modules-2\files-2.1\io.netty\netty-codec-base\4.2.15.Final\e97149fdd5fb04858efa90e314651c8d700dc68b\netty-codec-base-4.2.15.Final.jar to classpath.
[23:38:57] [main/DEBUG] (FabricLoader/Knot) Adding C:\Users\arunm\.gradle\caches\modules-2\files-2.1\io.netty\netty-codec-compression\4.2.15.Final\89fc4a20b7ae6af974304b1695405e62c4f9b16d\netty-codec-compression-4.2.15.Final.jar to classpath.
[23:38:57] [main/DEBUG] (FabricLoader/Knot) Adding C:\Users\arunm\.gradle\caches\modules-2\files-2.1\io.netty\netty-codec-http\4.2.15.Final\e611826aa054371bb9a17f27bdb05755a4cac5f0\netty-codec-http-4.2.15.Final.jar to classpath.
[23:38:57] [main/DEBUG] (FabricLoader/Knot) Adding C:\Users\arunm\.gradle\caches\modules-2\files-2.1\io.netty\netty-common\4.2.15.Final\7222492c1af9c2d4d78d521eea340a619e242fda\netty-common-4.2.15.Final.jar to classpath.
[23:38:57] [main/DEBUG] (FabricLoader/Knot) Adding C:\Users\arunm\.gradle\caches\modules-2\files-2.1\io.netty\netty-handler\4.2.15.Final\d5344afd1148e3b9927a74be019605ebb0937a93\netty-handler-4.2.15.Final.jar to classpath.
[23:38:57] [main/DEBUG] (FabricLoader/Knot) Adding C:\Users\arunm\.gradle\caches\modules-2\files-2.1\io.netty\netty-resolver\4.2.15.Final\b961a16d379b508b473e064ba06842bba280f4e3\netty-resolver-4.2.15.Final.jar to classpath.
[23:38:57] [main/DEBUG] (FabricLoader/Knot) Adding C:\Users\arunm\.gradle\caches\modules-2\files-2.1\io.netty\netty-transport-classes-epoll\4.2.15.Final\44bafba9c9993800e955b365bba4981326f3f3b1\netty-transport-classes-epoll-4.2.15.Final.jar to classpath.
[23:38:57] [main/DEBUG] (FabricLoader/Knot) Adding C:\Users\arunm\.gradle\caches\modules-2\files-2.1\io.netty\netty-transport-classes-kqueue\4.2.15.Final\f248656bb907607c5a41c7b61fd918a97db79250\netty-transport-classes-kqueue-4.2.15.Final.jar to classpath.
[23:38:57] [main/DEBUG] (FabricLoader/Knot) Adding C:\Users\arunm\.gradle\caches\modules-2\files-2.1\io.netty\netty-transport-native-unix-common\4.2.15.Final\efb6943b4de9e0226a5ac35330f232605424af02\netty-transport-native-unix-common-4.2.15.Final.jar to classpath.
[23:38:57] [main/DEBUG] (FabricLoader/Knot) Adding C:\Users\arunm\.gradle\caches\modules-2\files-2.1\io.netty\netty-transport\4.2.15.Final\a000c3a6196ee40207b73ac619dcb339409dd62f\netty-transport-4.2.15.Final.jar to classpath.
[23:38:57] [main/DEBUG] (FabricLoader/Knot) Adding C:\Users\arunm\.gradle\caches\modules-2\files-2.1\it.unimi.dsi\fastutil\8.5.18\a6cff377eecc19c2037bf31568a6d7106b50ba1f\fastutil-8.5.18.jar to classpath.
[23:38:57] [main/DEBUG] (FabricLoader/Knot) Adding C:\Users\arunm\.gradle\caches\modules-2\files-2.1\net.java.dev.jna\jna-platform\5.17.0\a4934c44d25a9d8c2ddf4203affd20330cb3426f\jna-platform-5.17.0.jar to classpath.
[23:38:57] [main/DEBUG] (FabricLoader/Knot) Adding C:\Users\arunm\.gradle\caches\modules-2\files-2.1\net.java.dev.jna\jna\5.17.0\33d12735bef894440780fce64f9758d420c7bae2\jna-5.17.0.jar to classpath.
[23:38:57] [main/DEBUG] (FabricLoader/Knot) Adding C:\Users\arunm\.gradle\caches\modules-2\files-2.1\net.sf.jopt-simple\jopt-simple\5.0.4\4fdac2fbe92dfad86aa6e9301736f6b4342a3f5c\jopt-simple-5.0.4.jar to classpath.
[23:38:57] [main/DEBUG] (FabricLoader/Knot) Adding C:\Users\arunm\.gradle\caches\modules-2\files-2.1\org.apache.commons\commons-compress\1.28.0\e482f2c7a88dac3c497e96aa420b6a769f59c8d7\commons-compress-1.28.0.jar to classpath.
[23:38:57] [main/DEBUG] (FabricLoader/Knot) Adding C:\Users\arunm\.gradle\caches\modules-2\files-2.1\org.apache.commons\commons-lang3\3.20.0\65897b3e5731220962e659e001904af3c3cbeba9\commons-lang3-3.20.0.jar to classpath.
[23:38:57] [main/DEBUG] (FabricLoader/Knot) Adding C:\Users\arunm\.gradle\caches\modules-2\files-2.1\org.jcraft\jorbis\0.0.17\8872d22b293e8f5d7d56ff92be966e6dc28ebdc6\jorbis-0.0.17.jar to classpath.
[23:38:57] [main/DEBUG] (FabricLoader/Knot) Adding C:\Users\arunm\.gradle\caches\modules-2\files-2.1\org.joml\joml\1.10.8\fc0a71dad90a2cf41d82a76156a0e700af8e4f8d\joml-1.10.8.jar to classpath.
[23:38:57] [main/DEBUG] (FabricLoader/Knot) Adding C:\Users\arunm\.gradle\caches\modules-2\files-2.1\org.jspecify\jspecify\1.0.0\7425a601c1c7ec76645a78d22b8c6a627edee507\jspecify-1.0.0.jar to classpath.
[23:38:57] [main/DEBUG] (FabricLoader/Knot) Adding C:\Users\arunm\.gradle\caches\modules-2\files-2.1\org.lwjgl\lwjgl-freetype\3.4.1\caa75a37e857efc9b0686e434d708d6420c5b6ea\lwjgl-freetype-3.4.1.jar to classpath.
[23:38:57] [main/DEBUG] (FabricLoader/Knot) Adding C:\Users\arunm\.gradle\caches\modules-2\files-2.1\org.lwjgl\lwjgl-freetype\3.4.1\32fc9cfd236aca5433d53af78bfb15f1b4c1103e\lwjgl-freetype-3.4.1-natives-windows.jar to classpath.
[23:38:57] [main/DEBUG] (FabricLoader/Knot) Adding C:\Users\arunm\.gradle\caches\modules-2\files-2.1\org.lwjgl\lwjgl-freetype\3.4.1\a677b4a7bba84f925b4cc4f52a58c5248974bdeb\lwjgl-freetype-3.4.1-natives-windows-arm64.jar to classpath.
[23:38:57] [main/DEBUG] (FabricLoader/Knot) Adding C:\Users\arunm\.gradle\caches\modules-2\files-2.1\org.lwjgl\lwjgl-freetype\3.4.1\81431d868bcf162d4c915b9c39b2c7aae155ad4f\lwjgl-freetype-3.4.1-natives-windows-x86.jar to classpath.
[23:38:57] [main/DEBUG] (FabricLoader/Knot) Adding C:\Users\arunm\.gradle\caches\modules-2\files-2.1\org.lwjgl\lwjgl-glfw\3.4.1\a782b1ddd175c9107bf300fd92920579ea65e2a4\lwjgl-glfw-3.4.1.jar to classpath.
[23:38:57] [main/DEBUG] (FabricLoader/Knot) Adding C:\Users\arunm\.gradle\caches\modules-2\files-2.1\org.lwjgl\lwjgl-glfw\3.4.1\2eb4aa895ea190ba8cf4356f8cea24d3ebb40ea1\lwjgl-glfw-3.4.1-natives-windows.jar to classpath.
[23:38:57] [main/DEBUG] (FabricLoader/Knot) Adding C:\Users\arunm\.gradle\caches\modules-2\files-2.1\org.lwjgl\lwjgl-glfw\3.4.1\196101d96d9b2aa73264a96ae1dc8944a1446cee\lwjgl-glfw-3.4.1-natives-windows-arm64.jar to classpath.
[23:38:57] [main/DEBUG] (FabricLoader/Knot) Adding C:\Users\arunm\.gradle\caches\modules-2\files-2.1\org.lwjgl\lwjgl-glfw\3.4.1\a48bbdd544f00c88f8906e9d09e3f31bc1c17fac\lwjgl-glfw-3.4.1-natives-windows-x86.jar to classpath.
[23:38:57] [main/DEBUG] (FabricLoader/Knot) Adding C:\Users\arunm\.gradle\caches\modules-2\files-2.1\org.lwjgl\lwjgl-jemalloc\3.4.1\16b663092854fc6adfe0a941e61cae2bb2e437b6\lwjgl-jemalloc-3.4.1.jar to classpath.
[23:38:57] [main/DEBUG] (FabricLoader/Knot) Adding C:\Users\arunm\.gradle\caches\modules-2\files-2.1\org.lwjgl\lwjgl-jemalloc\3.4.1\70db8048d1aca8a6365f46f9963b8d6cd77b9e94\lwjgl-jemalloc-3.4.1-natives-windows.jar to classpath.
[23:38:57] [main/DEBUG] (FabricLoader/Knot) Adding C:\Users\arunm\.gradle\caches\modules-2\files-2.1\org.lwjgl\lwjgl-jemalloc\3.4.1\662e0926dd990f679e1cfb31d710d22d175bdabc\lwjgl-jemalloc-3.4.1-natives-windows-arm64.jar to classpath.
[23:38:57] [main/DEBUG] (FabricLoader/Knot) Adding C:\Users\arunm\.gradle\caches\modules-2\files-2.1\org.lwjgl\lwjgl-jemalloc\3.4.1\d8cf69e1155df83260f9bbe01944fe91f8ca3955\lwjgl-jemalloc-3.4.1-natives-windows-x86.jar to classpath.
[23:38:57] [main/DEBUG] (FabricLoader/Knot) Adding C:\Users\arunm\.gradle\caches\modules-2\files-2.1\org.lwjgl\lwjgl-openal\3.4.1\8508bd60589de0539aa465b78fcf838efd07ae9a\lwjgl-openal-3.4.1.jar to classpath.
[23:38:57] [main/DEBUG] (FabricLoader/Knot) Adding C:\Users\arunm\.gradle\caches\modules-2\files-2.1\org.lwjgl\lwjgl-openal\3.4.1\8e83fdfdf65c80c9877c6fb6cb645d239ed7638\lwjgl-openal-3.4.1-natives-windows.jar to classpath.
[23:38:57] [main/DEBUG] (FabricLoader/Knot) Adding C:\Users\arunm\.gradle\caches\modules-2\files-2.1\org.lwjgl\lwjgl-openal\3.4.1\4b996cc3321a807ee34e7ce53aba7fe529dc485a\lwjgl-openal-3.4.1-natives-windows-arm64.jar to classpath.
[23:38:57] [main/DEBUG] (FabricLoader/Knot) Adding C:\Users\arunm\.gradle\caches\modules-2\files-2.1\org.lwjgl\lwjgl-openal\3.4.1\9e4bab87e9b89876fa77ea3c19e1b45334b97c10\lwjgl-openal-3.4.1-natives-windows-x86.jar to classpath.
[23:38:57] [main/DEBUG] (FabricLoader/Knot) Adding C:\Users\arunm\.gradle\caches\modules-2\files-2.1\org.lwjgl\lwjgl-opengl\3.4.1\830412cab823c029cda6b9729f9d2ed36cf79959\lwjgl-opengl-3.4.1.jar to classpath.
[23:38:57] [main/DEBUG] (FabricLoader/Knot) Adding C:\Users\arunm\.gradle\caches\modules-2\files-2.1\org.lwjgl\lwjgl-opengl\3.4.1\617f37ef4e2ffb727bd5e74333e8073ef43ca1ec\lwjgl-opengl-3.4.1-natives-windows.jar to classpath.
[23:38:57] [main/DEBUG] (FabricLoader/Knot) Adding C:\Users\arunm\.gradle\caches\modules-2\files-2.1\org.lwjgl\lwjgl-opengl\3.4.1\4b6a9c5d7d5325312b740d9886087b7292b43bf9\lwjgl-opengl-3.4.1-natives-windows-arm64.jar to classpath.
[23:38:57] [main/DEBUG] (FabricLoader/Knot) Adding C:\Users\arunm\.gradle\caches\modules-2\files-2.1\org.lwjgl\lwjgl-opengl\3.4.1\cfd47352b758a0c9f7046de467b103182ec77eb1\lwjgl-opengl-3.4.1-natives-windows-x86.jar to classpath.
[23:38:57] [main/DEBUG] (FabricLoader/Knot) Adding C:\Users\arunm\.gradle\caches\modules-2\files-2.1\org.lwjgl\lwjgl-shaderc\3.4.1\5c02c88f0d879529014c78463b76f43fdecfd272\lwjgl-shaderc-3.4.1.jar to classpath.
[23:38:57] [main/DEBUG] (FabricLoader/Knot) Adding C:\Users\arunm\.gradle\caches\modules-2\files-2.1\org.lwjgl\lwjgl-shaderc\3.4.1\daacbaeb2c1dfd00db83f4b7cc2c76901eb297bd\lwjgl-shaderc-3.4.1-natives-windows.jar to classpath.
[23:38:57] [main/DEBUG] (FabricLoader/Knot) Adding C:\Users\arunm\.gradle\caches\modules-2\files-2.1\org.lwjgl\lwjgl-shaderc\3.4.1\50884f728fdd7cff33731403fdc53b724ff09c85\lwjgl-shaderc-3.4.1-natives-windows-arm64.jar to classpath.
[23:38:57] [main/DEBUG] (FabricLoader/Knot) Adding C:\Users\arunm\.gradle\caches\modules-2\files-2.1\org.lwjgl\lwjgl-shaderc\3.4.1\cd3ab907c096e27a9024917dcab4379e90c7799d\lwjgl-shaderc-3.4.1-natives-windows-x86.jar to classpath.
[23:38:57] [main/DEBUG] (FabricLoader/Knot) Adding C:\Users\arunm\.gradle\caches\modules-2\files-2.1\org.lwjgl\lwjgl-spvc\3.4.1\188553592e97b5ab2dba54a1b403ee80b48dad4c\lwjgl-spvc-3.4.1.jar to classpath.
[23:38:57] [main/DEBUG] (FabricLoader/Knot) Adding C:\Users\arunm\.gradle\caches\modules-2\files-2.1\org.lwjgl\lwjgl-spvc\3.4.1\b7f14df71a9657103324101f61df09dcfb28cf28\lwjgl-spvc-3.4.1-natives-windows.jar to classpath.
[23:38:57] [main/DEBUG] (FabricLoader/Knot) Adding C:\Users\arunm\.gradle\caches\modules-2\files-2.1\org.lwjgl\lwjgl-spvc\3.4.1\a60a8d48822ec9449a5de9b6c50e5ed6ae7e8e9f\lwjgl-spvc-3.4.1-natives-windows-arm64.jar to classpath.
[23:38:57] [main/DEBUG] (FabricLoader/Knot) Adding C:\Users\arunm\.gradle\caches\modules-2\files-2.1\org.lwjgl\lwjgl-spvc\3.4.1\cea4bc145dce25e8a436575f9034a7bd142b0528\lwjgl-spvc-3.4.1-natives-windows-x86.jar to classpath.
[23:38:57] [main/DEBUG] (FabricLoader/Knot) Adding C:\Users\arunm\.gradle\caches\modules-2\files-2.1\org.lwjgl\lwjgl-stb\3.4.1\f077c3dafc31924fbe8acb0b913f08977ba27f8e\lwjgl-stb-3.4.1.jar to classpath.
[23:38:57] [main/DEBUG] (FabricLoader/Knot) Adding C:\Users\arunm\.gradle\caches\modules-2\files-2.1\org.lwjgl\lwjgl-stb\3.4.1\b4e13ece83c228ecf57354639d8555076a989d74\lwjgl-stb-3.4.1-natives-windows.jar to classpath.
[23:38:57] [main/DEBUG] (FabricLoader/Knot) Adding C:\Users\arunm\.gradle\caches\modules-2\files-2.1\org.lwjgl\lwjgl-stb\3.4.1\7f4c39b3d56c7bae4900ee6e59d8f75432bdb18f\lwjgl-stb-3.4.1-natives-windows-arm64.jar to classpath.
[23:38:57] [main/DEBUG] (FabricLoader/Knot) Adding C:\Users\arunm\.gradle\caches\modules-2\files-2.1\org.lwjgl\lwjgl-stb\3.4.1\e091cd3b25ab7db88f0e34a0d2797dc396a528fa\lwjgl-stb-3.4.1-natives-windows-x86.jar to classpath.
[23:38:57] [main/DEBUG] (FabricLoader/Knot) Adding C:\Users\arunm\.gradle\caches\modules-2\files-2.1\org.lwjgl\lwjgl-tinyfd\3.4.1\562697d40dbd2ed0424bf24dcf65d51170f81adf\lwjgl-tinyfd-3.4.1.jar to classpath.
[23:38:57] [main/DEBUG] (FabricLoader/Knot) Adding C:\Users\arunm\.gradle\caches\modules-2\files-2.1\org.lwjgl\lwjgl-tinyfd\3.4.1\bdd8c03151cc94460247986f843d134ae8f9406a\lwjgl-tinyfd-3.4.1-natives-windows.jar to classpath.
[23:38:57] [main/DEBUG] (FabricLoader/Knot) Adding C:\Users\arunm\.gradle\caches\modules-2\files-2.1\org.lwjgl\lwjgl-tinyfd\3.4.1\9c93b8211856bfe682f3225ccac811e74243f98e\lwjgl-tinyfd-3.4.1-natives-windows-arm64.jar to classpath.
[23:38:57] [main/DEBUG] (FabricLoader/Knot) Adding C:\Users\arunm\.gradle\caches\modules-2\files-2.1\org.lwjgl\lwjgl-tinyfd\3.4.1\f585da74a17695ba38351697712c03784ee1348b\lwjgl-tinyfd-3.4.1-natives-windows-x86.jar to classpath.
[23:38:57] [main/DEBUG] (FabricLoader/Knot) Adding C:\Users\arunm\.gradle\caches\modules-2\files-2.1\org.lwjgl\lwjgl-vma\3.4.1\2c54ce10154feb1ede4d23c5947438cdbfdcc003\lwjgl-vma-3.4.1.jar to classpath.
[23:38:57] [main/DEBUG] (FabricLoader/Knot) Adding C:\Users\arunm\.gradle\caches\modules-2\files-2.1\org.lwjgl\lwjgl-vma\3.4.1\4f08490dbd8f9e08385c9f2040ff1f40c2a762d2\lwjgl-vma-3.4.1-natives-windows.jar to classpath.
[23:38:57] [main/DEBUG] (FabricLoader/Knot) Adding C:\Users\arunm\.gradle\caches\modules-2\files-2.1\org.lwjgl\lwjgl-vma\3.4.1\bfbf1a41c54641f396ba42541075f5db517c7ad9\lwjgl-vma-3.4.1-natives-windows-arm64.jar to classpath.
[23:38:57] [main/DEBUG] (FabricLoader/Knot) Adding C:\Users\arunm\.gradle\caches\modules-2\files-2.1\org.lwjgl\lwjgl-vma\3.4.1\c6abacce75eeb8e23bd88ad89faf233be6e053c3\lwjgl-vma-3.4.1-natives-windows-x86.jar to classpath.
[23:38:57] [main/DEBUG] (FabricLoader/Knot) Adding C:\Users\arunm\.gradle\caches\modules-2\files-2.1\org.lwjgl\lwjgl-vulkan\3.4.1\d0601fdc38890755e5638048c14cc0f7b990964b\lwjgl-vulkan-3.4.1.jar to classpath.
[23:38:57] [main/DEBUG] (FabricLoader/Knot) Adding C:\Users\arunm\.gradle\caches\modules-2\files-2.1\org.lwjgl\lwjgl\3.4.1\129e06a04f93992cb2a45172435b21fc4b60dd7d\lwjgl-3.4.1-unsafe.jar to classpath.
[23:38:57] [main/DEBUG] (FabricLoader/Knot) Adding C:\Users\arunm\.gradle\caches\modules-2\files-2.1\org.lwjgl\lwjgl\3.4.1\96a217f0428ab73487f114a54179a4f41e851a04\lwjgl-3.4.1-natives-windows.jar to classpath.
[23:38:57] [main/DEBUG] (FabricLoader/Knot) Adding C:\Users\arunm\.gradle\caches\modules-2\files-2.1\org.lwjgl\lwjgl\3.4.1\d1d3a7052da47ccde2a5fdf3a1bd45d801c3157c\lwjgl-3.4.1-natives-windows-arm64.jar to classpath.
[23:38:57] [main/DEBUG] (FabricLoader/Knot) Adding C:\Users\arunm\.gradle\caches\modules-2\files-2.1\org.lwjgl\lwjgl\3.4.1\65de43bd52507e108a58247c0da57a50ce3ee6f6\lwjgl-3.4.1-natives-windows-x86.jar to classpath.
[23:38:57] [main/DEBUG] (FabricLoader/Knot) Adding C:\Users\arunm\StudioProjects\Chunk-Preload\.gradle\loom-cache\minecraftMaven\net\minecraft\minecraft-clientOnly-bfb32e66d2\26.2\minecraft-clientOnly-bfb32e66d2-26.2.jar to classpath.
[23:38:57] [main/DEBUG] (FabricLoader/Knot) Adding C:\Users\arunm\StudioProjects\Chunk-Preload\.gradle\loom-cache\minecraftMaven\net\minecraft\minecraft-common-bfb32e66d2\26.2\minecraft-common-bfb32e66d2-26.2.jar to classpath.
[23:38:57] [main/DEBUG] (FabricLoader/Knot) Adding C:\Users\arunm\.gradle\caches\modules-2\files-2.1\io.netty\netty-transport-native-epoll\4.2.15.Final\ce256127f8ed3f076756f1f4dcb5877d65d1f1c2\netty-transport-native-epoll-4.2.15.Final-linux-x86_64.jar to classpath.
[23:38:57] [main/DEBUG] (FabricLoader/Knot) Adding C:\Users\arunm\.gradle\caches\modules-2\files-2.1\io.netty\netty-transport-native-epoll\4.2.15.Final\cccd31f2c8e966ab1e7a4d2293c8a3965628fe73\netty-transport-native-epoll-4.2.15.Final-linux-aarch_64.jar to classpath.
[23:38:57] [main/DEBUG] (FabricLoader/Knot) Adding C:\Users\arunm\.gradle\caches\modules-2\files-2.1\io.netty\netty-transport-native-kqueue\4.2.15.Final\4245380831515fb4eca18d32477a27fbb8f7b8f4\netty-transport-native-kqueue-4.2.15.Final-osx-x86_64.jar to classpath.
[23:38:57] [main/DEBUG] (FabricLoader/Knot) Adding C:\Users\arunm\.gradle\caches\modules-2\files-2.1\io.netty\netty-transport-native-kqueue\4.2.15.Final\8ea0ef3eb716d821332e4b4926825a4b7c1a6d38\netty-transport-native-kqueue-4.2.15.Final-osx-aarch_64.jar to classpath.
[23:38:57] [main/DEBUG] (FabricLoader/Knot) Adding C:\Users\arunm\.gradle\caches\modules-2\files-2.1\net.fabricmc.fabric-api\fabric-transfer-api-v1\8.0.13+11dbb7d79e\10f39a4b46043bc724c7ea3b93bcc0243e592abb\fabric-transfer-api-v1-8.0.13+11dbb7d79e.jar to classpath.
[23:38:57] [main/DEBUG] (FabricLoader/Knot) Adding C:\Users\arunm\.gradle\caches\modules-2\files-2.1\net.fabricmc.fabric-api\fabric-api-lookup-api-v1\2.0.18+11e1c9a39e\31fc094d5f4d878ed12bba2e5e8cdb42b26d83ae\fabric-api-lookup-api-v1-2.0.18+11e1c9a39e.jar to classpath.
[23:38:57] [main/DEBUG] (FabricLoader/Knot) Adding C:\Users\arunm\.gradle\caches\modules-2\files-2.1\net.fabricmc.fabric-api\fabric-block-api-v1\3.1.0+53515aab9e\46cf7e7564fbbb13d099c3fe1b065561f14e268f\fabric-block-api-v1-3.1.0+53515aab9e.jar to classpath.
[23:38:57] [main/DEBUG] (FabricLoader/Knot) Adding C:\Users\arunm\.gradle\caches\modules-2\files-2.1\net.fabricmc.fabric-api\fabric-command-api-v2\3.1.0+00cb03469e\b144d197307c39c1bc516c274d9460f0116131a3\fabric-command-api-v2-3.1.0+00cb03469e.jar to classpath.
[23:38:57] [main/DEBUG] (FabricLoader/Knot) Adding C:\Users\arunm\.gradle\caches\modules-2\files-2.1\net.fabricmc.fabric-api\fabric-content-registries-v0\11.3.2+37b1aa249e\6f664a04bd603be3564b614caafa898e2fc9c67c\fabric-content-registries-v0-11.3.2+37b1aa249e.jar to classpath.
[23:38:57] [main/DEBUG] (FabricLoader/Knot) Adding C:\Users\arunm\.gradle\caches\modules-2\files-2.1\net.fabricmc.fabric-api\fabric-data-generation-api-v1\25.6.0+c0da0b829e\6b314081c5999c2094b6a92323c055d59bf7e639\fabric-data-generation-api-v1-25.6.0+c0da0b829e.jar to classpath.
[23:38:57] [main/DEBUG] (FabricLoader/Knot) Adding C:\Users\arunm\.gradle\caches\modules-2\files-2.1\net.fabricmc.fabric-api\fabric-convention-tags-v2\4.7.1+1f023a9e9e\e465c608c60ceb105c4f5d792460f5de02d90135\fabric-convention-tags-v2-4.7.1+1f023a9e9e.jar to classpath.
[23:38:57] [main/DEBUG] (FabricLoader/Knot) Adding C:\Users\arunm\.gradle\caches\modules-2\files-2.1\net.fabricmc.fabric-api\fabric-creative-tab-api-v1\5.0.15+6468574f9e\b8896143a3467ad9eeff3bda41fb787bc080019e\fabric-creative-tab-api-v1-5.0.15+6468574f9e.jar to classpath.
[23:38:57] [main/DEBUG] (FabricLoader/Knot) Adding C:\Users\arunm\.gradle\caches\modules-2\files-2.1\net.fabricmc.fabric-api\fabric-data-attachment-api-v1\2.2.19+515ac5339e\6ac7e37bdfaf6b9fc26be152d01daa0f95d799a2\fabric-data-attachment-api-v1-2.2.19+515ac5339e.jar to classpath.
[23:38:57] [main/DEBUG] (FabricLoader/Knot) Adding C:\Users\arunm\.gradle\caches\modules-2\files-2.1\net.fabricmc.fabric-api\fabric-debug-api-v1\1.0.2+c792624d9e\9f0581bb985edf22a0d812dbe67178bd2849286\fabric-debug-api-v1-1.0.2+c792624d9e.jar to classpath.
[23:38:57] [main/DEBUG] (FabricLoader/Knot) Adding C:\Users\arunm\.gradle\caches\modules-2\files-2.1\net.fabricmc.fabric-api\fabric-dimensions-v1\5.1.12+515ac5339e\b9d60e3ceee08f0fbc6f19fe8264c82c5fc2d122\fabric-dimensions-v1-5.1.12+515ac5339e.jar to classpath.
[23:38:57] [main/DEBUG] (FabricLoader/Knot) Adding C:\Users\arunm\.gradle\caches\modules-2\files-2.1\net.fabricmc.fabric-api\fabric-entity-events-v1\5.0.5+06488ac19e\5cbecb675b91d0ebfe2ef3f20339e1a2c76c435\fabric-entity-events-v1-5.0.5+06488ac19e.jar to classpath.
[23:38:57] [main/DEBUG] (FabricLoader/Knot) Adding C:\Users\arunm\.gradle\caches\modules-2\files-2.1\net.fabricmc.fabric-api\fabric-events-interaction-v0\5.2.8+515ac5339e\98650380bb4e65a3deb6254e7c10a171eb907477\fabric-events-interaction-v0-5.2.8+515ac5339e.jar to classpath.
[23:38:57] [main/DEBUG] (FabricLoader/Knot) Adding C:\Users\arunm\.gradle\caches\modules-2\files-2.1\net.fabricmc.fabric-api\fabric-game-rule-api-v1\4.0.8+46a6d00c9e\886816530fb79c925eb1bc6c34dd4d9d82e71d49\fabric-game-rule-api-v1-4.0.8+46a6d00c9e.jar to classpath.
[23:38:57] [main/DEBUG] (FabricLoader/Knot) Adding C:\Users\arunm\.gradle\caches\modules-2\files-2.1\net.fabricmc.fabric-api\fabric-gametest-api-v1\4.0.22+4a7fa0819e\3fb91749fe4f238518d2980fdc18454016949190\fabric-gametest-api-v1-4.0.22+4a7fa0819e.jar to classpath.
[23:38:57] [main/DEBUG] (FabricLoader/Knot) Adding C:\Users\arunm\.gradle\caches\modules-2\files-2.1\net.fabricmc.fabric-api\fabric-item-api-v1\14.5.0+c68f6cbe9e\c2d241b01e3c083637adb17c2c8ff798cb752d5a\fabric-item-api-v1-14.5.0+c68f6cbe9e.jar to classpath.
[23:38:57] [main/DEBUG] (FabricLoader/Knot) Adding C:\Users\arunm\.gradle\caches\modules-2\files-2.1\net.fabricmc.fabric-api\fabric-recipe-api-v1\9.0.22+11e1c9a39e\e756703eda39613f8d638521829b673c92276604\fabric-recipe-api-v1-9.0.22+11e1c9a39e.jar to classpath.
[23:38:57] [main/DEBUG] (FabricLoader/Knot) Adding C:\Users\arunm\.gradle\caches\modules-2\files-2.1\net.fabricmc.fabric-api\fabric-model-loading-api-v1\8.0.17+c80601bb9e\b7b69be9cac7b63f853bd3c937c1b774c96a13fb\fabric-model-loading-api-v1-8.0.17+c80601bb9e.jar to classpath.
[23:38:57] [main/DEBUG] (FabricLoader/Knot) Adding C:\Users\arunm\.gradle\caches\modules-2\files-2.1\net.fabricmc.fabric-api\fabric-renderer-indigo\9.1.4+2b0d8a229e\48cdf540bd670fe9333a74dd1570316180d10ab3\fabric-renderer-indigo-9.1.4+2b0d8a229e.jar to classpath.
[23:38:57] [main/DEBUG] (FabricLoader/Knot) Adding C:\Users\arunm\.gradle\caches\modules-2\files-2.1\net.fabricmc.fabric-api\fabric-renderer-api-v1\14.1.4+2b0d8a229e\f6a6d234cc1073ffb871150d548d2164f8bc8d0b\fabric-renderer-api-v1-14.1.4+2b0d8a229e.jar to classpath.
[23:38:57] [main/DEBUG] (FabricLoader/Knot) Adding C:\Users\arunm\.gradle\caches\modules-2\files-2.1\net.fabricmc.fabric-api\fabric-rendering-v1\25.3.3+515ac5339e\b970a6d778b9867d6ea13d5437193f1e86a19c55\fabric-rendering-v1-25.3.3+515ac5339e.jar to classpath.
[23:38:57] [main/DEBUG] (FabricLoader/Knot) Adding C:\Users\arunm\.gradle\caches\modules-2\files-2.1\net.fabricmc.fabric-api\fabric-lifecycle-events-v1\4.1.4+29b6eb019e\54a508470dcea81513e39001b5c0bf9fae0f1d5\fabric-lifecycle-events-v1-4.1.4+29b6eb019e.jar to classpath.
[23:38:57] [main/DEBUG] (FabricLoader/Knot) Adding C:\Users\arunm\.gradle\caches\modules-2\files-2.1\net.fabricmc.fabric-api\fabric-loot-api-v3\3.0.17+06488ac19e\964f3985687b491093db6b9ff87b35106112b74d\fabric-loot-api-v3-3.0.17+06488ac19e.jar to classpath.
[23:38:57] [main/DEBUG] (FabricLoader/Knot) Adding C:\Users\arunm\.gradle\caches\modules-2\files-2.1\net.fabricmc.fabric-api\fabric-menu-api-v1\2.0.17+086d547a9e\2d35d55e2aa842d5eec1f9262a74074385c69cfb\fabric-menu-api-v1-2.0.17+086d547a9e.jar to classpath.
[23:38:57] [main/DEBUG] (FabricLoader/Knot) Adding C:\Users\arunm\.gradle\caches\modules-2\files-2.1\net.fabricmc.fabric-api\fabric-message-api-v1\7.0.8+bb2ed3f79e\106dc9ed22970076aaa39cd257b69705d136dd05\fabric-message-api-v1-7.0.8+bb2ed3f79e.jar to classpath.
[23:38:57] [main/DEBUG] (FabricLoader/Knot) Adding C:\Users\arunm\.gradle\caches\modules-2\files-2.1\net.fabricmc.fabric-api\fabric-client-gametest-api-v1\6.0.2+0f4f1dca9e\f54e52e7af5a41fdcf6715f87d09282b2dc9b0f2\fabric-client-gametest-api-v1-6.0.2+0f4f1dca9e.jar to classpath.
[23:38:57] [main/DEBUG] (FabricLoader/Knot) Adding C:\Users\arunm\.gradle\caches\modules-2\files-2.1\net.fabricmc.fabric-api\fabric-particles-v1\5.0.19+d1756aa99e\f6290d6511388b78455e2186d980553879343172\fabric-particles-v1-5.0.19+d1756aa99e.jar to classpath.
[23:38:57] [main/DEBUG] (FabricLoader/Knot) Adding C:\Users\arunm\.gradle\caches\modules-2\files-2.1\net.fabricmc.fabric-api\fabric-object-builder-api-v1\24.1.1+6fcd5f039e\90175252776d48f5c549835501e7fa227e68c4c8\fabric-object-builder-api-v1-24.1.1+6fcd5f039e.jar to classpath.
[23:38:57] [main/DEBUG] (FabricLoader/Knot) Adding C:\Users\arunm\.gradle\caches\modules-2\files-2.1\net.fabricmc.fabric-api\fabric-registry-sync-v0\7.1.1+c7bd5b8e9e\82c1ce3885265deb0c15970d4abadf0ae055a539\fabric-registry-sync-v0-7.1.1+c7bd5b8e9e.jar to classpath.
[23:38:57] [main/DEBUG] (FabricLoader/Knot) Adding C:\Users\arunm\.gradle\caches\modules-2\files-2.1\net.fabricmc.fabric-api\fabric-networking-api-v1\6.3.4+2989c6a09e\608860809ec66fd65ca764c4157e96030f330537\fabric-networking-api-v1-6.3.4+2989c6a09e.jar to classpath.
[23:38:57] [main/DEBUG] (FabricLoader/Knot) Adding C:\Users\arunm\.gradle\caches\modules-2\files-2.1\net.fabricmc.fabric-api\fabric-permission-api-v1\1.0.5+e442d8d09e\92197dd81a18322fd36b87de79bdaa8d2b4a1ba9\fabric-permission-api-v1-1.0.5+e442d8d09e.jar to classpath.
[23:38:57] [main/DEBUG] (FabricLoader/Knot) Adding C:\Users\arunm\.gradle\caches\modules-2\files-2.1\net.fabricmc.fabric-api\fabric-rendering-fluids-v1\6.0.4+06488ac19e\9ded3bc73b5ff3c441075d0c8eca988aacce1f1f\fabric-rendering-fluids-v1-6.0.4+06488ac19e.jar to classpath.
[23:38:57] [main/DEBUG] (FabricLoader/Knot) Adding C:\Users\arunm\.gradle\caches\modules-2\files-2.1\net.fabricmc.fabric-api\fabric-tag-api-v1\2.1.4+515ac5339e\f66a24273cdcc2ce424bf8c69cdc9cf48bdcb328\fabric-tag-api-v1-2.1.4+515ac5339e.jar to classpath.
[23:38:57] [main/DEBUG] (FabricLoader/Knot) Adding C:\Users\arunm\.gradle\caches\modules-2\files-2.1\net.fabricmc.fabric-api\fabric-resource-loader-v0\3.3.20+4fc5413f9e\c6551ab905383f3c8e046a403a78a25bebabaff0\fabric-resource-loader-v0-3.3.20+4fc5413f9e.jar to classpath.
[23:38:57] [main/DEBUG] (FabricLoader/Knot) Adding C:\Users\arunm\.gradle\caches\modules-2\files-2.1\net.fabricmc.fabric-api\fabric-resource-loader-v1\2.0.13+9edec1269e\db19bb66f069d7ed3dde41eb7e1f9ff3122c15a4\fabric-resource-loader-v1-2.0.13+9edec1269e.jar to classpath.
[23:38:57] [main/DEBUG] (FabricLoader/Knot) Adding C:\Users\arunm\.gradle\caches\modules-2\files-2.1\net.fabricmc.fabric-api\fabric-screen-api-v1\5.2.1+5087f8249e\ef9ad9a09f392eff05957c24c71e4da6797bb8d9\fabric-screen-api-v1-5.2.1+5087f8249e.jar to classpath.
[23:38:57] [main/DEBUG] (FabricLoader/Knot) Adding C:\Users\arunm\.gradle\caches\modules-2\files-2.1\net.fabricmc.fabric-api\fabric-api-base\2.0.4+ece063239e\e766f3698b7bab8b1e13683040f8648fab511ca3\fabric-api-base-2.0.4+ece063239e.jar to classpath.
[23:38:57] [main/DEBUG] (FabricLoader/Knot) Adding C:\Users\arunm\.gradle\caches\modules-2\files-2.1\net.fabricmc.fabric-api\fabric-biome-api-v1\18.0.6+c7bd5b8e9e\414c89d2bc8ab64dce1763edc4dbe4619113a5b\fabric-biome-api-v1-18.0.6+c7bd5b8e9e.jar to classpath.
[23:38:57] [main/DEBUG] (FabricLoader/Knot) Adding C:\Users\arunm\.gradle\caches\modules-2\files-2.1\net.fabricmc.fabric-api\fabric-block-getter-api-v2\2.0.7+ec56b6019e\8204045ca262749761be09b144618e6c4133ebe1\fabric-block-getter-api-v2-2.0.7+ec56b6019e.jar to classpath.
[23:38:57] [main/DEBUG] (FabricLoader/Knot) Adding C:\Users\arunm\.gradle\caches\modules-2\files-2.1\net.fabricmc.fabric-api\fabric-crash-report-info-v1\1.0.5+086d547a9e\119f48a9a648d86c89fe21444176d0032449d95c\fabric-crash-report-info-v1-1.0.5+086d547a9e.jar to classpath.
[23:38:57] [main/DEBUG] (FabricLoader/Knot) Adding C:\Users\arunm\.gradle\caches\modules-2\files-2.1\net.fabricmc.fabric-api\fabric-key-mapping-api-v1\2.0.5+e2bdee789e\c86dc688a7e9caa7edca9973dc6abfe37c652135\fabric-key-mapping-api-v1-2.0.5+e2bdee789e.jar to classpath.
[23:38:57] [main/DEBUG] (FabricLoader/Knot) Adding C:\Users\arunm\.gradle\caches\modules-2\files-2.1\net.fabricmc.fabric-api\fabric-resource-conditions-api-v1\6.1.0+10e9a28b9e\bfe91afa0e7712974b318ed7e274b493b038a596\fabric-resource-conditions-api-v1-6.1.0+10e9a28b9e.jar to classpath.
[23:38:57] [main/DEBUG] (FabricLoader/Knot) Adding C:\Users\arunm\.gradle\caches\modules-2\files-2.1\net.fabricmc.fabric-api\fabric-serialization-api-v1\2.0.4+11a26f319e\ebf77996be79909f639a7352689d851385a9cd2b\fabric-serialization-api-v1-2.0.4+11a26f319e.jar to classpath.
[23:38:57] [main/DEBUG] (FabricLoader/Knot) Adding C:\Users\arunm\.gradle\caches\modules-2\files-2.1\net.fabricmc.fabric-api\fabric-sound-api-v1\2.0.5+11a26f319e\73e4e62924608e1d1581f192607857db096dafe7\fabric-sound-api-v1-2.0.5+11a26f319e.jar to classpath.
[23:38:57] [main/DEBUG] (FabricLoader/Knot) Adding C:\Users\arunm\.gradle\caches\modules-2\files-2.1\net.fabricmc.fabric-api\fabric-transitive-access-wideners-v1\8.1.4+67c847259e\e1e769f8e123395ab939d5d8da900e6a6ad53ab2\fabric-transitive-access-wideners-v1-8.1.4+67c847259e.jar to classpath.
[23:38:57] [main/DEBUG] (FabricLoader/Knot) Adding C:\Users\arunm\.gradle\caches\modules-2\files-2.1\blue.endless\jankson\1.2.0\3a596049034f2952c0b2d40ca41f9b98856d5fb4\jankson-1.2.0.jar to classpath.
[23:38:57] [main/DEBUG] (FabricLoader/Knot) Adding C:\Users\arunm\.gradle\caches\modules-2\files-2.1\org.yaml\snakeyaml\1.27\359d62567480b07a679dc643f82fc926b100eed5\snakeyaml-1.27.jar to classpath.
[23:38:57] [main/DEBUG] (FabricLoader/Knot) Adding C:\Users\arunm\.gradle\caches\modules-2\files-2.1\me.shedaniel.cloth\basic-math\0.6.1\2ddd64b22126332794a5754ff9b942e17fb44c39\basic-math-0.6.1.jar to classpath.
[23:38:57] [main/DEBUG] (FabricLoader/Knot) Adding C:\Users\arunm\.gradle\caches\modules-2\files-2.1\com.google.errorprone\error_prone_annotations\2.48.0\bbe30942a31d1778c74cb272321267eca82dc708\error_prone_annotations-2.48.0.jar to classpath.
[23:38:57] [main/DEBUG] (FabricLoader/Knot) Adding C:\Users\arunm\StudioProjects\Chunk-Preload\build\classes\java\main to classpath.
[23:38:57] [main/DEBUG] (FabricLoader/Knot) Adding C:\Users\arunm\StudioProjects\Chunk-Preload\build\resources\main to classpath.
[23:38:57] [main/DEBUG] (FabricLoader/Entrypoint) No subscribers for entrypoint 'preLaunch'
[23:38:57] [main/DEBUG] (FabricLoader/Mixin) Preparing mixins for MixinEnvironment[DEFAULT]
[23:38:57] [main/DEBUG] (FabricLoader/Mixin) Selecting config fabric-object-builder-v1.mixins.json
[23:38:57] [main/DEBUG] (FabricLoader/Mixin) Selecting config fabric-object-builder-v1.client.mixins.json
[23:38:57] [main/DEBUG] (FabricLoader/Mixin) Selecting config fabric-entity-events-v1.mixins.json
[23:38:57] [main/DEBUG] (FabricLoader/Mixin) Selecting config fabric-block-api-v1.mixins.json
[23:38:57] [main/DEBUG] (FabricLoader/Mixin) Selecting config fabric-client-gametest-api-v1.mixins.json
[23:38:57] [main/DEBUG] (FabricLoader/Mixin) Selecting config fabric-rendering-fluids-v1.mixins.json
[23:38:57] [main/DEBUG] (FabricLoader/Mixin) Selecting config fabric-events-interaction-v0.mixins.json
[23:38:57] [main/DEBUG] (FabricLoader/Mixin) Selecting config fabric-events-interaction-v0.client.mixins.json
[23:38:57] [main/DEBUG] (FabricLoader/Mixin) Selecting config fabric-menu-api-v1.mixins.json
[23:38:57] [main/DEBUG] (FabricLoader/Mixin) Selecting config fabric-permission-api-v1.mixins.json
[23:38:57] [main/DEBUG] (FabricLoader/Mixin) Selecting config fabric-recipe-api-v1.mixins.json
[23:38:57] [main/DEBUG] (FabricLoader/Mixin) Selecting config fabric-recipe-api-v1.client.mixins.json
[23:38:57] [main/DEBUG] (FabricLoader/Mixin) Selecting config fabric-serialization-api-v1.mixins.json
[23:38:57] [main/DEBUG] (FabricLoader/Mixin) Selecting config fabric-key-mapping-api-v1.mixins.json
[23:38:57] [main/DEBUG] (FabricLoader/Mixin) Selecting config fabric-biome-api-v1.mixins.json
[23:38:57] [main/DEBUG] (FabricLoader/Mixin) Selecting config fabric-convention-tags-api-v2.mixins.json
[23:38:57] [main/DEBUG] (FabricLoader/Mixin) Selecting config fabric-data-attachment-api-v1.mixins.json
[23:38:57] [main/DEBUG] (FabricLoader/Mixin) Selecting config fabric-data-attachment-api-v1.client.mixins.json
[23:38:57] [main/DEBUG] (FabricLoader/Mixin) Selecting config fabric-debug-api-v1.mixins.json
[23:38:57] [main/DEBUG] (FabricLoader/Mixin) Selecting config fabric-debug-api-v1.client.mixins.json
[23:38:57] [main/DEBUG] (FabricLoader/Mixin) Selecting config mixinextras.init.mixins.json
[23:38:57] [main/DEBUG] (FabricLoader/MixinExtras|Service) com.llamalad7.mixinextras.service.MixinExtrasServiceImpl(version=0.5.5) is taking over from null
[23:38:57] [main/DEBUG] (FabricLoader/Mixin) Registering new injector for @Inject with org.spongepowered.asm.mixin.injection.struct.CallbackInjectionInfo
[23:38:57] [main/DEBUG] (FabricLoader/Mixin) Registering new injector for @ModifyArg with org.spongepowered.asm.mixin.injection.struct.ModifyArgInjectionInfo
[23:38:57] [main/DEBUG] (FabricLoader/Mixin) Registering new injector for @ModifyArgs with org.spongepowered.asm.mixin.injection.struct.ModifyArgsInjectionInfo
[23:38:57] [main/DEBUG] (FabricLoader/Mixin) Registering new injector for @Redirect with org.spongepowered.asm.mixin.injection.struct.RedirectInjectionInfo
[23:38:57] [main/DEBUG] (FabricLoader/Mixin) Registering new injector for @ModifyVariable with org.spongepowered.asm.mixin.injection.struct.ModifyVariableInjectionInfo
[23:38:57] [main/DEBUG] (FabricLoader/Mixin) Registering new injector for @ModifyConstant with org.spongepowered.asm.mixin.injection.struct.ModifyConstantInjectionInfo
[23:38:57] [main/DEBUG] (FabricLoader/Mixin) Selecting config fabric-game-rule-api-v1.mixins.json
[23:38:57] [main/DEBUG] (FabricLoader/Mixin) Selecting config fabric-game-rule-api-v1.client.mixins.json
[23:38:57] [main/DEBUG] (FabricLoader/Mixin) Selecting config fabric-renderer-indigo.mixins.json
[23:38:57] [main/DEBUG] (FabricLoader/Mixin) Selecting config fabric-sound-api-v1.mixins.json
[23:38:57] [main/DEBUG] (FabricLoader/Mixin) Selecting config fabric-registry-sync-v0.mixins.json
[23:38:57] [main/DEBUG] (FabricLoader/Mixin) Selecting config fabric-registry-sync-v0.client.mixins.json
[23:38:57] [main/DEBUG] (FabricLoader/Mixin) Selecting config fabric-lifecycle-events-v1.mixins.json
[23:38:57] [main/DEBUG] (FabricLoader/Mixin) Selecting config fabric-lifecycle-events-v1.client.mixins.json
[23:38:57] [main/DEBUG] (FabricLoader/Mixin) Selecting config fabric-model-loading-api-v1.mixins.json
[23:38:57] [main/DEBUG] (FabricLoader/Mixin) Selecting config fabric-item-api-v1.mixins.json
[23:38:57] [main/DEBUG] (FabricLoader/Mixin) Selecting config fabric-item-api-v1.client.mixins.json
[23:38:57] [main/DEBUG] (FabricLoader/Mixin) Selecting config fabric-block-getter-api-v2.mixins.json
[23:38:57] [main/DEBUG] (FabricLoader/Mixin) Selecting config fabric-block-getter-api-v2.client.mixins.json
[23:38:57] [main/DEBUG] (FabricLoader/Mixin) Selecting config fabric-command-api-v2.mixins.json
[23:38:57] [main/DEBUG] (FabricLoader/Mixin) Selecting config fabric-command-api-v2.client.mixins.json
[23:38:57] [main/DEBUG] (FabricLoader/Mixin) Selecting config fabric-tag-api-v1.mixins.json
[23:38:57] [main/DEBUG] (FabricLoader/Mixin) Selecting config fabric-transfer-api-v1.mixins.json
[23:38:57] [main/DEBUG] (FabricLoader/Mixin) Selecting config fabric-resource-conditions-api-v1.mixins.json
[23:38:57] [main/DEBUG] (FabricLoader/Mixin) Selecting config fabric-crash-report-info-v1.mixins.json
[23:38:57] [main/DEBUG] (FabricLoader/Mixin) Selecting config fabric-api-lookup-api-v1.mixins.json
[23:38:57] [main/DEBUG] (FabricLoader/Mixin) Selecting config fabric-message-api-v1.mixins.json
[23:38:57] [main/DEBUG] (FabricLoader/Mixin) Selecting config fabric-message-api-v1.client.mixins.json
[23:38:57] [main/DEBUG] (FabricLoader/Mixin) Selecting config fabric-renderer-api-v1.mixins.json
[23:38:57] [main/DEBUG] (FabricLoader/Mixin) Selecting config fabric-screen-api-v1.mixins.json
[23:38:57] [main/DEBUG] (FabricLoader/Mixin) Selecting config fabric-resource-loader-v1.mixins.json
[23:38:57] [main/DEBUG] (FabricLoader/Mixin) Selecting config fabric-resource-loader-v1.client.mixins.json
[23:38:57] [main/DEBUG] (FabricLoader/Mixin) Selecting config fabric-data-generation-api-v1.mixins.json
[23:38:57] [main/DEBUG] (FabricLoader/Mixin) Selecting config fabric-data-generation-api-v1.client.mixins.json
[23:38:57] [main/DEBUG] (FabricLoader/Mixin) Selecting config fabric-content-registries-v0.mixins.json
[23:38:57] [main/DEBUG] (FabricLoader/Mixin) Selecting config fabric-content-registries-v0.client.mixins.json
[23:38:57] [main/DEBUG] (FabricLoader/Mixin) Selecting config fabric-particles-v1.mixins.json
[23:38:57] [main/DEBUG] (FabricLoader/Mixin) Selecting config fabric-particles-v1.client.mixins.json
[23:38:57] [main/DEBUG] (FabricLoader/Mixin) Selecting config fabric-rendering-v1.mixins.json
[23:38:57] [main/DEBUG] (FabricLoader/Mixin) Selecting config fabric-gametest-api-v1.mixins.json
[23:38:57] [main/DEBUG] (FabricLoader/Mixin) Selecting config fabric-creative-tab-api-v1.mixins.json
[23:38:57] [main/DEBUG] (FabricLoader/Mixin) Selecting config fabric-creative-tab-api-v1.client.mixins.json
[23:38:57] [main/DEBUG] (FabricLoader/Mixin) Selecting config fabric-networking-api-v1.mixins.json
[23:38:57] [main/DEBUG] (FabricLoader/Mixin) Selecting config fabric-networking-api-v1.client.mixins.json
[23:38:57] [main/DEBUG] (FabricLoader/Mixin) Selecting config fabric-dimensions-v1.mixins.json
[23:38:57] [main/DEBUG] (FabricLoader/Mixin) Selecting config fabric-loot-api-v3.mixins.json
[23:38:57] [main/DEBUG] (FabricLoader/Mixin) Preparing fabric-object-builder-v1.mixins.json (12)
[23:38:57] [main/DEBUG] (FabricLoader/Mixin) Preparing fabric-object-builder-v1.client.mixins.json (2)
[23:38:57] [main/DEBUG] (FabricLoader/Mixin) Preparing fabric-entity-events-v1.mixins.json (13)
[23:38:57] [main/DEBUG] (FabricLoader/Mixin) Preparing fabric-block-api-v1.mixins.json (10)
[23:38:57] [main/DEBUG] (FabricLoader/Mixin) Preparing fabric-client-gametest-api-v1.mixins.json (25)
[23:38:57] [main/DEBUG] (FabricLoader/Mixin) Preparing fabric-rendering-fluids-v1.mixins.json (2)
[23:38:57] [main/DEBUG] (FabricLoader/Mixin) Preparing fabric-events-interaction-v0.mixins.json (8)
[23:38:57] [main/DEBUG] (FabricLoader/Mixin) Preparing fabric-events-interaction-v0.client.mixins.json (4)
[23:38:57] [main/DEBUG] (FabricLoader/Mixin) Preparing fabric-menu-api-v1.mixins.json (2)
[23:38:57] [main/DEBUG] (FabricLoader/Mixin) Preparing fabric-permission-api-v1.mixins.json (2)
[23:38:57] [main/DEBUG] (FabricLoader/Mixin) Preparing fabric-recipe-api-v1.mixins.json (8)
[23:38:57] [main/DEBUG] (FabricLoader/Mixin) Preparing fabric-recipe-api-v1.client.mixins.json (3)
[23:38:57] [main/DEBUG] (FabricLoader/Mixin) Preparing fabric-serialization-api-v1.mixins.json (4)
[23:38:57] [main/DEBUG] (FabricLoader/Mixin) Preparing fabric-key-mapping-api-v1.mixins.json (3)
[23:38:57] [main/DEBUG] (FabricLoader/Mixin) Preparing fabric-biome-api-v1.mixins.json (9)
[23:38:58] [main/DEBUG] (FabricLoader/Mixin) Preparing fabric-convention-tags-api-v2.mixins.json (1)
[23:38:58] [main/DEBUG] (FabricLoader/Mixin) Preparing fabric-data-attachment-api-v1.mixins.json (18)
[23:38:58] [main/DEBUG] (FabricLoader/Mixin) Preparing fabric-data-attachment-api-v1.client.mixins.json (2)
[23:38:58] [main/DEBUG] (FabricLoader/Mixin) Preparing fabric-debug-api-v1.mixins.json (2)
[23:38:58] [main/DEBUG] (FabricLoader/Mixin) Preparing fabric-debug-api-v1.client.mixins.json (2)
[23:38:58] [main/DEBUG] (FabricLoader/Mixin) Preparing mixinextras.init.mixins.json (0)
[23:38:58] [main/DEBUG] (FabricLoader/Mixin) Preparing fabric-game-rule-api-v1.mixins.json (5)
[23:38:58] [main/DEBUG] (FabricLoader/Mixin) Preparing fabric-game-rule-api-v1.client.mixins.json (3)
[23:38:58] [main/DEBUG] (FabricLoader/Mixin) Preparing fabric-renderer-indigo.mixins.json (2)
[23:38:58] [main/DEBUG] (FabricLoader/Mixin) Preparing fabric-sound-api-v1.mixins.json (2)
[23:38:58] [main/DEBUG] (FabricLoader/Mixin) Preparing fabric-registry-sync-v0.mixins.json (16)
[23:38:58] [main/DEBUG] (FabricLoader/Mixin) Preparing fabric-registry-sync-v0.client.mixins.json (4)
[23:38:58] [main/DEBUG] (FabricLoader/Mixin) Preparing fabric-lifecycle-events-v1.mixins.json (16)
[23:38:58] [main/DEBUG] (FabricLoader/Mixin) Preparing fabric-lifecycle-events-v1.client.mixins.json (7)
[23:38:58] [main/DEBUG] (FabricLoader/Mixin) Preparing fabric-model-loading-api-v1.mixins.json (6)
[23:38:58] [main/DEBUG] (FabricLoader/Mixin) Preparing fabric-item-api-v1.mixins.json (19)
[23:38:58] [main/DEBUG] (FabricLoader/Mixin) Preparing fabric-item-api-v1.client.mixins.json (3)
[23:38:58] [main/DEBUG] (FabricLoader/Mixin) Preparing fabric-block-getter-api-v2.mixins.json (3)
[23:38:58] [main/DEBUG] (FabricLoader/Mixin) Preparing fabric-block-getter-api-v2.client.mixins.json (3)
[23:38:58] [main/DEBUG] (FabricLoader/Mixin) Preparing fabric-command-api-v2.mixins.json (5)
[23:38:58] [main/DEBUG] (FabricLoader/Mixin) Preparing fabric-command-api-v2.client.mixins.json (3)
[23:38:58] [main/DEBUG] (FabricLoader/Mixin) Preparing fabric-tag-api-v1.mixins.json (8)
[23:38:58] [main/DEBUG] (FabricLoader/Mixin) Preparing fabric-transfer-api-v1.mixins.json (18)
[23:38:58] [main/DEBUG] (FabricLoader/Mixin) Preparing fabric-resource-conditions-api-v1.mixins.json (8)
[23:38:58] [main/DEBUG] (FabricLoader/Mixin) Preparing fabric-crash-report-info-v1.mixins.json (2)
[23:38:58] [main/DEBUG] (FabricLoader/Mixin) Preparing fabric-api-lookup-api-v1.mixins.json (2)
[23:38:58] [main/DEBUG] (FabricLoader/Mixin) Preparing fabric-message-api-v1.mixins.json (2)
[23:38:58] [main/DEBUG] (FabricLoader/Mixin) Preparing fabric-message-api-v1.client.mixins.json (2)
[23:38:58] [main/DEBUG] (FabricLoader/Mixin) Preparing fabric-renderer-api-v1.mixins.json (28)
[23:38:58] [main/DEBUG] (FabricLoader/Mixin) Preparing fabric-screen-api-v1.mixins.json (8)
[23:38:58] [main/DEBUG] (FabricLoader/Mixin) Preparing fabric-resource-loader-v1.mixins.json (15)
[23:38:58] [main/DEBUG] (FabricLoader/Mixin) Preparing fabric-resource-loader-v1.client.mixins.json (9)
[23:38:58] [main/DEBUG] (FabricLoader/Mixin) Preparing fabric-data-generation-api-v1.mixins.json (20)
[23:38:58] [main/DEBUG] (FabricLoader/Mixin) Preparing fabric-data-generation-api-v1.client.mixins.json (4)
[23:38:58] [main/DEBUG] (FabricLoader/Mixin) Preparing fabric-content-registries-v0.mixins.json (26)
[23:38:58] [main/DEBUG] (FabricLoader/Mixin) Preparing fabric-content-registries-v0.client.mixins.json (2)
[23:38:58] [main/DEBUG] (FabricLoader/Mixin) Preparing fabric-particles-v1.mixins.json (8)
[23:38:58] [main/DEBUG] (FabricLoader/Mixin) Preparing fabric-particles-v1.client.mixins.json (4)
[23:38:58] [main/DEBUG] (FabricLoader/Mixin) Preparing fabric-rendering-v1.mixins.json (56)
[23:38:58] [main/DEBUG] (FabricLoader/Mixin) Preparing fabric-gametest-api-v1.mixins.json (4)
[23:38:58] [main/DEBUG] (FabricLoader/Mixin) Preparing fabric-creative-tab-api-v1.mixins.json (3)
[23:38:58] [main/DEBUG] (FabricLoader/Mixin) Preparing fabric-creative-tab-api-v1.client.mixins.json (1)
[23:38:58] [main/DEBUG] (FabricLoader/Mixin) Preparing fabric-networking-api-v1.mixins.json (28)
[23:38:58] [main/DEBUG] (FabricLoader/Mixin) Preparing fabric-networking-api-v1.client.mixins.json (10)
[23:38:58] [main/DEBUG] (FabricLoader/Mixin) Preparing fabric-dimensions-v1.mixins.json (7)
[23:38:58] [main/DEBUG] (FabricLoader/Mixin) Preparing fabric-loot-api-v3.mixins.json (8)
[23:38:58] [main/DEBUG] (FabricLoader/Mixin) Inner class net/fabricmc/fabric/mixin/registry/sync/MappedRegistryMixin$1 in net/fabricmc/fabric/mixin/registry/sync/MappedRegistryMixin on net/minecraft/core/MappedRegistry gets unique name net/minecraft/core/MappedRegistry$Anonymous$0a3f9fa0a200368cad403406b73f8d7f
[23:38:58] [main/DEBUG] (FabricLoader/Mixin) Inner class net/fabricmc/fabric/mixin/transfer/ChiseledBookShelfBlockEntityMixin$1 in net/fabricmc/fabric/mixin/transfer/ChiseledBookShelfBlockEntityMixin on net/minecraft/world/level/block/entity/ChiseledBookShelfBlockEntity gets unique name net/minecraft/world/level/block/entity/ChiseledBookShelfBlockEntity$Anonymous$6b8fabc9a3dd3f94be74f1199f97fdb5
[23:38:58] [main/DEBUG] (FabricLoader/Mixin) Inner class net/fabricmc/fabric/mixin/client/renderer/block/model/MultiPartModelMixin$1Key in net/fabricmc/fabric/mixin/client/renderer/block/model/MultiPartModelMixin on net/minecraft/client/renderer/block/dispatch/multipart/MultiPartModel gets unique name net/minecraft/client/renderer/block/dispatch/multipart/MultiPartModel$1Key$d4e3290e0bec3848952b79305a2bdde0
[23:38:58] [main/DEBUG] (FabricLoader/Mixin) Inner class net/fabricmc/fabric/mixin/client/renderer/block/render/MovingBlockFeatureRendererMixin$1 in net/fabricmc/fabric/mixin/client/renderer/block/render/MovingBlockFeatureRendererMixin on net/minecraft/client/renderer/feature/MovingBlockFeatureRenderer gets unique name net/minecraft/client/renderer/feature/MovingBlockFeatureRenderer$Anonymous$f26b90aaddd338f3a91348764399f40b
[23:38:58] [main/DEBUG] (FabricLoader/Mixin) Inner class net/fabricmc/fabric/mixin/gametest/StructureTemplateManagerMixin$1 in net/fabricmc/fabric/mixin/gametest/StructureTemplateManagerMixin on net/minecraft/world/level/levelgen/structure/templatesystem/StructureTemplateManager gets unique name net/minecraft/world/level/levelgen/structure/templatesystem/StructureTemplateManager$Anonymous$2385a326ce863bc0bf2a11ea898a45b4
[23:38:58] [main/DEBUG] (FabricLoader/Mixin) Inner class net/fabricmc/fabric/mixin/creativetab/CreativeModeTabsMixin$1CreativeModeTabPosition in net/fabricmc/fabric/mixin/creativetab/CreativeModeTabsMixin on net/minecraft/world/item/CreativeModeTabs gets unique name net/minecraft/world/item/CreativeModeTabs$1CreativeModeTabPosition$0e98f82501ab3a9692342fe737dd0eec
[23:38:58] [main/DEBUG] (FabricLoader/Mixin) Prepared 480 mixins in 0.704 sec (1.5ms avg) (0ms load, 0ms transform, 0ms plugin)
[23:38:58] [main/DEBUG] (io.netty.util.internal.logging.InternalLoggerFactory) Using SLF4J as the default logging framework
[23:38:58] [main/DEBUG] (io.netty.util.ResourceLeakDetector) -Dio.netty.leakDetection.level: simple
[23:38:58] [main/DEBUG] (io.netty.util.ResourceLeakDetector) -Dio.netty.leakDetection.targetRecords: 4
[23:38:58] [main/DEBUG] (com.mojang.blaze3d.platform.NativeLibrariesBootstrap) Loading LWJGL system
[23:38:58] [main/DEBUG] (com.mojang.blaze3d.platform.NativeLibrariesBootstrap) Loading freetype
[23:38:58] [main/DEBUG] (com.mojang.blaze3d.platform.NativeLibrariesBootstrap) Loading vma
[23:38:58] [main/DEBUG] (com.mojang.blaze3d.platform.NativeLibrariesBootstrap) Loading OpenAL
[23:38:58] [main/DEBUG] (com.mojang.blaze3d.platform.NativeLibrariesBootstrap) Loading tinyfd
[23:38:58] [main/DEBUG] (com.mojang.blaze3d.platform.NativeLibrariesBootstrap) Loading GLFW
[23:38:58] [main/DEBUG] (com.mojang.blaze3d.platform.NativeLibrariesBootstrap) Loading STB
[23:38:58] [main/DEBUG] (com.mojang.blaze3d.platform.NativeLibrariesBootstrap) Loading spvc
[23:38:58] [main/DEBUG] (com.mojang.blaze3d.platform.NativeLibrariesBootstrap) Loading shaderc
[23:38:59] [main/DEBUG] (com.mojang.blaze3d.platform.NativeLibrariesBootstrap) Loading OpenGL
[23:38:59] [main/DEBUG] (com.mojang.blaze3d.platform.NativeLibrariesBootstrap) Library load time: 277 ms
[23:38:59] [main/INFO] (FabricLoader/MixinExtras|Service) Initializing MixinExtras via com.llamalad7.mixinextras.service.MixinExtrasServiceImpl(version=0.5.5).
[23:38:59] [main/DEBUG] (FabricLoader/Mixin) Registering new injector for @SugarWrapper with com.llamalad7.mixinextras.sugar.impl.SugarWrapperInjectionInfo
[23:38:59] [main/DEBUG] (FabricLoader/Mixin) Registering new injector for @FactoryRedirectWrapper with com.llamalad7.mixinextras.wrapper.factory.FactoryRedirectWrapperInjectionInfo
[23:38:59] [main/DEBUG] (FabricLoader/Mixin) Registering new injector for @ExpressionInjectorWrapper with com.llamalad7.mixinextras.expression.impl.wrapper.ExpressionInjectorWrapperInjectionInfo
[23:38:59] [main/DEBUG] (FabricLoader/Mixin) Mixing DimensionStorageFileFixMixin from fabric-data-attachment-api-v1.mixins.json into net.minecraft.util.filefix.fixes.DimensionStorageFileFix
[23:38:59] [main/DEBUG] (FabricLoader/Mixin) Mixing TaggedChoiceMixin from fabric-dimensions-v1.mixins.json into com.mojang.datafixers.types.templates.TaggedChoice
[23:38:59] [main/DEBUG] (FabricLoader/Mixin) fabric-dimensions-v1.mixins.json:TaggedChoiceMixin from mod fabric-dimensions-v1->@Inject::onApply(Lcom/mojang/datafixers/util/Pair;Lorg/spongepowered/asm/mixin/injection/callback/CallbackInfoReturnable;)V does use it's CallbackInfoReturnable
[23:38:59] [main/DEBUG] (FabricLoader/Mixin) Mixing TaggedChoiceTaggedChoiceTypeMixin from fabric-dimensions-v1.mixins.json into com.mojang.datafixers.types.templates.TaggedChoice$TaggedChoiceType
[23:38:59] [main/DEBUG] (FabricLoader/Mixin) fabric-dimensions-v1.mixins.json:TaggedChoiceTaggedChoiceTypeMixin from mod fabric-dimensions-v1->@Inject::onGetCodec(Ljava/lang/Object;Lorg/spongepowered/asm/mixin/injection/callback/CallbackInfoReturnable;)V does use it's CallbackInfoReturnable
[23:38:59] [main/DEBUG] (FabricLoader/Mixin) Mixing RegistriesMixin from fabric-registry-sync-v0.mixins.json into net.minecraft.core.registries.Registries
[23:38:59] [main/DEBUG] (FabricLoader/Mixin) Mixing V2832Mixin from fabric-dimensions-v1.mixins.json into net.minecraft.util.datafix.schemas.V2832
[23:38:59] [main/DEBUG] (FabricLoader/Mixin) Mixing SystemReportMixin from fabric-crash-report-info-v1.mixins.json into net.minecraft.SystemReport
[23:38:59] [main/DEBUG] (FabricLoader/Mixin) Renaming synthetic method lambda$appendMods$0(Lnet/fabricmc/loader/api/ModContainer;)Ljava/lang/String; to md7baf8b$fabric-crash-report-info-v1$lambda$appendMods$0$0 in fabric-crash-report-info-v1.mixins.json:SystemReportMixin from mod fabric-crash-report-info-v1
[23:38:59] [main/DEBUG] (FabricLoader/Mixin) Renaming synthetic method lambda$fillSystemDetails$0()Ljava/lang/Object; to md7baf8b$fabric-crash-report-info-v1$lambda$fillSystemDetails$0$1 in fabric-crash-report-info-v1.mixins.json:SystemReportMixin from mod fabric-crash-report-info-v1
[23:38:59] [main/DEBUG] (FabricLoader/Mixin) fabric-crash-report-info-v1.mixins.json:SystemReportMixin from mod fabric-crash-report-info-v1->@Inject::fillSystemDetails(Lorg/spongepowered/asm/mixin/injection/callback/CallbackInfo;)V doesn't use it's CallbackInfo
[23:38:59] [main/DEBUG] (FabricLoader/Mixin) fabric-crash-report-info-v1.mixins.json:SystemReportMixin from mod fabric-crash-report-info-v1->@Inject::fillSystemDetails(Lorg/spongepowered/asm/mixin/injection/callback/CallbackInfo;)V has 0 override(s) in child classes
[23:38:59] [main/DEBUG] (FabricLoader/Mixin) fabric-crash-report-info-v1.mixins.json:SystemReportMixin from mod fabric-crash-report-info-v1->@Inject::fillSystemDetails(Lorg/spongepowered/asm/mixin/injection/callback/CallbackInfo;)V won't be passed a CallbackInfo as a result
[23:39:00] [Datafixer Bootstrap #0/INFO] (com.mojang.datafixers.DataFixerBuilder) 295 Datafixer optimizations took 350 milliseconds
[23:39:00] [main/DEBUG] (oshi.software.os.windows.WindowsOperatingSystem) Debug privileges not enabled.
[23:39:00] [main/DEBUG] (FabricLoader/Mixin) Mixing BootstrapMixin from fabric-registry-sync-v0.mixins.json into net.minecraft.server.Bootstrap
[23:39:00] [main/DEBUG] (FabricLoader/Mixin) Renaming synthetic method lambda$afterInitialize$1(Lnet/minecraft/world/level/material/Fluid;)Ljava/util/Collection; to md7baf8b$fabric-registry-sync-v0$lambda$afterInitialize$1$0 in fabric-registry-sync-v0.mixins.json:BootstrapMixin from mod fabric-registry-sync-v0
[23:39:00] [main/DEBUG] (FabricLoader/Mixin) Renaming synthetic method lambda$afterInitialize$0(Lnet/minecraft/world/level/block/Block;)Ljava/util/Collection; to md7baf8b$fabric-registry-sync-v0$lambda$afterInitialize$0$1 in fabric-registry-sync-v0.mixins.json:BootstrapMixin from mod fabric-registry-sync-v0
[23:39:00] [main/DEBUG] (FabricLoader/Mixin) fabric-registry-sync-v0.mixins.json:BootstrapMixin from mod fabric-registry-sync-v0->@Inject::afterInitialize(Lorg/spongepowered/asm/mixin/injection/callback/CallbackInfo;)V doesn't use it's CallbackInfo
[23:39:00] [main/DEBUG] (FabricLoader/Mixin) Mixing RegistryMixin from fabric-registry-sync-v0.mixins.json into net.minecraft.core.Registry
[23:39:00] [main/DEBUG] (FabricLoader/Mixin) Mixing BuiltInRegistriesMixin from fabric-object-builder-v1.mixins.json into net.minecraft.core.registries.BuiltInRegistries
[23:39:00] [main/DEBUG] (FabricLoader/Mixin) Mixing BuiltInRegistriesAccessor from fabric-registry-sync-v0.mixins.json into net.minecraft.core.registries.BuiltInRegistries
[23:39:00] [main/DEBUG] (FabricLoader/Mixin) Renaming @Accessor method getWRITABLE_REGISTRY()Lnet/minecraft/core/WritableRegistry; to getWRITABLE_REGISTRY$fabric-registry-sync-v0_$md$7baf8b$0 in fabric-registry-sync-v0.mixins.json:BuiltInRegistriesAccessor from mod fabric-registry-sync-v0
[23:39:00] [main/DEBUG] (FabricLoader/Mixin) Mixing BuiltInRegistriesMixin from fabric-registry-sync-v0.mixins.json into net.minecraft.core.registries.BuiltInRegistries
[23:39:00] [main/DEBUG] (FabricLoader/Mixin) Mixing BuiltInRegistriesMixin from fabric-item-api-v1.mixins.json into net.minecraft.core.registries.BuiltInRegistries
[23:39:00] [main/DEBUG] (FabricLoader/Mixin) fabric-object-builder-v1.mixins.json:BuiltInRegistriesMixin from mod fabric-object-builder-api-v1->@Inject::modifyAttributes(Lorg/spongepowered/asm/mixin/injection/callback/CallbackInfo;)V doesn't use it's CallbackInfo
[23:39:00] [main/DEBUG] (FabricLoader/Mixin) fabric-registry-sync-v0.mixins.json:BuiltInRegistriesMixin from mod fabric-registry-sync-v0->@Inject::init(Lorg/spongepowered/asm/mixin/injection/callback/CallbackInfo;)V does use it's CallbackInfo
[23:39:00] [main/DEBUG] (FabricLoader/Mixin) fabric-item-api-v1.mixins.json:BuiltInRegistriesMixin from mod fabric-item-api-v1->@Inject::modifyDefaultItemComponents(Lorg/spongepowered/asm/mixin/injection/callback/CallbackInfo;)V doesn't use it's CallbackInfo
[23:39:00] [main/DEBUG] (FabricLoader/Mixin) Mixing MappedRegistryAccessor from fabric-registry-sync-v0.mixins.json into net.minecraft.core.MappedRegistry
[23:39:00] [main/DEBUG] (FabricLoader/Mixin) Mixing MappedRegistryMixin from fabric-registry-sync-v0.mixins.json into net.minecraft.core.MappedRegistry
[23:39:00] [main/DEBUG] (FabricLoader/Mixin) Renaming synthetic method lambda$remap$0()Lnet/fabricmc/fabric/impl/registry/sync/RemapException; to md7baf8b$fabric-registry-sync-v0$lambda$remap$0$0 in fabric-registry-sync-v0.mixins.json:MappedRegistryMixin from mod fabric-registry-sync-v0
[23:39:00] [main/DEBUG] (FabricLoader/Mixin) Renaming synthetic method lambda$init$3([Lnet/fabricmc/fabric/api/event/registry/RegistryIdRemapCallback;)Lnet/fabricmc/fabric/api/event/registry/RegistryIdRemapCallback; to md7baf8b$fabric-registry-sync-v0$lambda$init$3$1 in fabric-registry-sync-v0.mixins.json:MappedRegistryMixin from mod fabric-registry-sync-v0
[23:39:00] [main/DEBUG] (FabricLoader/Mixin) Renaming synthetic method lambda$init$4([Lnet/fabricmc/fabric/api/event/registry/RegistryIdRemapCallback;Lnet/fabricmc/fabric/api/event/registry/RegistryIdRemapCallback$RemapState;)V to md7baf8b$fabric-registry-sync-v0$lambda$init$4$2 in fabric-registry-sync-v0.mixins.json:MappedRegistryMixin from mod fabric-registry-sync-v0
[23:39:00] [main/DEBUG] (FabricLoader/Mixin) Renaming synthetic method lambda$init$2(ILnet/minecraft/resources/Identifier;Ljava/lang/Object;)V to md7baf8b$fabric-registry-sync-v0$lambda$init$2$3 in fabric-registry-sync-v0.mixins.json:MappedRegistryMixin from mod fabric-registry-sync-v0
[23:39:00] [main/DEBUG] (FabricLoader/Mixin) Renaming synthetic method lambda$init$0([Lnet/fabricmc/fabric/api/event/registry/RegistryEntryAddedCallback;)Lnet/fabricmc/fabric/api/event/registry/RegistryEntryAddedCallback; to md7baf8b$fabric-registry-sync-v0$lambda$init$0$4 in fabric-registry-sync-v0.mixins.json:MappedRegistryMixin from mod fabric-registry-sync-v0
[23:39:00] [main/DEBUG] (FabricLoader/Mixin) Renaming synthetic method lambda$init$1([Lnet/fabricmc/fabric/api/event/registry/RegistryEntryAddedCallback;ILnet/minecraft/resources/Identifier;Ljava/lang/Object;)V to md7baf8b$fabric-registry-sync-v0$lambda$init$1$5 in fabric-registry-sync-v0.mixins.json:MappedRegistryMixin from mod fabric-registry-sync-v0
[23:39:00] [main/DEBUG] (FabricLoader/Mixin) Mixing MappedRegistryMixin from fabric-tag-api-v1.mixins.json into net.minecraft.core.MappedRegistry
[23:39:00] [main/DEBUG] (FabricLoader/Mixin) Mixing MappedRegistryAccessor from fabric-dimensions-v1.mixins.json into net.minecraft.core.MappedRegistry
[23:39:00] [main/DEBUG] (FabricLoader/Mixin) fabric-registry-sync-v0.mixins.json:MappedRegistryMixin from mod fabric-registry-sync-v0->@Inject::init(Lnet/minecraft/resources/ResourceKey;Lcom/mojang/serialization/Lifecycle;ZLorg/spongepowered/asm/mixin/injection/callback/CallbackInfo;)V doesn't use it's CallbackInfo
[23:39:00] [main/DEBUG] (FabricLoader/Mixin) fabric-registry-sync-v0.mixins.json:MappedRegistryMixin from mod fabric-registry-sync-v0->@Inject::init(Lnet/minecraft/resources/ResourceKey;Lcom/mojang/serialization/Lifecycle;ZLorg/spongepowered/asm/mixin/injection/callback/CallbackInfo;)V has 0 override(s) in child classes
[23:39:00] [main/DEBUG] (FabricLoader/Mixin) fabric-registry-sync-v0.mixins.json:MappedRegistryMixin from mod fabric-registry-sync-v0->@Inject::init(Lnet/minecraft/resources/ResourceKey;Lcom/mojang/serialization/Lifecycle;ZLorg/spongepowered/asm/mixin/injection/callback/CallbackInfo;)V won't be passed a CallbackInfo as a result
[23:39:00] [main/DEBUG] (FabricLoader/Mixin) fabric-registry-sync-v0.mixins.json:MappedRegistryMixin from mod fabric-registry-sync-v0->@Inject::set(Lnet/minecraft/resources/ResourceKey;Ljava/lang/Object;Lnet/minecraft/core/RegistrationInfo;Lorg/spongepowered/asm/mixin/injection/callback/CallbackInfoReturnable;)V does use it's CallbackInfoReturnable
[23:39:00] [main/DEBUG] (FabricLoader/Mixin) Mixing DataComponentInitializersMixin from fabric-item-api-v1.mixins.json into net.minecraft.core.component.DataComponentInitializers
[23:39:00] [main/DEBUG] (FabricLoader/Mixin) Renaming synthetic method lambda$captureLookup$0(Lcom/llamalad7/mixinextras/injector/wrapoperation/Operation;Lnet/minecraft/core/HolderLookup$Provider;Lnet/minecraft/core/component/DataComponentInitializers$PendingComponentBuilders;)Lnet/minecraft/core/component/DataComponentInitializers$PendingComponents; to md7baf8b$fabric-item-api-v1$lambda$captureLookup$0$0 in fabric-item-api-v1.mixins.json:DataComponentInitializersMixin from mod fabric-item-api-v1
[23:39:00] [main/DEBUG] (FabricLoader/Mixin) Mixing effect.MobEffectMixin from fabric-entity-events-v1.mixins.json into net.minecraft.world.effect.MobEffect
[23:39:00] [main/DEBUG] (FabricLoader/Mixin) Mixing ArgumentTypeInfosAccessor from fabric-command-api-v2.mixins.json into net.minecraft.commands.synchronization.ArgumentTypeInfos
[23:39:00] [main/DEBUG] (FabricLoader/Mixin) Renaming @Accessor method fabric_getClassMap()Ljava/util/Map; to fabric_getClassMap$fabric-command-api-v2_$md$7baf8b$0 in fabric-command-api-v2.mixins.json:ArgumentTypeInfosAccessor from mod fabric-command-api-v2
[23:39:00] [main/DEBUG] (FabricLoader/Mixin) Mixing DecoratedPotPatternsMixin from fabric-content-registries-v0.mixins.json into net.minecraft.world.level.block.entity.DecoratedPotPatterns
[23:39:00] [main/DEBUG] (FabricLoader/Mixin) fabric-content-registries-v0.mixins.json:DecoratedPotPatternsMixin from mod fabric-content-registries-v0->@Inject::makeItemToPatternMappingsMutable(Ljava/util/function/BiConsumer;Lorg/spongepowered/asm/mixin/injection/callback/CallbackInfo;)V doesn't use it's CallbackInfo
[23:39:00] [main/DEBUG] (FabricLoader/Mixin) Mixing CreativeModeTabsMixin from fabric-creative-tab-api-v1.mixins.json into net.minecraft.world.item.CreativeModeTabs
[23:39:00] [main/DEBUG] (FabricLoader/Mixin) Renaming synthetic method lambda$paginateTabs$0(Lnet/minecraft/core/Holder$Reference;Lnet/minecraft/core/Holder$Reference;)I to md7baf8b$fabric-creative-tab-api-v1$lambda$paginateTabs$0$0 in fabric-creative-tab-api-v1.mixins.json:CreativeModeTabsMixin from mod fabric-creative-tab-api-v1
[23:39:00] [main/DEBUG] (FabricLoader/Mixin) fabric-creative-tab-api-v1.mixins.json:CreativeModeTabsMixin from mod fabric-creative-tab-api-v1->@Inject::deferDuplicateCheck(Lorg/spongepowered/asm/mixin/injection/callback/CallbackInfo;)V does use it's CallbackInfo
[23:39:00] [main/DEBUG] (FabricLoader/Mixin) fabric-creative-tab-api-v1.mixins.json:CreativeModeTabsMixin from mod fabric-creative-tab-api-v1->@Inject::paginateTabs(Lorg/spongepowered/asm/mixin/injection/callback/CallbackInfo;)V doesn't use it's CallbackInfo
[23:39:00] [main/DEBUG] (FabricLoader/Mixin) Mixing CreativeModeTabAccessor from fabric-creative-tab-api-v1.mixins.json into net.minecraft.world.item.CreativeModeTab
[23:39:00] [main/DEBUG] (FabricLoader/Mixin) Mixing CreativeModeTabMixin from fabric-creative-tab-api-v1.mixins.json into net.minecraft.world.item.CreativeModeTab
[23:39:00] [main/DEBUG] (FabricLoader/Mixin) Renaming synthetic method lambda$getStacks$0(Lnet/minecraft/world/item/CreativeModeTab;)Ljava/lang/IllegalStateException; to md7baf8b$fabric-creative-tab-api-v1$lambda$getStacks$0$0 in fabric-creative-tab-api-v1.mixins.json:CreativeModeTabMixin from mod fabric-creative-tab-api-v1
[23:39:00] [main/DEBUG] (FabricLoader/Mixin) fabric-creative-tab-api-v1.mixins.json:CreativeModeTabMixin from mod fabric-creative-tab-api-v1->@Inject::getStacks(Lnet/minecraft/world/item/CreativeModeTab$ItemDisplayParameters;Lorg/spongepowered/asm/mixin/injection/callback/CallbackInfo;)V doesn't use it's CallbackInfo
[23:39:00] [main/DEBUG] (FabricLoader/Mixin) fabric-creative-tab-api-v1.mixins.json:CreativeModeTabMixin from mod fabric-creative-tab-api-v1->@Inject::getStacks(Lnet/minecraft/world/item/CreativeModeTab$ItemDisplayParameters;Lorg/spongepowered/asm/mixin/injection/callback/CallbackInfo;)V has 0 override(s) in child classes
[23:39:00] [main/DEBUG] (FabricLoader/Mixin) fabric-creative-tab-api-v1.mixins.json:CreativeModeTabMixin from mod fabric-creative-tab-api-v1->@Inject::getStacks(Lnet/minecraft/world/item/CreativeModeTab$ItemDisplayParameters;Lorg/spongepowered/asm/mixin/injection/callback/CallbackInfo;)V won't be passed a CallbackInfo as a result
[23:39:00] [main/DEBUG] (FabricLoader/Mixin) Mixing GameRuleMixin from fabric-game-rule-api-v1.mixins.json into net.minecraft.world.level.gamerules.GameRule
[23:39:00] [main/DEBUG] (FabricLoader/Mixin) Renaming synthetic method lambda$deserializeEnum$1(Ljava/lang/String;)Ljava/lang/String; to md7baf8b$fabric-game-rule-api-v1$lambda$deserializeEnum$1$0 in fabric-game-rule-api-v1.mixins.json:GameRuleMixin from mod fabric-game-rule-api-v1
[23:39:00] [main/DEBUG] (FabricLoader/Mixin) Renaming synthetic method lambda$deserializeEnum$0(Ljava/lang/String;Ljava/lang/Class;)Ljava/lang/String; to md7baf8b$fabric-game-rule-api-v1$lambda$deserializeEnum$0$1 in fabric-game-rule-api-v1.mixins.json:GameRuleMixin from mod fabric-game-rule-api-v1
[23:39:01] [main/DEBUG] (FabricLoader/Mixin) Mixing FireBlockMixin from fabric-content-registries-v0.mixins.json into net.minecraft.world.level.block.FireBlock
[23:39:01] [main/DEBUG] (FabricLoader/Mixin) fabric-content-registries-v0.mixins.json:FireBlockMixin from mod fabric-content-registries-v0->@Inject::afterConstruct(Lnet/minecraft/world/level/block/state/BlockBehaviour$Properties;Lorg/spongepowered/asm/mixin/injection/callback/CallbackInfo;)V doesn't use it's CallbackInfo
[23:39:01] [main/DEBUG] (FabricLoader/Mixin) fabric-content-registries-v0.mixins.json:FireBlockMixin from mod fabric-content-registries-v0->@Inject::afterConstruct(Lnet/minecraft/world/level/block/state/BlockBehaviour$Properties;Lorg/spongepowered/asm/mixin/injection/callback/CallbackInfo;)V has 0 override(s) in child classes
[23:39:01] [main/DEBUG] (FabricLoader/Mixin) fabric-content-registries-v0.mixins.json:FireBlockMixin from mod fabric-content-registries-v0->@Inject::afterConstruct(Lnet/minecraft/world/level/block/state/BlockBehaviour$Properties;Lorg/spongepowered/asm/mixin/injection/callback/CallbackInfo;)V won't be passed a CallbackInfo as a result
[23:39:01] [main/DEBUG] (FabricLoader/Mixin) fabric-content-registries-v0.mixins.json:FireBlockMixin from mod fabric-content-registries-v0->@Inject::getFabricBurnChance(Lnet/minecraft/world/level/block/state/BlockState;Lorg/spongepowered/asm/mixin/injection/callback/CallbackInfoReturnable;)V does use it's CallbackInfoReturnable
[23:39:01] [main/DEBUG] (FabricLoader/Mixin) fabric-content-registries-v0.mixins.json:FireBlockMixin from mod fabric-content-registries-v0->@Inject::getFabricSpreadChance(Lnet/minecraft/world/level/block/state/BlockState;Lorg/spongepowered/asm/mixin/injection/callback/CallbackInfoReturnable;)V does use it's CallbackInfoReturnable
[23:39:01] [main/DEBUG] (FabricLoader/Mixin) Mixing BlockMixin from fabric-block-api-v1.mixins.json into net.minecraft.world.level.block.Block
[23:39:01] [main/DEBUG] (FabricLoader/Mixin) Mixing BlockBehaviourAccessor from fabric-content-registries-v0.mixins.json into net.minecraft.world.level.block.state.BlockBehaviour
[23:39:01] [main/DEBUG] (FabricLoader/Mixin) Mixing BlockGetterMixin from fabric-block-getter-api-v2.mixins.json into net.minecraft.world.level.BlockGetter
[23:39:01] [main/DEBUG] (FabricLoader/Mixin) Mixing BlockStateMixin from fabric-block-api-v1.mixins.json into net.minecraft.world.level.block.state.BlockState
[23:39:01] [main/DEBUG] (FabricLoader/Mixin) Mixing BlockBehaviourBlockStateBaseMixin from fabric-events-interaction-v0.mixins.json into net.minecraft.world.level.block.state.BlockBehaviour$BlockStateBase
[23:39:01] [main/DEBUG] (FabricLoader/Mixin) Mixing BlockBehaviourBlockStateBaseMixin from fabric-content-registries-v0.mixins.json into net.minecraft.world.level.block.state.BlockBehaviour$BlockStateBase
[23:39:01] [main/DEBUG] (FabricLoader/Mixin) fabric-events-interaction-v0.mixins.json:BlockBehaviourBlockStateBaseMixin from mod fabric-events-interaction-v0->@Inject::callUseItemOnEvent(Lnet/minecraft/world/item/ItemStack;Lnet/minecraft/world/level/Level;Lnet/minecraft/world/entity/player/Player;Lnet/minecraft/world/InteractionHand;Lnet/minecraft/world/phys/BlockHitResult;Lorg/spongepowered/asm/mixin/injection/callback/CallbackInfoReturnable;)V does use it's CallbackInfoReturnable
[23:39:01] [main/DEBUG] (FabricLoader/Mixin) fabric-events-interaction-v0.mixins.json:BlockBehaviourBlockStateBaseMixin from mod fabric-events-interaction-v0->@Inject::callUseWithoutItemEvent(Lnet/minecraft/world/level/Level;Lnet/minecraft/world/entity/player/Player;Lnet/minecraft/world/phys/BlockHitResult;Lorg/spongepowered/asm/mixin/injection/callback/CallbackInfoReturnable;)V does use it's CallbackInfoReturnable
[23:39:01] [main/DEBUG] (FabricLoader/Mixin) Mixing EntityMixin from fabric-entity-events-v1.mixins.json into net.minecraft.world.entity.Entity
[23:39:01] [main/DEBUG] (FabricLoader/Mixin) Mixing EntityMixin from fabric-permission-api-v1.mixins.json into net.minecraft.world.entity.Entity
[23:39:01] [main/DEBUG] (FabricLoader/Mixin) Mixing AttachmentTargetsMixin from fabric-data-attachment-api-v1.mixins.json into net.minecraft.world.entity.Entity
[23:39:01] [main/DEBUG] (FabricLoader/Mixin) Renaming synthetic method lambda$fabric_updateSyncTarget$0(Lnet/fabricmc/fabric/impl/attachment/sync/AttachmentTargetInfo;Lnet/fabricmc/fabric/impl/attachment/sync/AttachmentTargetInfo;Lnet/fabricmc/fabric/api/attachment/v1/AttachmentType;Lnet/fabricmc/fabric/impl/attachment/sync/AttachmentChange;)Lnet/fabricmc/fabric/impl/attachment/sync/AttachmentChange; to md7baf8b$fabric-data-attachment-api-v1$lambda$fabric_updateSyncTarget$0$0 in fabric-data-attachment-api-v1.mixins.json:AttachmentTargetsMixin from mod fabric-data-attachment-api-v1
[23:39:01] [main/DEBUG] (FabricLoader/Mixin) Renaming synthetic method lambda$fabric_sendAndClearDeferredSyncChanges$0(Lnet/fabricmc/fabric/api/attachment/v1/AttachmentType;)Lnet/fabricmc/fabric/impl/attachment/sync/AttachmentChange; to md7baf8b$fabric-data-attachment-api-v1$lambda$fabric_sendAndClearDeferredSyncChanges$0$1 in fabric-data-attachment-api-v1.mixins.json:AttachmentTargetsMixin from mod fabric-data-attachment-api-v1
[23:39:01] [main/DEBUG] (FabricLoader/Mixin) Renaming synthetic method lambda$fabric_readAttachmentsFromNbt$0(Lnet/fabricmc/fabric/api/attachment/v1/AttachmentType;Ljava/lang/Object;)V to md7baf8b$fabric-data-attachment-api-v1$lambda$fabric_readAttachmentsFromNbt$0$2 in fabric-data-attachment-api-v1.mixins.json:AttachmentTargetsMixin from mod fabric-data-attachment-api-v1
[23:39:01] [main/DEBUG] (FabricLoader/Mixin) Renaming synthetic method lambda$onAttachedSet$0(Lnet/fabricmc/fabric/api/attachment/v1/AttachmentType;)Lnet/fabricmc/fabric/api/event/Event; to md7baf8b$fabric-data-attachment-api-v1$lambda$onAttachedSet$0$3 in fabric-data-attachment-api-v1.mixins.json:AttachmentTargetsMixin from mod fabric-data-attachment-api-v1
[23:39:01] [main/DEBUG] (FabricLoader/Mixin) Renaming synthetic method lambda$onAttachedSet$1([Lnet/fabricmc/fabric/api/attachment/v1/AttachmentTarget$OnAttachedSet;)Lnet/fabricmc/fabric/api/attachment/v1/AttachmentTarget$OnAttachedSet; to md7baf8b$fabric-data-attachment-api-v1$lambda$onAttachedSet$1$4 in fabric-data-attachment-api-v1.mixins.json:AttachmentTargetsMixin from mod fabric-data-attachment-api-v1
[23:39:01] [main/DEBUG] (FabricLoader/Mixin) Renaming synthetic method lambda$onAttachedSet$2([Lnet/fabricmc/fabric/api/attachment/v1/AttachmentTarget$OnAttachedSet;Ljava/lang/Object;Ljava/lang/Object;)V to md7baf8b$fabric-data-attachment-api-v1$lambda$onAttachedSet$2$5 in fabric-data-attachment-api-v1.mixins.json:AttachmentTargetsMixin from mod fabric-data-attachment-api-v1
[23:39:01] [main/DEBUG] (FabricLoader/Mixin) Mixing EntityMixin from fabric-data-attachment-api-v1.mixins.json into net.minecraft.world.entity.Entity
[23:39:01] [main/DEBUG] (FabricLoader/Mixin) Renaming synthetic method lambda$fabric_syncChange$0(Lnet/fabricmc/fabric/api/attachment/v1/AttachmentSyncPredicate;Lnet/fabricmc/fabric/impl/attachment/sync/AttachmentChange;Lnet/minecraft/server/level/ServerPlayer;)V to md7baf8b$fabric-data-attachment-api-v1$lambda$fabric_syncChange$0$6 in fabric-data-attachment-api-v1.mixins.json:EntityMixin from mod fabric-data-attachment-api-v1
[23:39:01] [main/DEBUG] (FabricLoader/Mixin) Mixing EntityMixin from fabric-debug-api-v1.mixins.json into net.minecraft.world.entity.Entity
[23:39:01] [main/DEBUG] (FabricLoader/Mixin) Mixing EntityMixin from fabric-lifecycle-events-v1.mixins.json into net.minecraft.world.entity.Entity
[23:39:01] [main/DEBUG] (FabricLoader/Mixin) Mixing fluid.EntityAccessor from fabric-content-registries-v0.mixins.json into net.minecraft.world.entity.Entity
[23:39:01] [main/DEBUG] (FabricLoader/Mixin) Mixing fluid.EntityMixin from fabric-content-registries-v0.mixins.json into net.minecraft.world.entity.Entity
[23:39:01] [main/DEBUG] (FabricLoader/Mixin) Mixing EntityMixin from fabric-particles-v1.mixins.json into net.minecraft.world.entity.Entity
[23:39:01] [main/DEBUG] (FabricLoader/Mixin) fabric-permission-api-v1.mixins.json:EntityMixin from mod fabric-permission-api-v1->@Inject::createPermissionContext(Lnet/minecraft/world/entity/EntityType;Lnet/minecraft/world/level/Level;Lorg/spongepowered/asm/mixin/injection/callback/CallbackInfo;)V doesn't use it's CallbackInfo
[23:39:01] [main/DEBUG] (FabricLoader/Mixin) fabric-permission-api-v1.mixins.json:EntityMixin from mod fabric-permission-api-v1->@Inject::createPermissionContext(Lnet/minecraft/world/entity/EntityType;Lnet/minecraft/world/level/Level;Lorg/spongepowered/asm/mixin/injection/callback/CallbackInfo;)V has 0 override(s) in child classes
[23:39:01] [main/DEBUG] (FabricLoader/Mixin) fabric-permission-api-v1.mixins.json:EntityMixin from mod fabric-permission-api-v1->@Inject::createPermissionContext(Lnet/minecraft/world/entity/EntityType;Lnet/minecraft/world/level/Level;Lorg/spongepowered/asm/mixin/injection/callback/CallbackInfo;)V won't be passed a CallbackInfo as a result
[23:39:01] [main/DEBUG] (FabricLoader/Mixin) fabric-data-attachment-api-v1.mixins.json:EntityMixin from mod fabric-data-attachment-api-v1->@Inject::readEntityAttachments(Lnet/minecraft/world/level/storage/ValueInput;Lorg/spongepowered/asm/mixin/injection/callback/CallbackInfo;)V doesn't use it's CallbackInfo
[23:39:01] [main/DEBUG] (FabricLoader/Mixin) fabric-data-attachment-api-v1.mixins.json:EntityMixin from mod fabric-data-attachment-api-v1->@Inject::readEntityAttachments(Lnet/minecraft/world/level/storage/ValueInput;Lorg/spongepowered/asm/mixin/injection/callback/CallbackInfo;)V has 0 override(s) in child classes
[23:39:01] [main/DEBUG] (FabricLoader/Mixin) fabric-data-attachment-api-v1.mixins.json:EntityMixin from mod fabric-data-attachment-api-v1->@Inject::readEntityAttachments(Lnet/minecraft/world/level/storage/ValueInput;Lorg/spongepowered/asm/mixin/injection/callback/CallbackInfo;)V won't be passed a CallbackInfo as a result
[23:39:01] [main/DEBUG] (FabricLoader/Mixin) fabric-data-attachment-api-v1.mixins.json:EntityMixin from mod fabric-data-attachment-api-v1->@Inject::writeEntityAttachments(Lnet/minecraft/world/level/storage/ValueOutput;Lorg/spongepowered/asm/mixin/injection/callback/CallbackInfo;)V doesn't use it's CallbackInfo
[23:39:01] [main/DEBUG] (FabricLoader/Mixin) fabric-data-attachment-api-v1.mixins.json:EntityMixin from mod fabric-data-attachment-api-v1->@Inject::writeEntityAttachments(Lnet/minecraft/world/level/storage/ValueOutput;Lorg/spongepowered/asm/mixin/injection/callback/CallbackInfo;)V has 0 override(s) in child classes
[23:39:01] [main/DEBUG] (FabricLoader/Mixin) fabric-data-attachment-api-v1.mixins.json:EntityMixin from mod fabric-data-attachment-api-v1->@Inject::writeEntityAttachments(Lnet/minecraft/world/level/storage/ValueOutput;Lorg/spongepowered/asm/mixin/injection/callback/CallbackInfo;)V won't be passed a CallbackInfo as a result
[23:39:01] [main/DEBUG] (FabricLoader/Mixin) fabric-data-attachment-api-v1.mixins.json:EntityMixin from mod fabric-data-attachment-api-v1->@Inject::setId(ILorg/spongepowered/asm/mixin/injection/callback/CallbackInfo;)V doesn't use it's CallbackInfo
[23:39:01] [main/DEBUG] (FabricLoader/Mixin) fabric-data-attachment-api-v1.mixins.json:EntityMixin from mod fabric-data-attachment-api-v1->@Inject::setId(ILorg/spongepowered/asm/mixin/injection/callback/CallbackInfo;)V has 0 override(s) in child classes
[23:39:01] [main/DEBUG] (FabricLoader/Mixin) fabric-data-attachment-api-v1.mixins.json:EntityMixin from mod fabric-data-attachment-api-v1->@Inject::setId(ILorg/spongepowered/asm/mixin/injection/callback/CallbackInfo;)V won't be passed a CallbackInfo as a result
[23:39:01] [main/DEBUG] (FabricLoader/Mixin) fabric-debug-api-v1.mixins.json:EntityMixin from mod fabric-debug-api-v1->@Inject::addDebugValues(Lnet/minecraft/server/level/ServerLevel;Lnet/minecraft/util/debug/DebugValueSource$Registration;Lorg/spongepowered/asm/mixin/injection/callback/CallbackInfo;)V doesn't use it's CallbackInfo
[23:39:01] [main/DEBUG] (FabricLoader/Mixin) fabric-debug-api-v1.mixins.json:EntityMixin from mod fabric-debug-api-v1->@Inject::addDebugValues(Lnet/minecraft/server/level/ServerLevel;Lnet/minecraft/util/debug/DebugValueSource$Registration;Lorg/spongepowered/asm/mixin/injection/callback/CallbackInfo;)V has 0 override(s) in child classes
[23:39:01] [main/DEBUG] (FabricLoader/Mixin) fabric-debug-api-v1.mixins.json:EntityMixin from mod fabric-debug-api-v1->@Inject::addDebugValues(Lnet/minecraft/server/level/ServerLevel;Lnet/minecraft/util/debug/DebugValueSource$Registration;Lorg/spongepowered/asm/mixin/injection/callback/CallbackInfo;)V won't be passed a CallbackInfo as a result
[23:39:01] [main/DEBUG] (FabricLoader/Mixin) Mixing PlayerMixin from fabric-entity-events-v1.mixins.json into net.minecraft.world.entity.player.Player
[23:39:01] [main/DEBUG] (FabricLoader/Mixin) Mixing PlayerMixin from fabric-events-interaction-v0.mixins.json into net.minecraft.world.entity.player.Player
[23:39:01] [main/DEBUG] (FabricLoader/Mixin) fabric-entity-events-v1.mixins.json:PlayerMixin from mod fabric-entity-events-v1->@Inject::onStartSleepInBed(Lnet/minecraft/core/BlockPos;Lorg/spongepowered/asm/mixin/injection/callback/CallbackInfoReturnable;)V does use it's CallbackInfoReturnable
[23:39:01] [main/DEBUG] (FabricLoader/Mixin) fabric-entity-events-v1.mixins.json:PlayerMixin from mod fabric-entity-events-v1->@Inject::onIsSleepingLongEnough(Lorg/spongepowered/asm/mixin/injection/callback/CallbackInfoReturnable;)V does use it's CallbackInfoReturnable
[23:39:01] [main/DEBUG] (FabricLoader/Mixin) fabric-events-interaction-v0.mixins.json:PlayerMixin from mod fabric-events-interaction-v0->@Inject::onPlayerInteractEntity(Lnet/minecraft/world/entity/Entity;Lorg/spongepowered/asm/mixin/injection/callback/CallbackInfo;)V does use it's CallbackInfo
[23:39:01] [main/DEBUG] (FabricLoader/Mixin) Mixing LivingEntityMixin from fabric-entity-events-v1.mixins.json into net.minecraft.world.entity.LivingEntity
[23:39:01] [main/DEBUG] (FabricLoader/Mixin) Mixing effect.LivingEntityMixin from fabric-entity-events-v1.mixins.json into net.minecraft.world.entity.LivingEntity
[23:39:01] [main/DEBUG] (FabricLoader/Mixin) Mixing elytra.LivingEntityMixin from fabric-entity-events-v1.mixins.json into net.minecraft.world.entity.LivingEntity
[23:39:01] [main/DEBUG] (FabricLoader/Mixin) Mixing LivingEntityMixin from fabric-block-api-v1.mixins.json into net.minecraft.world.entity.LivingEntity
[23:39:01] [main/DEBUG] (FabricLoader/Mixin) Mixing LivingEntityMixin from fabric-lifecycle-events-v1.mixins.json into net.minecraft.world.entity.LivingEntity
[23:39:01] [main/DEBUG] (FabricLoader/Mixin) Mixing LivingEntityMixin from fabric-item-api-v1.mixins.json into net.minecraft.world.entity.LivingEntity
[23:39:01] [main/DEBUG] (FabricLoader/Mixin) Mixing fluid.LivingEntityAccessor from fabric-content-registries-v0.mixins.json into net.minecraft.world.entity.LivingEntity
[23:39:01] [main/DEBUG] (FabricLoader/Mixin) Mixing fluid.LivingEntityMixin from fabric-content-registries-v0.mixins.json into net.minecraft.world.entity.LivingEntity
[23:39:01] [main/DEBUG] (FabricLoader/Mixin) Mixing LivingEntityMixin from fabric-particles-v1.mixins.json into net.minecraft.world.entity.LivingEntity
[23:39:01] [main/DEBUG] (FabricLoader/Mixin) fabric-entity-events-v1.mixins.json:LivingEntityMixin from mod fabric-entity-events-v1->@Inject::notifyDeath(Lnet/minecraft/world/damagesource/DamageSource;Lorg/spongepowered/asm/mixin/injection/callback/CallbackInfo;)V doesn't use it's CallbackInfo
[23:39:01] [main/DEBUG] (FabricLoader/Mixin) fabric-entity-events-v1.mixins.json:LivingEntityMixin from mod fabric-entity-events-v1->@Inject::notifyDeath(Lnet/minecraft/world/damagesource/DamageSource;Lorg/spongepowered/asm/mixin/injection/callback/CallbackInfo;)V has 0 override(s) in child classes
[23:39:01] [main/DEBUG] (FabricLoader/Mixin) fabric-entity-events-v1.mixins.json:LivingEntityMixin from mod fabric-entity-events-v1->@Inject::notifyDeath(Lnet/minecraft/world/damagesource/DamageSource;Lorg/spongepowered/asm/mixin/injection/callback/CallbackInfo;)V won't be passed a CallbackInfo as a result
[23:39:01] [main/DEBUG] (FabricLoader/Mixin) fabric-entity-events-v1.mixins.json:LivingEntityMixin from mod fabric-entity-events-v1->@Inject::beforeDamage(Lnet/minecraft/server/level/ServerLevel;Lnet/minecraft/world/damagesource/DamageSource;FLorg/spongepowered/asm/mixin/injection/callback/CallbackInfoReturnable;)V does use it's CallbackInfoReturnable
[23:39:01] [main/DEBUG] (FabricLoader/Mixin) fabric-entity-events-v1.mixins.json:LivingEntityMixin from mod fabric-entity-events-v1->@Inject::afterDamage(Lnet/minecraft/server/level/ServerLevel;Lnet/minecraft/world/damagesource/DamageSource;FLorg/spongepowered/asm/mixin/injection/callback/CallbackInfoReturnable;)V doesn't use it's CallbackInfoReturnable
[23:39:01] [main/DEBUG] (FabricLoader/Mixin) fabric-entity-events-v1.mixins.json:LivingEntityMixin from mod fabric-entity-events-v1->@Inject::afterDamage(Lnet/minecraft/server/level/ServerLevel;Lnet/minecraft/world/damagesource/DamageSource;FLorg/spongepowered/asm/mixin/injection/callback/CallbackInfoReturnable;)V has 0 override(s) in child classes
[23:39:01] [main/DEBUG] (FabricLoader/Mixin) fabric-entity-events-v1.mixins.json:LivingEntityMixin from mod fabric-entity-events-v1->@Inject::afterDamage(Lnet/minecraft/server/level/ServerLevel;Lnet/minecraft/world/damagesource/DamageSource;FLorg/spongepowered/asm/mixin/injection/callback/CallbackInfoReturnable;)V won't be passed a CallbackInfoReturnable as a result
[23:39:01] [main/DEBUG] (FabricLoader/Mixin) fabric-entity-events-v1.mixins.json:LivingEntityMixin from mod fabric-entity-events-v1->@Inject::onSleep(Lnet/minecraft/core/BlockPos;Lorg/spongepowered/asm/mixin/injection/callback/CallbackInfo;)V doesn't use it's CallbackInfo
[23:39:01] [main/DEBUG] (FabricLoader/Mixin) fabric-entity-events-v1.mixins.json:LivingEntityMixin from mod fabric-entity-events-v1->@Inject::onSleep(Lnet/minecraft/core/BlockPos;Lorg/spongepowered/asm/mixin/injection/callback/CallbackInfo;)V has 0 override(s) in child classes
[23:39:01] [main/DEBUG] (FabricLoader/Mixin) fabric-entity-events-v1.mixins.json:LivingEntityMixin from mod fabric-entity-events-v1->@Inject::onSleep(Lnet/minecraft/core/BlockPos;Lorg/spongepowered/asm/mixin/injection/callback/CallbackInfo;)V won't be passed a CallbackInfo as a result
[23:39:01] [main/DEBUG] (FabricLoader/Mixin) fabric-entity-events-v1.mixins.json:LivingEntityMixin from mod fabric-entity-events-v1->@Inject::onWakeUp(Lorg/spongepowered/asm/mixin/injection/callback/CallbackInfo;)V doesn't use it's CallbackInfo
[23:39:01] [main/DEBUG] (FabricLoader/Mixin) fabric-entity-events-v1.mixins.json:LivingEntityMixin from mod fabric-entity-events-v1->@Inject::onWakeUp(Lorg/spongepowered/asm/mixin/injection/callback/CallbackInfo;)V has 0 override(s) in child classes
[23:39:01] [main/DEBUG] (FabricLoader/Mixin) fabric-entity-events-v1.mixins.json:LivingEntityMixin from mod fabric-entity-events-v1->@Inject::onWakeUp(Lorg/spongepowered/asm/mixin/injection/callback/CallbackInfo;)V won't be passed a CallbackInfo as a result
[23:39:01] [main/DEBUG] (FabricLoader/Mixin) fabric-entity-events-v1.mixins.json:LivingEntityMixin from mod fabric-entity-events-v1->@Inject::onIsSleepingInBed(Lnet/minecraft/core/BlockPos;Lorg/spongepowered/asm/mixin/injection/callback/CallbackInfoReturnable;)V does use it's CallbackInfoReturnable
[23:39:01] [main/DEBUG] (FabricLoader/Mixin) fabric-entity-events-v1.mixins.json:effect.LivingEntityMixin from mod fabric-entity-events-v1->@Inject::beforeAddEffect(Lnet/minecraft/world/effect/MobEffectInstance;Lnet/minecraft/world/entity/Entity;Lorg/spongepowered/asm/mixin/injection/callback/CallbackInfoReturnable;)V doesn't use it's CallbackInfoReturnable
[23:39:01] [main/DEBUG] (FabricLoader/Mixin) fabric-entity-events-v1.mixins.json:effect.LivingEntityMixin from mod fabric-entity-events-v1->@Inject::beforeAddEffect(Lnet/minecraft/world/effect/MobEffectInstance;Lnet/minecraft/world/entity/Entity;Lorg/spongepowered/asm/mixin/injection/callback/CallbackInfoReturnable;)V has 0 override(s) in child classes
[23:39:01] [main/DEBUG] (FabricLoader/Mixin) fabric-entity-events-v1.mixins.json:effect.LivingEntityMixin from mod fabric-entity-events-v1->@Inject::beforeAddEffect(Lnet/minecraft/world/effect/MobEffectInstance;Lnet/minecraft/world/entity/Entity;Lorg/spongepowered/asm/mixin/injection/callback/CallbackInfoReturnable;)V won't be passed a CallbackInfoReturnable as a result
[23:39:01] [main/DEBUG] (FabricLoader/Mixin) fabric-entity-events-v1.mixins.json:effect.LivingEntityMixin from mod fabric-entity-events-v1->@Inject::beforeForceAddEffect(Lnet/minecraft/world/effect/MobEffectInstance;Lnet/minecraft/world/entity/Entity;Lorg/spongepowered/asm/mixin/injection/callback/CallbackInfo;)V doesn't use it's CallbackInfo
[23:39:01] [main/DEBUG] (FabricLoader/Mixin) fabric-entity-events-v1.mixins.json:effect.LivingEntityMixin from mod fabric-entity-events-v1->@Inject::beforeForceAddEffect(Lnet/minecraft/world/effect/MobEffectInstance;Lnet/minecraft/world/entity/Entity;Lorg/spongepowered/asm/mixin/injection/callback/CallbackInfo;)V has 0 override(s) in child classes
[23:39:01] [main/DEBUG] (FabricLoader/Mixin) fabric-entity-events-v1.mixins.json:effect.LivingEntityMixin from mod fabric-entity-events-v1->@Inject::beforeForceAddEffect(Lnet/minecraft/world/effect/MobEffectInstance;Lnet/minecraft/world/entity/Entity;Lorg/spongepowered/asm/mixin/injection/callback/CallbackInfo;)V won't be passed a CallbackInfo as a result
[23:39:01] [main/DEBUG] (FabricLoader/Mixin) fabric-entity-events-v1.mixins.json:effect.LivingEntityMixin from mod fabric-entity-events-v1->@Inject::afterAddEffect(Lnet/minecraft/world/effect/MobEffectInstance;Lnet/minecraft/world/entity/Entity;Lorg/spongepowered/asm/mixin/injection/callback/CallbackInfo;)V doesn't use it's CallbackInfo
[23:39:01] [main/DEBUG] (FabricLoader/Mixin) fabric-entity-events-v1.mixins.json:effect.LivingEntityMixin from mod fabric-entity-events-v1->@Inject::afterAddEffect(Lnet/minecraft/world/effect/MobEffectInstance;Lnet/minecraft/world/entity/Entity;Lorg/spongepowered/asm/mixin/injection/callback/CallbackInfo;)V has 0 override(s) in child classes
[23:39:01] [main/DEBUG] (FabricLoader/Mixin) fabric-entity-events-v1.mixins.json:effect.LivingEntityMixin from mod fabric-entity-events-v1->@Inject::afterAddEffect(Lnet/minecraft/world/effect/MobEffectInstance;Lnet/minecraft/world/entity/Entity;Lorg/spongepowered/asm/mixin/injection/callback/CallbackInfo;)V won't be passed a CallbackInfo as a result
[23:39:01] [main/DEBUG] (FabricLoader/Mixin) fabric-entity-events-v1.mixins.json:effect.LivingEntityMixin from mod fabric-entity-events-v1->@Inject::beforeRemoveEffect(Lnet/minecraft/core/Holder;Lorg/spongepowered/asm/mixin/injection/callback/CallbackInfoReturnable;)V doesn't use it's CallbackInfoReturnable
[23:39:01] [main/DEBUG] (FabricLoader/Mixin) fabric-entity-events-v1.mixins.json:effect.LivingEntityMixin from mod fabric-entity-events-v1->@Inject::beforeRemoveEffect(Lnet/minecraft/core/Holder;Lorg/spongepowered/asm/mixin/injection/callback/CallbackInfoReturnable;)V has 0 override(s) in child classes
[23:39:01] [main/DEBUG] (FabricLoader/Mixin) fabric-entity-events-v1.mixins.json:effect.LivingEntityMixin from mod fabric-entity-events-v1->@Inject::beforeRemoveEffect(Lnet/minecraft/core/Holder;Lorg/spongepowered/asm/mixin/injection/callback/CallbackInfoReturnable;)V won't be passed a CallbackInfoReturnable as a result
[23:39:01] [main/DEBUG] (FabricLoader/Mixin) fabric-entity-events-v1.mixins.json:effect.LivingEntityMixin from mod fabric-entity-events-v1->@Inject::beforeExpireRemoveEffect(Lorg/spongepowered/asm/mixin/injection/callback/CallbackInfo;)V doesn't use it's CallbackInfo
[23:39:01] [main/DEBUG] (FabricLoader/Mixin) fabric-entity-events-v1.mixins.json:effect.LivingEntityMixin from mod fabric-entity-events-v1->@Inject::beforeExpireRemoveEffect(Lorg/spongepowered/asm/mixin/injection/callback/CallbackInfo;)V has 0 override(s) in child classes
[23:39:01] [main/DEBUG] (FabricLoader/Mixin) fabric-entity-events-v1.mixins.json:effect.LivingEntityMixin from mod fabric-entity-events-v1->@Inject::beforeExpireRemoveEffect(Lorg/spongepowered/asm/mixin/injection/callback/CallbackInfo;)V won't be passed a CallbackInfo as a result
[23:39:01] [main/DEBUG] (FabricLoader/Mixin) fabric-entity-events-v1.mixins.json:effect.LivingEntityMixin from mod fabric-entity-events-v1->@Inject::beforeRemoveAllEffects(Lorg/spongepowered/asm/mixin/injection/callback/CallbackInfoReturnable;)V doesn't use it's CallbackInfoReturnable
[23:39:01] [main/DEBUG] (FabricLoader/Mixin) fabric-entity-events-v1.mixins.json:effect.LivingEntityMixin from mod fabric-entity-events-v1->@Inject::beforeRemoveAllEffects(Lorg/spongepowered/asm/mixin/injection/callback/CallbackInfoReturnable;)V has 0 override(s) in child classes
[23:39:01] [main/DEBUG] (FabricLoader/Mixin) fabric-entity-events-v1.mixins.json:effect.LivingEntityMixin from mod fabric-entity-events-v1->@Inject::beforeRemoveAllEffects(Lorg/spongepowered/asm/mixin/injection/callback/CallbackInfoReturnable;)V won't be passed a CallbackInfoReturnable as a result
[23:39:01] [main/DEBUG] (FabricLoader/Mixin) fabric-entity-events-v1.mixins.json:effect.LivingEntityMixin from mod fabric-entity-events-v1->@Inject::afterRemoveEffect(Ljava/util/Collection;Lorg/spongepowered/asm/mixin/injection/callback/CallbackInfo;)V doesn't use it's CallbackInfo
[23:39:01] [main/DEBUG] (FabricLoader/Mixin) fabric-entity-events-v1.mixins.json:effect.LivingEntityMixin from mod fabric-entity-events-v1->@Inject::afterRemoveEffect(Ljava/util/Collection;Lorg/spongepowered/asm/mixin/injection/callback/CallbackInfo;)V has 0 override(s) in child classes
[23:39:01] [main/DEBUG] (FabricLoader/Mixin) fabric-entity-events-v1.mixins.json:effect.LivingEntityMixin from mod fabric-entity-events-v1->@Inject::afterRemoveEffect(Ljava/util/Collection;Lorg/spongepowered/asm/mixin/injection/callback/CallbackInfo;)V won't be passed a CallbackInfo as a result
[23:39:01] [main/DEBUG] (FabricLoader/Mixin) fabric-entity-events-v1.mixins.json:effect.LivingEntityMixin from mod fabric-entity-events-v1->@Inject::afterRemoveEffect(Ljava/util/Collection;Lorg/spongepowered/asm/mixin/injection/callback/CallbackInfo;)V doesn't use it's CallbackInfo
[23:39:01] [main/DEBUG] (FabricLoader/Mixin) fabric-entity-events-v1.mixins.json:effect.LivingEntityMixin from mod fabric-entity-events-v1->@Inject::afterRemoveEffect(Ljava/util/Collection;Lorg/spongepowered/asm/mixin/injection/callback/CallbackInfo;)V has 0 override(s) in child classes
[23:39:01] [main/DEBUG] (FabricLoader/Mixin) fabric-entity-events-v1.mixins.json:effect.LivingEntityMixin from mod fabric-entity-events-v1->@Inject::afterRemoveEffect(Ljava/util/Collection;Lorg/spongepowered/asm/mixin/injection/callback/CallbackInfo;)V won't be passed a CallbackInfo as a result
[23:39:01] [main/DEBUG] (FabricLoader/Mixin) fabric-entity-events-v1.mixins.json:elytra.LivingEntityMixin from mod fabric-entity-events-v1->@Inject::injectElytraTick(Lorg/spongepowered/asm/mixin/injection/callback/CallbackInfo;)V does use it's CallbackInfo
[23:39:01] [main/DEBUG] (FabricLoader/Mixin) fabric-entity-events-v1.mixins.json:elytra.LivingEntityMixin from mod fabric-entity-events-v1->@Inject::injectElytraCheck(Lorg/spongepowered/asm/mixin/injection/callback/CallbackInfoReturnable;)V does use it's CallbackInfoReturnable
[23:39:01] [main/DEBUG] (FabricLoader/Mixin) fabric-block-api-v1.mixins.json:LivingEntityMixin from mod fabric-block-api-v1->@Inject::allowTaggedBlocksForTrapdoorClimbing(Lnet/minecraft/core/BlockPos;Lnet/minecraft/world/level/block/state/BlockState;Lorg/spongepowered/asm/mixin/injection/callback/CallbackInfoReturnable;)V does use it's CallbackInfoReturnable
[23:39:01] [main/DEBUG] (FabricLoader/Mixin) fabric-lifecycle-events-v1.mixins.json:LivingEntityMixin from mod fabric-lifecycle-events-v1->@Inject::getEquipmentChanges(Lorg/spongepowered/asm/mixin/injection/callback/CallbackInfoReturnable;)V doesn't use it's CallbackInfoReturnable
[23:39:01] [main/DEBUG] (FabricLoader/Mixin) fabric-lifecycle-events-v1.mixins.json:LivingEntityMixin from mod fabric-lifecycle-events-v1->@Inject::getEquipmentChanges(Lorg/spongepowered/asm/mixin/injection/callback/CallbackInfoReturnable;)V has 0 override(s) in child classes
[23:39:01] [main/DEBUG] (FabricLoader/Mixin) fabric-lifecycle-events-v1.mixins.json:LivingEntityMixin from mod fabric-lifecycle-events-v1->@Inject::getEquipmentChanges(Lorg/spongepowered/asm/mixin/injection/callback/CallbackInfoReturnable;)V won't be passed a CallbackInfoReturnable as a result
[23:39:01] [main/DEBUG] (FabricLoader/Mixin) fabric-item-api-v1.mixins.json:LivingEntityMixin from mod fabric-item-api-v1->@Inject::onGetPreferredEquipmentSlot(Lnet/minecraft/world/item/ItemStack;Lorg/spongepowered/asm/mixin/injection/callback/CallbackInfoReturnable;)V does use it's CallbackInfoReturnable
[23:39:01] [main/DEBUG] (FabricLoader/Mixin) fabric-content-registries-v0.mixins.json:fluid.LivingEntityMixin from mod fabric-content-registries-v0->@Inject::travelFlyingInCustomFluid(Lnet/minecraft/world/phys/Vec3;FFFLorg/spongepowered/asm/mixin/injection/callback/CallbackInfo;)V does use it's CallbackInfo
[23:39:01] [main/DEBUG] (FabricLoader/Mixin) Mixing LevelReaderMixin from fabric-block-getter-api-v2.mixins.json into net.minecraft.world.level.LevelReader
[23:39:01] [main/DEBUG] (FabricLoader/Mixin) Mixing AttachmentTargetsMixin from fabric-data-attachment-api-v1.mixins.json into net.minecraft.world.level.Level
[23:39:01] [main/DEBUG] (FabricLoader/Mixin) Mixing LevelMixin from fabric-data-attachment-api-v1.mixins.json into net.minecraft.world.level.Level
[23:39:01] [main/DEBUG] (FabricLoader/Mixin) Mixing LevelMixin from fabric-lifecycle-events-v1.mixins.json into net.minecraft.world.level.Level
[23:39:01] [main/DEBUG] (FabricLoader/Mixin) Mixing ServerLevelMixin from fabric-data-attachment-api-v1.mixins.json into net.minecraft.server.level.ServerLevel
[23:39:01] [main/DEBUG] (FabricLoader/Mixin) Renaming synthetic method lambda$fabric_syncChange$0(Lnet/fabricmc/fabric/api/attachment/v1/AttachmentType;Lnet/fabricmc/fabric/impl/attachment/sync/AttachmentChange;Lnet/minecraft/server/level/ServerPlayer;)V to md7baf8b$fabric-data-attachment-api-v1$lambda$fabric_syncChange$0$0 in fabric-data-attachment-api-v1.mixins.json:ServerLevelMixin from mod fabric-data-attachment-api-v1
[23:39:01] [main/DEBUG] (FabricLoader/Mixin) Renaming synthetic method lambda$createAttachmentsPersistentState$0(Lnet/minecraft/server/level/ServerLevel;)Lnet/fabricmc/fabric/impl/attachment/AttachmentSavedData; to md7baf8b$fabric-data-attachment-api-v1$lambda$createAttachmentsPersistentState$0$1 in fabric-data-attachment-api-v1.mixins.json:ServerLevelMixin from mod fabric-data-attachment-api-v1
[23:39:01] [main/DEBUG] (FabricLoader/Mixin) Mixing ServerLevelMixin from fabric-lifecycle-events-v1.mixins.json into net.minecraft.server.level.ServerLevel
[23:39:01] [main/DEBUG] (FabricLoader/Mixin) Mixing ServerLevelMixin from fabric-api-lookup-api-v1.mixins.json into net.minecraft.server.level.ServerLevel
[23:39:01] [main/DEBUG] (FabricLoader/Mixin) Renaming synthetic method lambda$fabric_invalidateCache$2(Ljava/util/Map$Entry;)Z to md7baf8b$fabric-api-lookup-api-v1$lambda$fabric_invalidateCache$2$2 in fabric-api-lookup-api-v1.mixins.json:ServerLevelMixin from mod fabric-api-lookup-api-v1
[23:39:01] [main/DEBUG] (FabricLoader/Mixin) Renaming synthetic method lambda$fabric_invalidateCache$3(Ljava/lang/ref/WeakReference;)Z to md7baf8b$fabric-api-lookup-api-v1$lambda$fabric_invalidateCache$3$3 in fabric-api-lookup-api-v1.mixins.json:ServerLevelMixin from mod fabric-api-lookup-api-v1
[23:39:01] [main/DEBUG] (FabricLoader/Mixin) Renaming synthetic method lambda$fabric_invalidateCache$1(Ljava/lang/ref/WeakReference;)V to md7baf8b$fabric-api-lookup-api-v1$lambda$fabric_invalidateCache$1$4 in fabric-api-lookup-api-v1.mixins.json:ServerLevelMixin from mod fabric-api-lookup-api-v1
[23:39:01] [main/DEBUG] (FabricLoader/Mixin) Renaming synthetic method lambda$fabric_invalidateCache$0(Ljava/lang/ref/WeakReference;)Z to md7baf8b$fabric-api-lookup-api-v1$lambda$fabric_invalidateCache$0$5 in fabric-api-lookup-api-v1.mixins.json:ServerLevelMixin from mod fabric-api-lookup-api-v1
[23:39:01] [main/DEBUG] (FabricLoader/Mixin) Renaming synthetic method lambda$fabric_registerCache$1(Ljava/lang/ref/WeakReference;)Z to md7baf8b$fabric-api-lookup-api-v1$lambda$fabric_registerCache$1$6 in fabric-api-lookup-api-v1.mixins.json:ServerLevelMixin from mod fabric-api-lookup-api-v1
[23:39:01] [main/DEBUG] (FabricLoader/Mixin) Renaming synthetic method lambda$fabric_registerCache$0(Lnet/minecraft/core/BlockPos;)Ljava/util/List; to md7baf8b$fabric-api-lookup-api-v1$lambda$fabric_registerCache$0$7 in fabric-api-lookup-api-v1.mixins.json:ServerLevelMixin from mod fabric-api-lookup-api-v1
[23:39:01] [main/DEBUG] (FabricLoader/Mixin) fabric-data-attachment-api-v1.mixins.json:ServerLevelMixin from mod fabric-data-attachment-api-v1->@Inject::createAttachmentsPersistentState(Lorg/spongepowered/asm/mixin/injection/callback/CallbackInfo;)V doesn't use it's CallbackInfo
[23:39:01] [main/DEBUG] (FabricLoader/Mixin) fabric-data-attachment-api-v1.mixins.json:ServerLevelMixin from mod fabric-data-attachment-api-v1->@Inject::createAttachmentsPersistentState(Lorg/spongepowered/asm/mixin/injection/callback/CallbackInfo;)V has 0 override(s) in child classes
[23:39:01] [main/DEBUG] (FabricLoader/Mixin) fabric-data-attachment-api-v1.mixins.json:ServerLevelMixin from mod fabric-data-attachment-api-v1->@Inject::createAttachmentsPersistentState(Lorg/spongepowered/asm/mixin/injection/callback/CallbackInfo;)V won't be passed a CallbackInfo as a result
[23:39:01] [main/DEBUG] (FabricLoader/Mixin) fabric-lifecycle-events-v1.mixins.json:ServerLevelMixin from mod fabric-lifecycle-events-v1->@Inject::startLevelTick(Ljava/util/function/BooleanSupplier;Lorg/spongepowered/asm/mixin/injection/callback/CallbackInfo;)V doesn't use it's CallbackInfo
[23:39:01] [main/DEBUG] (FabricLoader/Mixin) fabric-lifecycle-events-v1.mixins.json:ServerLevelMixin from mod fabric-lifecycle-events-v1->@Inject::startLevelTick(Ljava/util/function/BooleanSupplier;Lorg/spongepowered/asm/mixin/injection/callback/CallbackInfo;)V has 0 override(s) in child classes
[23:39:01] [main/DEBUG] (FabricLoader/Mixin) fabric-lifecycle-events-v1.mixins.json:ServerLevelMixin from mod fabric-lifecycle-events-v1->@Inject::startLevelTick(Ljava/util/function/BooleanSupplier;Lorg/spongepowered/asm/mixin/injection/callback/CallbackInfo;)V won't be passed a CallbackInfo as a result
[23:39:01] [main/DEBUG] (FabricLoader/Mixin) fabric-lifecycle-events-v1.mixins.json:ServerLevelMixin from mod fabric-lifecycle-events-v1->@Inject::endLevelTick(Ljava/util/function/BooleanSupplier;Lorg/spongepowered/asm/mixin/injection/callback/CallbackInfo;)V doesn't use it's CallbackInfo
[23:39:01] [main/DEBUG] (FabricLoader/Mixin) fabric-lifecycle-events-v1.mixins.json:ServerLevelMixin from mod fabric-lifecycle-events-v1->@Inject::endLevelTick(Ljava/util/function/BooleanSupplier;Lorg/spongepowered/asm/mixin/injection/callback/CallbackInfo;)V has 0 override(s) in child classes
[23:39:01] [main/DEBUG] (FabricLoader/Mixin) fabric-lifecycle-events-v1.mixins.json:ServerLevelMixin from mod fabric-lifecycle-events-v1->@Inject::endLevelTick(Ljava/util/function/BooleanSupplier;Lorg/spongepowered/asm/mixin/injection/callback/CallbackInfo;)V won't be passed a CallbackInfo as a result
[23:39:01] [main/DEBUG] (FabricLoader/Mixin) Mixing BlockBehaviourPropertiesMixin from fabric-block-api-v1.mixins.json into net.minecraft.world.level.block.state.BlockBehaviour$Properties
[23:39:01] [main/DEBUG] (FabricLoader/Mixin) Mixing IdMapperMixin from fabric-registry-sync-v0.mixins.json into net.minecraft.core.IdMapper
[23:39:01] [main/DEBUG] (FabricLoader/Mixin) Renaming synthetic method lambda$fabric_remapIds$0(Lit/unimi/dsi/fastutil/ints/Int2IntMap;Ljava/lang/Object;Ljava/lang/Integer;)Ljava/lang/Integer; to md7baf8b$fabric-registry-sync-v0$lambda$fabric_remapIds$0$0 in fabric-registry-sync-v0.mixins.json:IdMapperMixin from mod fabric-registry-sync-v0
[23:39:01] [main/DEBUG] (FabricLoader/Mixin) Mixing RegistryFriendlyByteBufMixin from fabric-networking-api-v1.mixins.json into net.minecraft.network.RegistryFriendlyByteBuf
[23:39:01] [main/DEBUG] (FabricLoader/Mixin) Mixing FriendlyByteBufMixin from fabric-networking-api-v1.mixins.json into net.minecraft.network.FriendlyByteBuf
[23:39:01] [main/DEBUG] (FabricLoader/Mixin) Mixing BlocksMixin from fabric-registry-sync-v0.mixins.json into net.minecraft.world.level.block.Blocks
[23:39:01] [main/DEBUG] (FabricLoader/Mixin) Renaming synthetic method lambda$initShapeCache$0(ILnet/minecraft/resources/Identifier;Lnet/minecraft/world/level/block/Block;)V to md7baf8b$fabric-registry-sync-v0$lambda$initShapeCache$0$0 in fabric-registry-sync-v0.mixins.json:BlocksMixin from mod fabric-registry-sync-v0
[23:39:01] [main/DEBUG] (FabricLoader/Mixin) fabric-registry-sync-v0.mixins.json:BlocksMixin from mod fabric-registry-sync-v0->@Inject::initShapeCache(Lorg/spongepowered/asm/mixin/injection/callback/CallbackInfo;)V doesn't use it's CallbackInfo
[23:39:01] [main/DEBUG] (FabricLoader/Mixin) Mixing LiquidBlockMixin from fabric-block-api-v1.mixins.json into net.minecraft.world.level.block.LiquidBlock
[23:39:01] [main/DEBUG] (FabricLoader/Mixin) fabric-block-api-v1.mixins.json:LiquidBlockMixin from mod fabric-block-api-v1->@Inject::shouldSpreadLiquid(Lnet/minecraft/world/level/Level;Lnet/minecraft/core/BlockPos;Lnet/minecraft/world/level/block/state/BlockState;Lorg/spongepowered/asm/mixin/injection/callback/CallbackInfoReturnable;)V does use it's CallbackInfoReturnable
[23:39:01] [main/DEBUG] (FabricLoader/Mixin) Mixing WeatheringCopperMixin from fabric-content-registries-v0.mixins.json into net.minecraft.world.level.block.WeatheringCopper
[23:39:01] [main/DEBUG] (FabricLoader/Mixin) fabric-content-registries-v0.mixins.json:WeatheringCopperMixin from mod fabric-content-registries-v0->@Inject::createOxidationLevelIncreasesMap(Lorg/spongepowered/asm/mixin/injection/callback/CallbackInfoReturnable;)V does use it's CallbackInfoReturnable
[23:39:01] [main/DEBUG] (FabricLoader/Mixin) Mixing EntityTypeMixin from fabric-object-builder-v1.mixins.json into net.minecraft.world.entity.EntityType
[23:39:01] [main/DEBUG] (FabricLoader/Mixin) Mixing EntityTypeMixin from fabric-lifecycle-events-v1.mixins.json into net.minecraft.world.entity.EntityType
[23:39:01] [main/DEBUG] (FabricLoader/Mixin) fabric-object-builder-v1.mixins.json:EntityTypeMixin from mod fabric-object-builder-api-v1->@Inject::onAlwaysUpdateVelocity(Lorg/spongepowered/asm/mixin/injection/callback/CallbackInfoReturnable;)V does use it's CallbackInfoReturnable
[23:39:01] [main/DEBUG] (FabricLoader/Mixin) fabric-object-builder-v1.mixins.json:EntityTypeMixin from mod fabric-object-builder-api-v1->@Inject::onCanPotentiallyExecuteCommands(Lorg/spongepowered/asm/mixin/injection/callback/CallbackInfoReturnable;)V does use it's CallbackInfoReturnable
[23:39:01] [main/DEBUG] (FabricLoader/Mixin) fabric-lifecycle-events-v1.mixins.json:EntityTypeMixin from mod fabric-lifecycle-events-v1->@Inject::setSpawnReason(Lnet/minecraft/world/level/Level;Lnet/minecraft/world/entity/EntitySpawnRequest;Lorg/spongepowered/asm/mixin/injection/callback/CallbackInfoReturnable;)V does use it's CallbackInfoReturnable
[23:39:01] [main/DEBUG] (FabricLoader/Mixin) fabric-lifecycle-events-v1.mixins.json:EntityTypeMixin from mod fabric-lifecycle-events-v1->@Inject::setSpawnReason(Lnet/minecraft/world/level/Level;Lnet/minecraft/world/entity/EntitySpawnRequest;Lorg/spongepowered/asm/mixin/injection/callback/CallbackInfoReturnable;)V does use it's CallbackInfoReturnable
[23:39:01] [main/DEBUG] (FabricLoader/Mixin) Mixing FluidMixin from fabric-transfer-api-v1.mixins.json into net.minecraft.world.level.material.Fluid
[23:39:01] [main/DEBUG] (FabricLoader/Mixin) fabric-transfer-api-v1.mixins.json:FluidMixin from mod fabric-transfer-api-v1->@Inject::hookGetBucketFillSound(Lorg/spongepowered/asm/mixin/injection/callback/CallbackInfoReturnable;)V does use it's CallbackInfoReturnable
[23:39:01] [main/DEBUG] (FabricLoader/Mixin) Mixing FlowingFluidMixin from fabric-block-api-v1.mixins.json into net.minecraft.world.level.material.FlowingFluid
[23:39:01] [main/DEBUG] (FabricLoader/Mixin) fabric-block-api-v1.mixins.json:FlowingFluidMixin from mod fabric-block-api-v1->@Inject::shouldSpreadLiquid(Lnet/minecraft/world/level/LevelAccessor;Lnet/minecraft/core/BlockPos;Lnet/minecraft/world/level/block/state/BlockState;Lnet/minecraft/core/Direction;Lnet/minecraft/world/level/material/FluidState;Lorg/spongepowered/asm/mixin/injection/callback/CallbackInfo;)V does use it's CallbackInfo
[23:39:01] [main/DEBUG] (FabricLoader/Mixin) Mixing LavaFluidMixin from fabric-block-api-v1.mixins.json into net.minecraft.world.level.material.LavaFluid
[23:39:01] [main/DEBUG] (FabricLoader/Mixin) fabric-block-api-v1.mixins.json:LavaFluidMixin from mod fabric-block-api-v1->@Inject::shouldSpreadLiquid(Lnet/minecraft/world/level/LevelAccessor;Lnet/minecraft/core/BlockPos;Lnet/minecraft/world/level/block/state/BlockState;Lnet/minecraft/core/Direction;Lnet/minecraft/world/level/material/FluidState;Lorg/spongepowered/asm/mixin/injection/callback/CallbackInfo;)V does use it's CallbackInfo
[23:39:01] [main/DEBUG] (FabricLoader/Mixin) Mixing DataComponentMapBuilderMixin from fabric-item-api-v1.mixins.json into net.minecraft.core.component.DataComponentMap$Builder
[23:39:01] [main/DEBUG] (FabricLoader/Mixin) Mixing AttachmentTargetsMixin from fabric-data-attachment-api-v1.mixins.json into net.minecraft.world.level.block.entity.BlockEntity
[23:39:01] [main/DEBUG] (FabricLoader/Mixin) Mixing BlockEntityMixin from fabric-data-attachment-api-v1.mixins.json into net.minecraft.world.level.block.entity.BlockEntity
[23:39:01] [main/DEBUG] (FabricLoader/Mixin) Renaming synthetic method lambda$fabric_markChanged$2(Lnet/fabricmc/fabric/api/attachment/v1/AttachmentType;)V to md7baf8b$fabric-data-attachment-api-v1$lambda$fabric_markChanged$2$0 in fabric-data-attachment-api-v1.mixins.json:BlockEntityMixin from mod fabric-data-attachment-api-v1
[23:39:01] [main/DEBUG] (FabricLoader/Mixin) Renaming synthetic method lambda$fabric_markChanged$0(Lnet/minecraft/server/level/ChunkResult;)V to md7baf8b$fabric-data-attachment-api-v1$lambda$fabric_markChanged$0$1 in fabric-data-attachment-api-v1.mixins.json:BlockEntityMixin from mod fabric-data-attachment-api-v1
[23:39:01] [main/DEBUG] (FabricLoader/Mixin) Renaming synthetic method lambda$fabric_markChanged$1(Lnet/minecraft/world/level/chunk/LevelChunk;)V to md7baf8b$fabric-data-attachment-api-v1$lambda$fabric_markChanged$1$2 in fabric-data-attachment-api-v1.mixins.json:BlockEntityMixin from mod fabric-data-attachment-api-v1
[23:39:01] [main/DEBUG] (FabricLoader/Mixin) Mixing BlockEntityMixin from fabric-block-getter-api-v2.mixins.json into net.minecraft.world.level.block.entity.BlockEntity
[23:39:01] [main/DEBUG] (FabricLoader/Mixin) fabric-data-attachment-api-v1.mixins.json:BlockEntityMixin from mod fabric-data-attachment-api-v1->@Inject::readBlockEntityAttachments(Lnet/minecraft/world/level/storage/ValueInput;Lorg/spongepowered/asm/mixin/injection/callback/CallbackInfo;)V doesn't use it's CallbackInfo
[23:39:01] [main/DEBUG] (FabricLoader/Mixin) fabric-data-attachment-api-v1.mixins.json:BlockEntityMixin from mod fabric-data-attachment-api-v1->@Inject::readBlockEntityAttachments(Lnet/minecraft/world/level/storage/ValueInput;Lorg/spongepowered/asm/mixin/injection/callback/CallbackInfo;)V has 0 override(s) in child classes
[23:39:01] [main/DEBUG] (FabricLoader/Mixin) fabric-data-attachment-api-v1.mixins.json:BlockEntityMixin from mod fabric-data-attachment-api-v1->@Inject::readBlockEntityAttachments(Lnet/minecraft/world/level/storage/ValueInput;Lorg/spongepowered/asm/mixin/injection/callback/CallbackInfo;)V won't be passed a CallbackInfo as a result
[23:39:01] [main/DEBUG] (FabricLoader/Mixin) fabric-data-attachment-api-v1.mixins.json:BlockEntityMixin from mod fabric-data-attachment-api-v1->@Inject::writeBlockEntityAttachments(Lnet/minecraft/world/level/storage/ValueOutput;Lorg/spongepowered/asm/mixin/injection/callback/CallbackInfo;)V doesn't use it's CallbackInfo
[23:39:01] [main/DEBUG] (FabricLoader/Mixin) fabric-data-attachment-api-v1.mixins.json:BlockEntityMixin from mod fabric-data-attachment-api-v1->@Inject::writeBlockEntityAttachments(Lnet/minecraft/world/level/storage/ValueOutput;Lorg/spongepowered/asm/mixin/injection/callback/CallbackInfo;)V has 0 override(s) in child classes
[23:39:01] [main/DEBUG] (FabricLoader/Mixin) fabric-data-attachment-api-v1.mixins.json:BlockEntityMixin from mod fabric-data-attachment-api-v1->@Inject::writeBlockEntityAttachments(Lnet/minecraft/world/level/storage/ValueOutput;Lorg/spongepowered/asm/mixin/injection/callback/CallbackInfo;)V won't be passed a CallbackInfo as a result
[23:39:01] [main/DEBUG] (FabricLoader/Mixin) Mixing BlockParticleOptionMixin from fabric-particles-v1.mixins.json into net.minecraft.core.particles.BlockParticleOption
[23:39:01] [main/DEBUG] (FabricLoader/Mixin) Mixing MenuProviderMixin from fabric-menu-api-v1.mixins.json into net.minecraft.world.MenuProvider
[23:39:01] [main/DEBUG] (FabricLoader/Mixin) Mixing BaseContainerBlockEntityMixin from fabric-transfer-api-v1.mixins.json into net.minecraft.world.level.block.entity.BaseContainerBlockEntity
[23:39:02] [main/DEBUG] (FabricLoader/Mixin) Mixing DetectorRailBlockMixin from fabric-object-builder-v1.mixins.json into net.minecraft.world.level.block.DetectorRailBlock
[23:39:02] [main/DEBUG] (FabricLoader/Mixin) Renaming synthetic method lambda$getCustomComparatorOutput$0(Lnet/minecraft/world/entity/Entity;)Z to md7baf8b$fabric-object-builder-api-v1$lambda$getCustomComparatorOutput$0$0 in fabric-object-builder-v1.mixins.json:DetectorRailBlockMixin from mod fabric-object-builder-api-v1
[23:39:02] [main/DEBUG] (FabricLoader/Mixin) fabric-object-builder-v1.mixins.json:DetectorRailBlockMixin from mod fabric-object-builder-api-v1->@Inject::getCustomComparatorOutput(Lnet/minecraft/world/level/block/state/BlockState;Lnet/minecraft/world/level/Level;Lnet/minecraft/core/BlockPos;Lnet/minecraft/core/Direction;Lorg/spongepowered/asm/mixin/injection/callback/CallbackInfoReturnable;)V does use it's CallbackInfoReturnable
[23:39:02] [main/DEBUG] (FabricLoader/Mixin) Mixing MobMixin from fabric-entity-events-v1.mixins.json into net.minecraft.world.entity.Mob
[23:39:02] [main/DEBUG] (FabricLoader/Mixin) Mixing EntityMixin from fabric-debug-api-v1.mixins.json into net.minecraft.world.entity.Mob
[23:39:02] [main/DEBUG] (FabricLoader/Mixin) fabric-debug-api-v1.mixins.json:EntityMixin from mod fabric-debug-api-v1->@Inject::addDebugValues(Lnet/minecraft/server/level/ServerLevel;Lnet/minecraft/util/debug/DebugValueSource$Registration;Lorg/spongepowered/asm/mixin/injection/callback/CallbackInfo;)V doesn't use it's CallbackInfo
[23:39:02] [main/DEBUG] (FabricLoader/Mixin) fabric-debug-api-v1.mixins.json:EntityMixin from mod fabric-debug-api-v1->@Inject::addDebugValues(Lnet/minecraft/server/level/ServerLevel;Lnet/minecraft/util/debug/DebugValueSource$Registration;Lorg/spongepowered/asm/mixin/injection/callback/CallbackInfo;)V has 0 override(s) in child classes
[23:39:02] [main/DEBUG] (FabricLoader/Mixin) fabric-debug-api-v1.mixins.json:EntityMixin from mod fabric-debug-api-v1->@Inject::addDebugValues(Lnet/minecraft/server/level/ServerLevel;Lnet/minecraft/util/debug/DebugValueSource$Registration;Lorg/spongepowered/asm/mixin/injection/callback/CallbackInfo;)V won't be passed a CallbackInfo as a result
[23:39:02] [main/DEBUG] (FabricLoader/Mixin) Mixing ChiseledBookShelfBlockEntityMixin from fabric-transfer-api-v1.mixins.json into net.minecraft.world.level.block.entity.ChiseledBookShelfBlockEntity
[23:39:02] [main/DEBUG] (FabricLoader/Mixin) fabric-transfer-api-v1.mixins.json:ChiseledBookShelfBlockEntityMixin from mod fabric-transfer-api-v1->@Inject::setStackBypass(ILnet/minecraft/world/item/ItemStack;Lorg/spongepowered/asm/mixin/injection/callback/CallbackInfo;)V does use it's CallbackInfo
[23:39:02] [main/DEBUG] (FabricLoader/Mixin) Mixing ListBackedContainerMixin from fabric-transfer-api-v1.mixins.json into net.minecraft.world.level.block.entity.ListBackedContainer
[23:39:02] [main/DEBUG] (FabricLoader/Mixin) Mixing ShelfBlockEntityMixin from fabric-transfer-api-v1.mixins.json into net.minecraft.world.level.block.entity.ShelfBlockEntity
[23:39:02] [main/DEBUG] (FabricLoader/Mixin) Mixing BlockEntityTypeMixin from fabric-object-builder-v1.mixins.json into net.minecraft.world.level.block.entity.BlockEntityType
[23:39:02] [main/DEBUG] (FabricLoader/Mixin) Mixing BlockEntityTypeAccessor from fabric-api-lookup-api-v1.mixins.json into net.minecraft.world.level.block.entity.BlockEntityType
[23:39:02] [main/DEBUG] (FabricLoader/Mixin) fabric-object-builder-v1.mixins.json:BlockEntityTypeMixin from mod fabric-object-builder-api-v1->@Inject::mutableBlocks(Lnet/minecraft/world/level/block/entity/BlockEntityType$BlockEntitySupplier;Ljava/util/Set;Lorg/spongepowered/asm/mixin/injection/callback/CallbackInfo;)V doesn't use it's CallbackInfo
[23:39:02] [main/DEBUG] (FabricLoader/Mixin) fabric-object-builder-v1.mixins.json:BlockEntityTypeMixin from mod fabric-object-builder-api-v1->@Inject::mutableBlocks(Lnet/minecraft/world/level/block/entity/BlockEntityType$BlockEntitySupplier;Ljava/util/Set;Lorg/spongepowered/asm/mixin/injection/callback/CallbackInfo;)V has 0 override(s) in child classes
[23:39:02] [main/DEBUG] (FabricLoader/Mixin) fabric-object-builder-v1.mixins.json:BlockEntityTypeMixin from mod fabric-object-builder-api-v1->@Inject::mutableBlocks(Lnet/minecraft/world/level/block/entity/BlockEntityType$BlockEntitySupplier;Ljava/util/Set;Lorg/spongepowered/asm/mixin/injection/callback/CallbackInfo;)V won't be passed a CallbackInfo as a result
[23:39:02] [main/DEBUG] (FabricLoader/Mixin) Mixing AbstractContainerMenuMixin from fabric-item-api-v1.mixins.json into net.minecraft.world.inventory.AbstractContainerMenu
[23:39:02] [main/DEBUG] (FabricLoader/Mixin) fabric-item-api-v1.mixins.json:AbstractContainerMenuMixin from mod fabric-item-api-v1->@Inject::overrideContainerMenuItemClickBehaviour(Lnet/minecraft/world/entity/player/Player;Lnet/minecraft/world/inventory/ClickAction;Lnet/minecraft/world/inventory/Slot;Lnet/minecraft/world/item/ItemStack;Lnet/minecraft/world/item/ItemStack;Lorg/spongepowered/asm/mixin/injection/callback/CallbackInfoReturnable;)V does use it's CallbackInfoReturnable
[23:39:02] [main/DEBUG] (FabricLoader/Mixin) Mixing AbstractFurnaceBlockEntityMixin from fabric-item-api-v1.mixins.json into net.minecraft.world.level.block.entity.AbstractFurnaceBlockEntity
[23:39:02] [main/DEBUG] (FabricLoader/Mixin) Mixing AbstractFurnaceBlockEntityMixin from fabric-transfer-api-v1.mixins.json into net.minecraft.world.level.block.entity.AbstractFurnaceBlockEntity
[23:39:02] [main/DEBUG] (FabricLoader/Mixin) fabric-item-api-v1.mixins.json:AbstractFurnaceBlockEntityMixin from mod fabric-item-api-v1->@Inject::copyStack(Lnet/minecraft/core/NonNullList;Lnet/minecraft/world/item/ItemStack;Lorg/spongepowered/asm/mixin/injection/callback/CallbackInfo;)V doesn't use it's CallbackInfo
[23:39:02] [main/DEBUG] (FabricLoader/Mixin) fabric-transfer-api-v1.mixins.json:AbstractFurnaceBlockEntityMixin from mod fabric-transfer-api-v1->@Inject::setStackSuppressUpdate(ILnet/minecraft/world/item/ItemStack;Lorg/spongepowered/asm/mixin/injection/callback/CallbackInfo;)V does use it's CallbackInfo
[23:39:02] [main/DEBUG] (FabricLoader/Mixin) Mixing JukeboxBlockEntityMixin from fabric-transfer-api-v1.mixins.json into net.minecraft.world.level.block.entity.JukeboxBlockEntity
[23:39:02] [main/DEBUG] (FabricLoader/Mixin) fabric-transfer-api-v1.mixins.json:JukeboxBlockEntityMixin from mod fabric-transfer-api-v1->@Inject::setStackBypass(Lnet/minecraft/world/item/ItemStack;Lorg/spongepowered/asm/mixin/injection/callback/CallbackInfo;)V does use it's CallbackInfo
[23:39:02] [main/DEBUG] (FabricLoader/Mixin) Mixing TagKeyMixin from fabric-convention-tags-api-v2.mixins.json into net.minecraft.tags.TagKey
[23:39:02] [main/DEBUG] (FabricLoader/Mixin) Mixing EnchantmentMenuMixin from fabric-block-api-v1.mixins.json into net.minecraft.world.inventory.EnchantmentMenu
[23:39:02] [main/DEBUG] (FabricLoader/Mixin) Mixing BrewingStandBlockEntityMixin from fabric-item-api-v1.mixins.json into net.minecraft.world.level.block.entity.BrewingStandBlockEntity
[23:39:02] [main/DEBUG] (FabricLoader/Mixin) Mixing AnvilMenuMixin from fabric-item-api-v1.mixins.json into net.minecraft.world.inventory.AnvilMenu
[23:39:02] [main/DEBUG] (FabricLoader/Mixin) Mixing HopperBlockEntityMixin from fabric-transfer-api-v1.mixins.json into net.minecraft.world.level.block.entity.HopperBlockEntity
[23:39:02] [main/DEBUG] (FabricLoader/Mixin) Renaming synthetic method lambda$hookExtract$0(Lnet/fabricmc/fabric/api/transfer/v1/item/ItemVariant;)Z to md7baf8b$fabric-transfer-api-v1$lambda$hookExtract$0$0 in fabric-transfer-api-v1.mixins.json:HopperBlockEntityMixin from mod fabric-transfer-api-v1
[23:39:02] [main/DEBUG] (FabricLoader/Mixin) Renaming synthetic method lambda$hookInsert$0(Lnet/fabricmc/fabric/api/transfer/v1/item/ItemVariant;)Z to md7baf8b$fabric-transfer-api-v1$lambda$hookInsert$0$1 in fabric-transfer-api-v1.mixins.json:HopperBlockEntityMixin from mod fabric-transfer-api-v1
[23:39:02] [main/DEBUG] (FabricLoader/Mixin) fabric-transfer-api-v1.mixins.json:HopperBlockEntityMixin from mod fabric-transfer-api-v1->@Inject::hookInsert(Lnet/minecraft/world/level/Level;Lnet/minecraft/core/BlockPos;Lnet/minecraft/world/level/block/entity/HopperBlockEntity;Lorg/spongepowered/asm/mixin/injection/callback/CallbackInfoReturnable;)V does use it's CallbackInfoReturnable
[23:39:02] [main/DEBUG] (FabricLoader/Mixin) fabric-transfer-api-v1.mixins.json:HopperBlockEntityMixin from mod fabric-transfer-api-v1->@Inject::hookExtract(Lnet/minecraft/world/level/Level;Lnet/minecraft/world/level/block/entity/Hopper;Lorg/spongepowered/asm/mixin/injection/callback/CallbackInfoReturnable;)V does use it's CallbackInfoReturnable
[23:39:02] [main/DEBUG] (FabricLoader/Mixin) Mixing DropperBlockMixin from fabric-transfer-api-v1.mixins.json into net.minecraft.world.level.block.DropperBlock
[23:39:02] [main/DEBUG] (FabricLoader/Mixin) Renaming synthetic method lambda$hookDispense$0(Lnet/fabricmc/fabric/api/transfer/v1/item/ItemVariant;)Z to md7baf8b$fabric-transfer-api-v1$lambda$hookDispense$0$0 in fabric-transfer-api-v1.mixins.json:DropperBlockMixin from mod fabric-transfer-api-v1
[23:39:02] [main/DEBUG] (FabricLoader/Mixin) fabric-transfer-api-v1.mixins.json:DropperBlockMixin from mod fabric-transfer-api-v1->@Inject::hookDispense(Lnet/minecraft/server/level/ServerLevel;Lnet/minecraft/world/level/block/state/BlockState;Lnet/minecraft/core/BlockPos;Lorg/spongepowered/asm/mixin/injection/callback/CallbackInfo;)V does use it's CallbackInfo
[23:39:02] [main/DEBUG] (FabricLoader/Mixin) Mixing BannerBlockEntityMixin from fabric-data-attachment-api-v1.mixins.json into net.minecraft.world.level.block.entity.BannerBlockEntity
[23:39:02] [main/DEBUG] (FabricLoader/Mixin) Mixing CrafterBlockMixin from fabric-transfer-api-v1.mixins.json into net.minecraft.world.level.block.CrafterBlock
[23:39:02] [main/DEBUG] (FabricLoader/Mixin) fabric-transfer-api-v1.mixins.json:CrafterBlockMixin from mod fabric-transfer-api-v1->@Inject::transferOrSpawnStack(Lnet/minecraft/server/level/ServerLevel;Lnet/minecraft/core/BlockPos;Lnet/minecraft/world/level/block/entity/CrafterBlockEntity;Lnet/minecraft/world/item/ItemStack;Lnet/minecraft/world/level/block/state/BlockState;Lnet/minecraft/world/item/crafting/RecipeHolder;Lorg/spongepowered/asm/mixin/injection/callback/CallbackInfo;)V doesn't use it's CallbackInfo
[23:39:02] [main/DEBUG] (FabricLoader/Mixin) fabric-transfer-api-v1.mixins.json:CrafterBlockMixin from mod fabric-transfer-api-v1->@Inject::transferOrSpawnStack(Lnet/minecraft/server/level/ServerLevel;Lnet/minecraft/core/BlockPos;Lnet/minecraft/world/level/block/entity/CrafterBlockEntity;Lnet/minecraft/world/item/ItemStack;Lnet/minecraft/world/level/block/state/BlockState;Lnet/minecraft/world/item/crafting/RecipeHolder;Lorg/spongepowered/asm/mixin/injection/callback/CallbackInfo;)V has 0 override(s) in child classes
[23:39:02] [main/DEBUG] (FabricLoader/Mixin) fabric-transfer-api-v1.mixins.json:CrafterBlockMixin from mod fabric-transfer-api-v1->@Inject::transferOrSpawnStack(Lnet/minecraft/server/level/ServerLevel;Lnet/minecraft/core/BlockPos;Lnet/minecraft/world/level/block/entity/CrafterBlockEntity;Lnet/minecraft/world/item/ItemStack;Lnet/minecraft/world/level/block/state/BlockState;Lnet/minecraft/world/item/crafting/RecipeHolder;Lorg/spongepowered/asm/mixin/injection/callback/CallbackInfo;)V won't be passed a CallbackInfo as a result
[23:39:02] [main/DEBUG] (FabricLoader/Mixin) fabric-transfer-api-v1.mixins.json:CrafterBlockMixin from mod fabric-transfer-api-v1->@Inject::transferOrSpawnStack(Lnet/minecraft/server/level/ServerLevel;Lnet/minecraft/core/BlockPos;Lnet/minecraft/world/level/block/entity/CrafterBlockEntity;Lnet/minecraft/world/item/ItemStack;Lnet/minecraft/world/level/block/state/BlockState;Lnet/minecraft/world/item/crafting/RecipeHolder;Lorg/spongepowered/asm/mixin/injection/callback/CallbackInfo;)V doesn't use it's CallbackInfo
[23:39:02] [main/DEBUG] (FabricLoader/Mixin) fabric-transfer-api-v1.mixins.json:CrafterBlockMixin from mod fabric-transfer-api-v1->@Inject::transferOrSpawnStack(Lnet/minecraft/server/level/ServerLevel;Lnet/minecraft/core/BlockPos;Lnet/minecraft/world/level/block/entity/CrafterBlockEntity;Lnet/minecraft/world/item/ItemStack;Lnet/minecraft/world/level/block/state/BlockState;Lnet/minecraft/world/item/crafting/RecipeHolder;Lorg/spongepowered/asm/mixin/injection/callback/CallbackInfo;)V has 0 override(s) in child classes
[23:39:02] [main/DEBUG] (FabricLoader/Mixin) fabric-transfer-api-v1.mixins.json:CrafterBlockMixin from mod fabric-transfer-api-v1->@Inject::transferOrSpawnStack(Lnet/minecraft/server/level/ServerLevel;Lnet/minecraft/core/BlockPos;Lnet/minecraft/world/level/block/entity/CrafterBlockEntity;Lnet/minecraft/world/item/ItemStack;Lnet/minecraft/world/level/block/state/BlockState;Lnet/minecraft/world/item/crafting/RecipeHolder;Lorg/spongepowered/asm/mixin/injection/callback/CallbackInfo;)V won't be passed a CallbackInfo as a result
[23:39:02] [main/DEBUG] (FabricLoader/Mixin) fabric-transfer-api-v1.mixins.json:CrafterBlockMixin from mod fabric-transfer-api-v1->@Inject::transferOrSpawnStack(Lnet/minecraft/server/level/ServerLevel;Lnet/minecraft/core/BlockPos;Lnet/minecraft/world/level/block/entity/CrafterBlockEntity;Lnet/minecraft/world/item/ItemStack;Lnet/minecraft/world/level/block/state/BlockState;Lnet/minecraft/world/item/crafting/RecipeHolder;Lorg/spongepowered/asm/mixin/injection/callback/CallbackInfo;)V doesn't use it's CallbackInfo
[23:39:02] [main/DEBUG] (FabricLoader/Mixin) fabric-transfer-api-v1.mixins.json:CrafterBlockMixin from mod fabric-transfer-api-v1->@Inject::transferOrSpawnStack(Lnet/minecraft/server/level/ServerLevel;Lnet/minecraft/core/BlockPos;Lnet/minecraft/world/level/block/entity/CrafterBlockEntity;Lnet/minecraft/world/item/ItemStack;Lnet/minecraft/world/level/block/state/BlockState;Lnet/minecraft/world/item/crafting/RecipeHolder;Lorg/spongepowered/asm/mixin/injection/callback/CallbackInfo;)V has 0 override(s) in child classes
[23:39:02] [main/DEBUG] (FabricLoader/Mixin) fabric-transfer-api-v1.mixins.json:CrafterBlockMixin from mod fabric-transfer-api-v1->@Inject::transferOrSpawnStack(Lnet/minecraft/server/level/ServerLevel;Lnet/minecraft/core/BlockPos;Lnet/minecraft/world/level/block/entity/CrafterBlockEntity;Lnet/minecraft/world/item/ItemStack;Lnet/minecraft/world/level/block/state/BlockState;Lnet/minecraft/world/item/crafting/RecipeHolder;Lorg/spongepowered/asm/mixin/injection/callback/CallbackInfo;)V won't be passed a CallbackInfo as a result
[23:39:02] [main/DEBUG] (FabricLoader/Mixin) fabric-transfer-api-v1.mixins.json:CrafterBlockMixin from mod fabric-transfer-api-v1->@Inject::transferOrSpawnStack(Lnet/minecraft/server/level/ServerLevel;Lnet/minecraft/core/BlockPos;Lnet/minecraft/world/level/block/entity/CrafterBlockEntity;Lnet/minecraft/world/item/ItemStack;Lnet/minecraft/world/level/block/state/BlockState;Lnet/minecraft/world/item/crafting/RecipeHolder;Lorg/spongepowered/asm/mixin/injection/callback/CallbackInfo;)V doesn't use it's CallbackInfo
[23:39:02] [main/DEBUG] (FabricLoader/Mixin) fabric-transfer-api-v1.mixins.json:CrafterBlockMixin from mod fabric-transfer-api-v1->@Inject::transferOrSpawnStack(Lnet/minecraft/server/level/ServerLevel;Lnet/minecraft/core/BlockPos;Lnet/minecraft/world/level/block/entity/CrafterBlockEntity;Lnet/minecraft/world/item/ItemStack;Lnet/minecraft/world/level/block/state/BlockState;Lnet/minecraft/world/item/crafting/RecipeHolder;Lorg/spongepowered/asm/mixin/injection/callback/CallbackInfo;)V has 0 override(s) in child classes
[23:39:02] [main/DEBUG] (FabricLoader/Mixin) fabric-transfer-api-v1.mixins.json:CrafterBlockMixin from mod fabric-transfer-api-v1->@Inject::transferOrSpawnStack(Lnet/minecraft/server/level/ServerLevel;Lnet/minecraft/core/BlockPos;Lnet/minecraft/world/level/block/entity/CrafterBlockEntity;Lnet/minecraft/world/item/ItemStack;Lnet/minecraft/world/level/block/state/BlockState;Lnet/minecraft/world/item/crafting/RecipeHolder;Lorg/spongepowered/asm/mixin/injection/callback/CallbackInfo;)V won't be passed a CallbackInfo as a result
[23:39:02] [main/DEBUG] (FabricLoader/Mixin) Mixing ItemStackMixin from fabric-events-interaction-v0.mixins.json into net.minecraft.world.item.ItemStack
[23:39:02] [main/DEBUG] (FabricLoader/Mixin) Mixing ItemStackMixin from fabric-item-api-v1.mixins.json into net.minecraft.world.item.ItemStack
[23:39:02] [main/DEBUG] (FabricLoader/Mixin) Renaming synthetic method lambda$hookDamage$0(Lorg/apache/commons/lang3/mutable/MutableBoolean;Ljava/util/function/Consumer;)V to md7baf8b$fabric-item-api-v1$lambda$hookDamage$0$0 in fabric-item-api-v1.mixins.json:ItemStackMixin from mod fabric-item-api-v1
[23:39:02] [main/DEBUG] (FabricLoader/Mixin) Mixing ItemStackMixin from fabric-item-api-v1.client.mixins.json into net.minecraft.world.item.ItemStack
[23:39:02] [main/DEBUG] (FabricLoader/Mixin) Mixing ItemStackAccessor from fabric-transfer-api-v1.mixins.json into net.minecraft.world.item.ItemStack
[23:39:02] [main/DEBUG] (FabricLoader/Mixin) Renaming @Invoker method validateComponents(Lnet/minecraft/core/component/DataComponentMap;)Lcom/mojang/serialization/DataResult; to validateComponents$fabric-transfer-api-v1_$md$7baf8b$1 in fabric-transfer-api-v1.mixins.json:ItemStackAccessor from mod fabric-transfer-api-v1
[23:39:02] [main/DEBUG] (FabricLoader/Mixin) fabric-item-api-v1.mixins.json:ItemStackMixin from mod fabric-item-api-v1->@Inject::preAttributeModifiers(Lnet/minecraft/world/item/Item$TooltipContext;Lnet/minecraft/world/item/component/TooltipDisplay;Lnet/minecraft/world/entity/player/Player;Lnet/minecraft/world/item/TooltipFlag;Ljava/util/function/Consumer;Lorg/spongepowered/asm/mixin/injection/callback/CallbackInfo;)V doesn't use it's CallbackInfo
[23:39:02] [main/DEBUG] (FabricLoader/Mixin) fabric-item-api-v1.mixins.json:ItemStackMixin from mod fabric-item-api-v1->@Inject::postTooltipsAdvanced(Lnet/minecraft/world/item/Item$TooltipContext;Lnet/minecraft/world/item/component/TooltipDisplay;Lnet/minecraft/world/entity/player/Player;Lnet/minecraft/world/item/TooltipFlag;Ljava/util/function/Consumer;Lorg/spongepowered/asm/mixin/injection/callback/CallbackInfo;)V doesn't use it's CallbackInfo
[23:39:02] [main/DEBUG] (FabricLoader/Mixin) fabric-item-api-v1.client.mixins.json:ItemStackMixin from mod fabric-item-api-v1->@Inject::getTooltip(Lnet/minecraft/world/item/Item$TooltipContext;Lnet/minecraft/world/entity/player/Player;Lnet/minecraft/world/item/TooltipFlag;Lorg/spongepowered/asm/mixin/injection/callback/CallbackInfoReturnable;)V does use it's CallbackInfoReturnable
[23:39:02] [main/DEBUG] (FabricLoader/Mixin) Mixing ValueOutputMixin from fabric-serialization-api-v1.mixins.json into net.minecraft.world.level.storage.ValueOutput
[23:39:02] [main/DEBUG] (FabricLoader/Mixin) Mixing ServerPlayerMixin from fabric-entity-events-v1.mixins.json into net.minecraft.server.level.ServerPlayer
[23:39:02] [main/DEBUG] (FabricLoader/Mixin) Mixing ServerPlayerMixin from fabric-events-interaction-v0.mixins.json into net.minecraft.server.level.ServerPlayer
[23:39:02] [main/DEBUG] (FabricLoader/Mixin) Mixing ServerPlayerMixin from fabric-menu-api-v1.mixins.json into net.minecraft.server.level.ServerPlayer
[23:39:02] [main/DEBUG] (FabricLoader/Mixin) Mixing ServerPlayerMixin from fabric-particles-v1.mixins.json into net.minecraft.server.level.ServerPlayer
[23:39:02] [main/DEBUG] (FabricLoader/Mixin) Mixing ServerPlayerMixin from fabric-networking-api-v1.mixins.json into net.minecraft.server.level.ServerPlayer
[23:39:02] [main/DEBUG] (FabricLoader/Mixin) fabric-entity-events-v1.mixins.json:ServerPlayerMixin from mod fabric-entity-events-v1->@Inject::callOnKillForPlayer(Lnet/minecraft/world/damagesource/DamageSource;Lorg/spongepowered/asm/mixin/injection/callback/CallbackInfo;)V doesn't use it's CallbackInfo
[23:39:02] [main/DEBUG] (FabricLoader/Mixin) fabric-entity-events-v1.mixins.json:ServerPlayerMixin from mod fabric-entity-events-v1->@Inject::callOnKillForPlayer(Lnet/minecraft/world/damagesource/DamageSource;Lorg/spongepowered/asm/mixin/injection/callback/CallbackInfo;)V has 0 override(s) in child classes
[23:39:02] [main/DEBUG] (FabricLoader/Mixin) fabric-entity-events-v1.mixins.json:ServerPlayerMixin from mod fabric-entity-events-v1->@Inject::callOnKillForPlayer(Lnet/minecraft/world/damagesource/DamageSource;Lorg/spongepowered/asm/mixin/injection/callback/CallbackInfo;)V won't be passed a CallbackInfo as a result
[23:39:02] [main/DEBUG] (FabricLoader/Mixin) fabric-entity-events-v1.mixins.json:ServerPlayerMixin from mod fabric-entity-events-v1->@Inject::notifyDeath(Lnet/minecraft/world/damagesource/DamageSource;Lorg/spongepowered/asm/mixin/injection/callback/CallbackInfo;)V doesn't use it's CallbackInfo
[23:39:02] [main/DEBUG] (FabricLoader/Mixin) fabric-entity-events-v1.mixins.json:ServerPlayerMixin from mod fabric-entity-events-v1->@Inject::notifyDeath(Lnet/minecraft/world/damagesource/DamageSource;Lorg/spongepowered/asm/mixin/injection/callback/CallbackInfo;)V has 0 override(s) in child classes
[23:39:02] [main/DEBUG] (FabricLoader/Mixin) fabric-entity-events-v1.mixins.json:ServerPlayerMixin from mod fabric-entity-events-v1->@Inject::notifyDeath(Lnet/minecraft/world/damagesource/DamageSource;Lorg/spongepowered/asm/mixin/injection/callback/CallbackInfo;)V won't be passed a CallbackInfo as a result
[23:39:02] [main/DEBUG] (FabricLoader/Mixin) fabric-entity-events-v1.mixins.json:ServerPlayerMixin from mod fabric-entity-events-v1->@Inject::afterLevelChanged(Lnet/minecraft/server/level/ServerLevel;Lorg/spongepowered/asm/mixin/injection/callback/CallbackInfo;)V doesn't use it's CallbackInfo
[23:39:02] [main/DEBUG] (FabricLoader/Mixin) fabric-entity-events-v1.mixins.json:ServerPlayerMixin from mod fabric-entity-events-v1->@Inject::afterLevelChanged(Lnet/minecraft/server/level/ServerLevel;Lorg/spongepowered/asm/mixin/injection/callback/CallbackInfo;)V has 0 override(s) in child classes
[23:39:02] [main/DEBUG] (FabricLoader/Mixin) fabric-entity-events-v1.mixins.json:ServerPlayerMixin from mod fabric-entity-events-v1->@Inject::afterLevelChanged(Lnet/minecraft/server/level/ServerLevel;Lorg/spongepowered/asm/mixin/injection/callback/CallbackInfo;)V won't be passed a CallbackInfo as a result
[23:39:02] [main/DEBUG] (FabricLoader/Mixin) fabric-entity-events-v1.mixins.json:ServerPlayerMixin from mod fabric-entity-events-v1->@Inject::onCopyFrom(Lnet/minecraft/server/level/ServerPlayer;ZLorg/spongepowered/asm/mixin/injection/callback/CallbackInfo;)V doesn't use it's CallbackInfo
[23:39:02] [main/DEBUG] (FabricLoader/Mixin) fabric-entity-events-v1.mixins.json:ServerPlayerMixin from mod fabric-entity-events-v1->@Inject::onCopyFrom(Lnet/minecraft/server/level/ServerPlayer;ZLorg/spongepowered/asm/mixin/injection/callback/CallbackInfo;)V has 0 override(s) in child classes
[23:39:02] [main/DEBUG] (FabricLoader/Mixin) fabric-entity-events-v1.mixins.json:ServerPlayerMixin from mod fabric-entity-events-v1->@Inject::onCopyFrom(Lnet/minecraft/server/level/ServerPlayer;ZLorg/spongepowered/asm/mixin/injection/callback/CallbackInfo;)V won't be passed a CallbackInfo as a result
[23:39:02] [main/DEBUG] (FabricLoader/Mixin) fabric-events-interaction-v0.mixins.json:ServerPlayerMixin from mod fabric-events-interaction-v0->@Inject::fakePlayerGameMode(Lnet/minecraft/world/level/GameType;Lorg/spongepowered/asm/mixin/injection/callback/CallbackInfoReturnable;)V does use it's CallbackInfoReturnable
[23:39:02] [main/DEBUG] (FabricLoader/Mixin) fabric-menu-api-v1.mixins.json:ServerPlayerMixin from mod fabric-menu-api-v1->@Inject::fabric_storeOpenedMenu(Lnet/minecraft/world/MenuProvider;Lorg/spongepowered/asm/mixin/injection/callback/CallbackInfoReturnable;)V doesn't use it's CallbackInfoReturnable
[23:39:02] [main/DEBUG] (FabricLoader/Mixin) fabric-menu-api-v1.mixins.json:ServerPlayerMixin from mod fabric-menu-api-v1->@Inject::fabric_storeOpenedMenu(Lnet/minecraft/world/MenuProvider;Lorg/spongepowered/asm/mixin/injection/callback/CallbackInfoReturnable;)V has 0 override(s) in child classes
[23:39:02] [main/DEBUG] (FabricLoader/Mixin) fabric-menu-api-v1.mixins.json:ServerPlayerMixin from mod fabric-menu-api-v1->@Inject::fabric_storeOpenedMenu(Lnet/minecraft/world/MenuProvider;Lorg/spongepowered/asm/mixin/injection/callback/CallbackInfoReturnable;)V won't be passed a CallbackInfoReturnable as a result
[23:39:03] [main/DEBUG] (FabricLoader/Mixin) Mixing ItemMixin from fabric-item-api-v1.mixins.json into net.minecraft.world.item.Item
[23:39:03] [main/DEBUG] (FabricLoader/Mixin) Mixing ItemMixin from fabric-transfer-api-v1.mixins.json into net.minecraft.world.item.Item
[23:39:03] [main/DEBUG] (FabricLoader/Mixin) fabric-item-api-v1.mixins.json:ItemMixin from mod fabric-item-api-v1->@Inject::onConstruct(Lnet/minecraft/world/item/Item$Properties;Lorg/spongepowered/asm/mixin/injection/callback/CallbackInfo;)V doesn't use it's CallbackInfo
[23:39:03] [main/DEBUG] (FabricLoader/Mixin) fabric-item-api-v1.mixins.json:ItemMixin from mod fabric-item-api-v1->@Inject::onConstruct(Lnet/minecraft/world/item/Item$Properties;Lorg/spongepowered/asm/mixin/injection/callback/CallbackInfo;)V has 0 override(s) in child classes
[23:39:03] [main/DEBUG] (FabricLoader/Mixin) fabric-item-api-v1.mixins.json:ItemMixin from mod fabric-item-api-v1->@Inject::onConstruct(Lnet/minecraft/world/item/Item$Properties;Lorg/spongepowered/asm/mixin/injection/callback/CallbackInfo;)V won't be passed a CallbackInfo as a result
[23:39:03] [main/DEBUG] (FabricLoader/Mixin) Mixing BucketItemAccessor from fabric-transfer-api-v1.mixins.json into net.minecraft.world.item.BucketItem
[23:39:03] [main/DEBUG] (FabricLoader/Mixin) Mixing BucketItemMixin from fabric-transfer-api-v1.mixins.json into net.minecraft.world.item.BucketItem
[23:39:03] [main/DEBUG] (FabricLoader/Mixin) Mixing HoeItemAccessor from fabric-content-registries-v0.mixins.json into net.minecraft.world.item.HoeItem
[23:39:03] [main/DEBUG] (FabricLoader/Mixin) Renaming @Accessor method getTillables()Ljava/util/Map; to getTillables$fabric-content-registries-v0_$md$7baf8b$0 in fabric-content-registries-v0.mixins.json:HoeItemAccessor from mod fabric-content-registries-v0
[23:39:03] [main/DEBUG] (FabricLoader/Mixin) Mixing AxeItemAccessor from fabric-content-registries-v0.mixins.json into net.minecraft.world.item.AxeItem
[23:39:03] [main/DEBUG] (FabricLoader/Mixin) Renaming @Accessor method getStrippables()Ljava/util/Map; to getStrippables$fabric-content-registries-v0_$md$7baf8b$0 in fabric-content-registries-v0.mixins.json:AxeItemAccessor from mod fabric-content-registries-v0
[23:39:03] [main/DEBUG] (FabricLoader/Mixin) Renaming @Accessor method setStrippables(Ljava/util/Map;)V to setStrippables$fabric-content-registries-v0_$md$7baf8b$1 in fabric-content-registries-v0.mixins.json:AxeItemAccessor from mod fabric-content-registries-v0
[23:39:03] [main/DEBUG] (FabricLoader/Mixin) Mixing AxeItemMixin from fabric-content-registries-v0.mixins.json into net.minecraft.world.item.AxeItem
[23:39:03] [main/DEBUG] (FabricLoader/Mixin) Renaming synthetic method lambda$handleCustomStrippingBehavior$0(Lnet/fabricmc/fabric/api/registry/StrippableBlockRegistry$StrippingTransformer;Lnet/minecraft/world/level/block/state/BlockState;Lnet/minecraft/world/level/block/Block;)Lnet/minecraft/world/level/block/state/BlockState; to md7baf8b$fabric-content-registries-v0$lambda$handleCustomStrippingBehavior$0$2 in fabric-content-registries-v0.mixins.json:AxeItemMixin from mod fabric-content-registries-v0
[23:39:03] [main/DEBUG] (FabricLoader/Mixin) Mixing ShovelItemAccessor from fabric-content-registries-v0.mixins.json into net.minecraft.world.item.ShovelItem
[23:39:03] [main/DEBUG] (FabricLoader/Mixin) Renaming @Accessor method getFlattenables()Ljava/util/Map; to getFlattenables$fabric-content-registries-v0_$md$7baf8b$0 in fabric-content-registries-v0.mixins.json:ShovelItemAccessor from mod fabric-content-registries-v0
[23:39:03] [main/DEBUG] (FabricLoader/Mixin) Mixing ItemPropertiesMixin from fabric-item-api-v1.mixins.json into net.minecraft.world.item.Item$Properties
[23:39:03] [main/DEBUG] (FabricLoader/Mixin) Mixing BundleContentsAccessor from fabric-transfer-api-v1.mixins.json into net.minecraft.world.item.component.BundleContents
[23:39:03] [main/DEBUG] (FabricLoader/Mixin) Renaming @Invoker method getWeight(Lnet/minecraft/world/item/ItemInstance;)Lcom/mojang/serialization/DataResult; to getWeight$fabric-transfer-api-v1_$md$7baf8b$0 in fabric-transfer-api-v1.mixins.json:BundleContentsAccessor from mod fabric-transfer-api-v1
[23:39:03] [main/DEBUG] (FabricLoader/Mixin) Mixing AttachmentTargetsMixin from fabric-data-attachment-api-v1.mixins.json into net.minecraft.world.level.chunk.ChunkAccess
[23:39:03] [main/DEBUG] (FabricLoader/Mixin) Mixing ChunkAccessMixin from fabric-data-attachment-api-v1.mixins.json into net.minecraft.world.level.chunk.ChunkAccess
[23:39:03] [main/DEBUG] (FabricLoader/Mixin) Mixing LevelChunkMixin from fabric-data-attachment-api-v1.mixins.json into net.minecraft.world.level.chunk.LevelChunk
[23:39:03] [main/DEBUG] (FabricLoader/Mixin) Renaming synthetic method lambda$fabric_syncChange$0(Lnet/fabricmc/fabric/api/attachment/v1/AttachmentType;Lnet/fabricmc/fabric/impl/attachment/sync/AttachmentChange;Lnet/minecraft/server/level/ServerPlayer;)V to md7baf8b$fabric-data-attachment-api-v1$lambda$fabric_syncChange$0$0 in fabric-data-attachment-api-v1.mixins.json:LevelChunkMixin from mod fabric-data-attachment-api-v1
[23:39:03] [main/DEBUG] (FabricLoader/Mixin) Mixing LevelChunkMixin from fabric-lifecycle-events-v1.client.mixins.json into net.minecraft.world.level.chunk.LevelChunk
[23:39:03] [main/DEBUG] (FabricLoader/Mixin) fabric-data-attachment-api-v1.mixins.json:LevelChunkMixin from mod fabric-data-attachment-api-v1->@Inject::transferProtoChunkAttachment(Lnet/minecraft/server/level/ServerLevel;Lnet/minecraft/world/level/chunk/ProtoChunk;Lnet/minecraft/world/level/chunk/LevelChunk$PostLoadProcessor;Lorg/spongepowered/asm/mixin/injection/callback/CallbackInfo;)V doesn't use it's CallbackInfo
[23:39:03] [main/DEBUG] (FabricLoader/Mixin) fabric-data-attachment-api-v1.mixins.json:LevelChunkMixin from mod fabric-data-attachment-api-v1->@Inject::transferProtoChunkAttachment(Lnet/minecraft/server/level/ServerLevel;Lnet/minecraft/world/level/chunk/ProtoChunk;Lnet/minecraft/world/level/chunk/LevelChunk$PostLoadProcessor;Lorg/spongepowered/asm/mixin/injection/callback/CallbackInfo;)V has 0 override(s) in child classes
[23:39:03] [main/DEBUG] (FabricLoader/Mixin) fabric-data-attachment-api-v1.mixins.json:LevelChunkMixin from mod fabric-data-attachment-api-v1->@Inject::transferProtoChunkAttachment(Lnet/minecraft/server/level/ServerLevel;Lnet/minecraft/world/level/chunk/ProtoChunk;Lnet/minecraft/world/level/chunk/LevelChunk$PostLoadProcessor;Lorg/spongepowered/asm/mixin/injection/callback/CallbackInfo;)V won't be passed a CallbackInfo as a result
[23:39:03] [main/DEBUG] (FabricLoader/Mixin) fabric-lifecycle-events-v1.client.mixins.json:LevelChunkMixin from mod fabric-lifecycle-events-v1->@Inject::onRemoveBlockEntity(Lnet/minecraft/world/level/block/entity/BlockEntity;Lorg/spongepowered/asm/mixin/injection/callback/CallbackInfo;)V doesn't use it's CallbackInfo
[23:39:03] [main/DEBUG] (FabricLoader/Mixin) fabric-lifecycle-events-v1.client.mixins.json:LevelChunkMixin from mod fabric-lifecycle-events-v1->@Inject::onRemoveBlockEntity(Lnet/minecraft/world/level/block/entity/BlockEntity;Lorg/spongepowered/asm/mixin/injection/callback/CallbackInfo;)V has 0 override(s) in child classes
[23:39:03] [main/DEBUG] (FabricLoader/Mixin) fabric-lifecycle-events-v1.client.mixins.json:LevelChunkMixin from mod fabric-lifecycle-events-v1->@Inject::onRemoveBlockEntity(Lnet/minecraft/world/level/block/entity/BlockEntity;Lorg/spongepowered/asm/mixin/injection/callback/CallbackInfo;)V won't be passed a CallbackInfo as a result
[23:39:03] [main/DEBUG] (FabricLoader/Mixin) fabric-lifecycle-events-v1.client.mixins.json:LevelChunkMixin from mod fabric-lifecycle-events-v1->@Inject::onRemoveBlockEntity(Lnet/minecraft/core/BlockPos;Lorg/spongepowered/asm/mixin/injection/callback/CallbackInfo;)V doesn't use it's CallbackInfo
[23:39:03] [main/DEBUG] (FabricLoader/Mixin) fabric-lifecycle-events-v1.client.mixins.json:LevelChunkMixin from mod fabric-lifecycle-events-v1->@Inject::onRemoveBlockEntity(Lnet/minecraft/core/BlockPos;Lorg/spongepowered/asm/mixin/injection/callback/CallbackInfo;)V has 0 override(s) in child classes
[23:39:03] [main/DEBUG] (FabricLoader/Mixin) fabric-lifecycle-events-v1.client.mixins.json:LevelChunkMixin from mod fabric-lifecycle-events-v1->@Inject::onRemoveBlockEntity(Lnet/minecraft/core/BlockPos;Lorg/spongepowered/asm/mixin/injection/callback/CallbackInfo;)V won't be passed a CallbackInfo as a result
[23:39:03] [main/DEBUG] (FabricLoader/Mixin) Mixing ItemContainerContentsAccessor from fabric-transfer-api-v1.mixins.json into net.minecraft.world.item.component.ItemContainerContents
[23:39:03] [main/DEBUG] (FabricLoader/Mixin) Mixing LootTableAccessor from fabric-loot-api-v3.mixins.json into net.minecraft.world.level.storage.loot.LootTable
[23:39:03] [main/DEBUG] (FabricLoader/Mixin) Mixing LootTableMixin from fabric-loot-api-v3.mixins.json into net.minecraft.world.level.storage.loot.LootTable
[23:39:03] [main/DEBUG] (FabricLoader/Mixin) Mixing fluid.AbstractBoatMixin from fabric-content-registries-v0.mixins.json into net.minecraft.world.entity.vehicle.boat.AbstractBoat
[23:39:03] [main/DEBUG] (FabricLoader/Mixin) Mixing EntityTypeBuilderMixin from fabric-object-builder-v1.mixins.json into net.minecraft.world.entity.EntityType$Builder
[23:39:03] [main/DEBUG] (FabricLoader/Mixin) fabric-object-builder-v1.mixins.json:EntityTypeBuilderMixin from mod fabric-object-builder-api-v1->@Inject::applyChildBuilders(Lnet/minecraft/resources/ResourceKey;Lorg/spongepowered/asm/mixin/injection/callback/CallbackInfoReturnable;)V does use it's CallbackInfoReturnable
[23:39:03] [main/DEBUG] (FabricLoader/Mixin) Mixing fluid.FloatGoalMixin from fabric-content-registries-v0.mixins.json into net.minecraft.world.entity.ai.goal.FloatGoal
[23:39:03] [main/DEBUG] (FabricLoader/Mixin) Mixing BreezeMixin from fabric-particles-v1.mixins.json into net.minecraft.world.entity.monster.breeze.Breeze
[23:39:03] [main/DEBUG] (FabricLoader/Mixin) Mixing VillagerAccessor from fabric-content-registries-v0.mixins.json into net.minecraft.world.entity.npc.villager.Villager
[23:39:04] [main/DEBUG] (FabricLoader/Mixin) Renaming @Accessor method fabric_setItemFoodValues(Ljava/util/Map;)V to fabric_setItemFoodValues$fabric-content-registries-v0_$md$7baf8b$0 in fabric-content-registries-v0.mixins.json:VillagerAccessor from mod fabric-content-registries-v0
[23:39:04] [main/DEBUG] (FabricLoader/Mixin) Mixing VillagerMixin from fabric-content-registries-v0.mixins.json into net.minecraft.world.entity.npc.villager.Villager
[23:39:04] [main/DEBUG] (FabricLoader/Mixin) Mixing EntityDataSerializersAccessor from fabric-object-builder-v1.mixins.json into net.minecraft.network.syncher.EntityDataSerializers
[23:39:04] [main/DEBUG] (FabricLoader/Mixin) Renaming @Accessor method fabric_getDataHandlers()Lnet/minecraft/util/CrudeIncrementalIntIdentityHashBiMap; to fabric_getDataHandlers$fabric-object-builder-api-v1_$md$7baf8b$0 in fabric-object-builder-v1.mixins.json:EntityDataSerializersAccessor from mod fabric-object-builder-api-v1
[23:39:04] [main/DEBUG] (FabricLoader/Mixin) Mixing EntityDataSerializersMixin from fabric-object-builder-v1.mixins.json into net.minecraft.network.syncher.EntityDataSerializers
[23:39:04] [main/DEBUG] (FabricLoader/Mixin) fabric-object-builder-v1.mixins.json:EntityDataSerializersMixin from mod fabric-object-builder-api-v1->@Inject::storeVanillaHandlers(Lorg/spongepowered/asm/mixin/injection/callback/CallbackInfo;)V doesn't use it's CallbackInfo
[23:39:04] [main/DEBUG] (FabricLoader/Mixin) fabric-object-builder-v1.mixins.json:EntityDataSerializersMixin from mod fabric-object-builder-api-v1->@Inject::onHeadRegister(Lnet/minecraft/network/syncher/EntityDataSerializer;Lorg/spongepowered/asm/mixin/injection/callback/CallbackInfo;)V doesn't use it's CallbackInfo
[23:39:04] [main/DEBUG] (net.fabricmc.fabric.impl.object.builder.FabricEntityDataRegistryImpl) Stored 43 vanilla handlers
[23:39:04] [main/DEBUG] (FabricLoader/Mixin) Mixing WardenMixin from fabric-particles-v1.mixins.json into net.minecraft.world.entity.monster.warden.Warden
[23:39:04] [main/DEBUG] (FabricLoader/Mixin) Mixing HoneycombItemMixin from fabric-content-registries-v0.mixins.json into net.minecraft.world.item.HoneycombItem
[23:39:04] [main/DEBUG] (FabricLoader/Mixin) fabric-content-registries-v0.mixins.json:HoneycombItemMixin from mod fabric-content-registries-v0->@Inject::createWaxables(Lorg/spongepowered/asm/mixin/injection/callback/CallbackInfoReturnable;)V does use it's CallbackInfoReturnable
[23:39:04] [main/DEBUG] (FabricLoader/Mixin) Mixing BrushItemMixin from fabric-particles-v1.mixins.json into net.minecraft.world.item.BrushItem
[23:39:04] [main/DEBUG] (FabricLoader/Mixin) Mixing EntitySelectorOptionsAccessor from fabric-command-api-v2.mixins.json into net.minecraft.commands.arguments.selector.options.EntitySelectorOptions
[23:39:04] [main/DEBUG] (FabricLoader/Mixin) Renaming @Invoker method callPutOption(Ljava/lang/String;Lnet/minecraft/commands/arguments/selector/options/EntitySelectorOptions$Modifier;Ljava/util/function/Predicate;Lnet/minecraft/network/chat/Component;)V to callPutOption$fabric-command-api-v2_$md$7baf8b$0 in fabric-command-api-v2.mixins.json:EntitySelectorOptionsAccessor from mod fabric-command-api-v2
[23:39:04] [main/DEBUG] (FabricLoader/Mixin) Mixing EntitySelectorParserMixin from fabric-command-api-v2.mixins.json into net.minecraft.commands.arguments.selector.EntitySelectorParser
[23:39:04] [main/DEBUG] (FabricLoader/Mixin) Generating mapped inner class net/minecraft/world/level/block/entity/ChiseledBookShelfBlockEntity$Anonymous$6b8fabc9a3dd3f94be74f1199f97fdb5 (originally net/fabricmc/fabric/mixin/transfer/ChiseledBookShelfBlockEntityMixin$1)
[23:39:04] [main/DEBUG] (FabricLoader/Mixin) Mixing SimpleContainerMixin from fabric-transfer-api-v1.mixins.json into net.minecraft.world.SimpleContainer
[23:39:04] [main/DEBUG] (FabricLoader/Mixin) Mixing CraftingRecipeMixin from fabric-item-api-v1.mixins.json into net.minecraft.world.item.crafting.CraftingRecipe
[23:39:04] [main/DEBUG] (FabricLoader/Mixin) Mixing ingredient.IngredientMixin from fabric-recipe-api-v1.mixins.json into net.minecraft.world.item.crafting.Ingredient
[23:39:04] [main/DEBUG] (FabricLoader/Mixin) Renaming synthetic method lambda$injectCodec$2(Lnet/minecraft/world/item/crafting/Ingredient;)Lcom/mojang/datafixers/util/Either; to md7baf8b$fabric-recipe-api-v1$lambda$injectCodec$2$0 in fabric-recipe-api-v1.mixins.json:ingredient.IngredientMixin from mod fabric-recipe-api-v1
[23:39:04] [main/DEBUG] (FabricLoader/Mixin) Renaming synthetic method lambda$injectCodec$0(Lcom/mojang/datafixers/util/Either;)Lnet/minecraft/world/item/crafting/Ingredient; to md7baf8b$fabric-recipe-api-v1$lambda$injectCodec$0$1 in fabric-recipe-api-v1.mixins.json:ingredient.IngredientMixin from mod fabric-recipe-api-v1
[23:39:04] [main/DEBUG] (FabricLoader/Mixin) Renaming synthetic method lambda$injectCodec$1(Lnet/minecraft/world/item/crafting/Ingredient;)Lnet/minecraft/world/item/crafting/Ingredient; to md7baf8b$fabric-recipe-api-v1$lambda$injectCodec$1$2 in fabric-recipe-api-v1.mixins.json:ingredient.IngredientMixin from mod fabric-recipe-api-v1
[23:39:04] [main/DEBUG] (FabricLoader/Mixin) fabric-recipe-api-v1.mixins.json:ingredient.IngredientMixin from mod fabric-recipe-api-v1->@Inject::injectCodec(Lorg/spongepowered/asm/mixin/injection/callback/CallbackInfo;)V doesn't use it's CallbackInfo
[23:39:04] [main/DEBUG] (FabricLoader/Mixin) fabric-recipe-api-v1.mixins.json:ingredient.IngredientMixin from mod fabric-recipe-api-v1->@Inject::onGetEntries(Lnet/minecraft/world/item/crafting/Ingredient;Lorg/spongepowered/asm/mixin/injection/callback/CallbackInfoReturnable;)V does use it's CallbackInfoReturnable
[23:39:04] [main/DEBUG] (FabricLoader/Mixin) fabric-recipe-api-v1.mixins.json:ingredient.IngredientMixin from mod fabric-recipe-api-v1->@Inject::onGetEntries(Lnet/minecraft/world/item/crafting/Ingredient;Lorg/spongepowered/asm/mixin/injection/callback/CallbackInfoReturnable;)V does use it's CallbackInfoReturnable
[23:39:04] [main/DEBUG] (FabricLoader/Mixin) fabric-recipe-api-v1.mixins.json:ingredient.IngredientMixin from mod fabric-recipe-api-v1->@Inject::onGetEntries(Lnet/minecraft/world/item/crafting/Ingredient;Lorg/spongepowered/asm/mixin/injection/callback/CallbackInfoReturnable;)V does use it's CallbackInfoReturnable
[23:39:04] [main/DEBUG] (FabricLoader/Mixin) fabric-recipe-api-v1.mixins.json:ingredient.IngredientMixin from mod fabric-recipe-api-v1->@Inject::onHeadEquals(Ljava/lang/Object;Lorg/spongepowered/asm/mixin/injection/callback/CallbackInfoReturnable;)V does use it's CallbackInfoReturnable
[23:39:04] [main/DEBUG] (FabricLoader/Mixin) Mixing ingredient.ShapelessRecipeMixin from fabric-recipe-api-v1.mixins.json into net.minecraft.world.item.crafting.ShapelessRecipe
[23:39:04] [main/DEBUG] (FabricLoader/Mixin) fabric-recipe-api-v1.mixins.json:ingredient.ShapelessRecipeMixin from mod fabric-recipe-api-v1->@Inject::cacheRequiresTesting(Lnet/minecraft/world/item/crafting/Recipe$CommonInfo;Lnet/minecraft/world/item/crafting/CraftingRecipe$CraftingBookInfo;Lnet/minecraft/world/item/ItemStackTemplate;Ljava/util/List;Lorg/spongepowered/asm/mixin/injection/callback/CallbackInfo;)V doesn't use it's CallbackInfo
[23:39:04] [main/DEBUG] (FabricLoader/Mixin) fabric-recipe-api-v1.mixins.json:ingredient.ShapelessRecipeMixin from mod fabric-recipe-api-v1->@Inject::cacheRequiresTesting(Lnet/minecraft/world/item/crafting/Recipe$CommonInfo;Lnet/minecraft/world/item/crafting/CraftingRecipe$CraftingBookInfo;Lnet/minecraft/world/item/ItemStackTemplate;Ljava/util/List;Lorg/spongepowered/asm/mixin/injection/callback/CallbackInfo;)V has 0 override(s) in child classes
[23:39:04] [main/DEBUG] (FabricLoader/Mixin) fabric-recipe-api-v1.mixins.json:ingredient.ShapelessRecipeMixin from mod fabric-recipe-api-v1->@Inject::cacheRequiresTesting(Lnet/minecraft/world/item/crafting/Recipe$CommonInfo;Lnet/minecraft/world/item/crafting/CraftingRecipe$CraftingBookInfo;Lnet/minecraft/world/item/ItemStackTemplate;Ljava/util/List;Lorg/spongepowered/asm/mixin/injection/callback/CallbackInfo;)V won't be passed a CallbackInfo as a result
[23:39:04] [main/DEBUG] (FabricLoader/Mixin) fabric-recipe-api-v1.mixins.json:ingredient.ShapelessRecipeMixin from mod fabric-recipe-api-v1->@Inject::customIngredientMatch(Lnet/minecraft/world/item/crafting/CraftingInput;Lnet/minecraft/world/level/Level;Lorg/spongepowered/asm/mixin/injection/callback/CallbackInfoReturnable;)V does use it's CallbackInfoReturnable
[23:39:05] [main/DEBUG] (FabricLoader/Mixin) Mixing EnchantRandomlyFunctionMixin from fabric-item-api-v1.mixins.json into net.minecraft.world.level.storage.loot.functions.EnchantRandomlyFunction
[23:39:05] [main/DEBUG] (FabricLoader/Mixin) Mixing DimensionTypeAccessor from fabric-dimensions-v1.mixins.json into net.minecraft.world.level.dimension.DimensionType
[23:39:05] [main/DEBUG] (FabricLoader/Mixin) Mixing StructureTemplateManagerMixin from fabric-gametest-api-v1.mixins.json into net.minecraft.world.level.levelgen.structure.templatesystem.StructureTemplateManager
[23:39:05] [main/DEBUG] (FabricLoader/Mixin) fabric-gametest-api-v1.mixins.json:StructureTemplateManagerMixin from mod fabric-gametest-api-v1->@Inject::addFabricTemplateProvider(Lnet/minecraft/server/packs/resources/ResourceManager;Lnet/minecraft/world/level/storage/LevelStorageSource$LevelStorageAccess;Lcom/mojang/datafixers/DataFixer;Lnet/minecraft/core/HolderGetter;Lorg/spongepowered/asm/mixin/injection/callback/CallbackInfo;)V doesn't use it's CallbackInfo
[23:39:05] [main/DEBUG] (FabricLoader/Mixin) fabric-gametest-api-v1.mixins.json:StructureTemplateManagerMixin from mod fabric-gametest-api-v1->@Inject::addFabricTemplateProvider(Lnet/minecraft/server/packs/resources/ResourceManager;Lnet/minecraft/world/level/storage/LevelStorageSource$LevelStorageAccess;Lcom/mojang/datafixers/DataFixer;Lnet/minecraft/core/HolderGetter;Lorg/spongepowered/asm/mixin/injection/callback/CallbackInfo;)V has 0 override(s) in child classes
[23:39:05] [main/DEBUG] (FabricLoader/Mixin) fabric-gametest-api-v1.mixins.json:StructureTemplateManagerMixin from mod fabric-gametest-api-v1->@Inject::addFabricTemplateProvider(Lnet/minecraft/server/packs/resources/ResourceManager;Lnet/minecraft/world/level/storage/LevelStorageSource$LevelStorageAccess;Lcom/mojang/datafixers/DataFixer;Lnet/minecraft/core/HolderGetter;Lorg/spongepowered/asm/mixin/injection/callback/CallbackInfo;)V won't be passed a CallbackInfo as a result
[23:39:05] [main/DEBUG] (FabricLoader/Mixin) Mixing BiomeSourceMixin from fabric-biome-api-v1.mixins.json into net.minecraft.world.level.biome.BiomeSource
[23:39:05] [main/DEBUG] (FabricLoader/Mixin) Mixing MultiNoiseBiomeSourceMixin from fabric-biome-api-v1.mixins.json into net.minecraft.world.level.biome.MultiNoiseBiomeSource
[23:39:05] [main/DEBUG] (FabricLoader/Mixin) Mixing NetherBiomePresetMixin from fabric-biome-api-v1.mixins.json into net.minecraft.world.level.biome.MultiNoiseBiomeSourceParameterList$Preset$1
[23:39:05] [main/DEBUG] (FabricLoader/Mixin) fabric-biome-api-v1.mixins.json:NetherBiomePresetMixin from mod fabric-biome-api-v1->@Inject::apply(Ljava/util/function/Function;Lorg/spongepowered/asm/mixin/injection/callback/CallbackInfoReturnable;)V does use it's CallbackInfoReturnable
[23:39:05] [main/DEBUG] (FabricLoader/Mixin) Mixing RegistryOpsAccessor from fabric-resource-conditions-api-v1.mixins.json into net.minecraft.resources.RegistryOps
[23:39:05] [main/DEBUG] (FabricLoader/Mixin) Mixing TheEndBiomeSourceMixin from fabric-biome-api-v1.mixins.json into net.minecraft.world.level.biome.TheEndBiomeSource
[23:39:05] [main/DEBUG] (FabricLoader/Mixin) Renaming synthetic method lambda$init$0(Lnet/minecraft/core/HolderGetter;)Lnet/fabricmc/fabric/impl/biome/TheEndBiomeData$Overrides; to md7baf8b$fabric-biome-api-v1$lambda$init$0$0 in fabric-biome-api-v1.mixins.json:TheEndBiomeSourceMixin from mod fabric-biome-api-v1
[23:39:05] [main/DEBUG] (FabricLoader/Mixin) Renaming synthetic method lambda$modifyCodec$0(Lcom/mojang/serialization/codecs/RecordCodecBuilder$Instance;)Lcom/mojang/datafixers/kinds/App; to md7baf8b$fabric-biome-api-v1$lambda$modifyCodec$0$1 in fabric-biome-api-v1.mixins.json:TheEndBiomeSourceMixin from mod fabric-biome-api-v1
[23:39:05] [main/DEBUG] (FabricLoader/Mixin) fabric-biome-api-v1.mixins.json:TheEndBiomeSourceMixin from mod fabric-biome-api-v1->@Inject::modifyCodec(Lorg/spongepowered/asm/mixin/injection/callback/CallbackInfo;)V doesn't use it's CallbackInfo
[23:39:05] [main/DEBUG] (FabricLoader/Mixin) fabric-biome-api-v1.mixins.json:TheEndBiomeSourceMixin from mod fabric-biome-api-v1->@Inject::rememberLookup(Lnet/minecraft/core/HolderGetter;Lorg/spongepowered/asm/mixin/injection/callback/CallbackInfoReturnable;)V doesn't use it's CallbackInfoReturnable
[23:39:05] [main/DEBUG] (FabricLoader/Mixin) fabric-biome-api-v1.mixins.json:TheEndBiomeSourceMixin from mod fabric-biome-api-v1->@Inject::clearLookup(Lnet/minecraft/core/HolderGetter;Lorg/spongepowered/asm/mixin/injection/callback/CallbackInfoReturnable;)V doesn't use it's CallbackInfoReturnable
[23:39:05] [main/DEBUG] (FabricLoader/Mixin) fabric-biome-api-v1.mixins.json:TheEndBiomeSourceMixin from mod fabric-biome-api-v1->@Inject::init(Lnet/minecraft/core/Holder;Lnet/minecraft/core/Holder;Lnet/minecraft/core/Holder;Lnet/minecraft/core/Holder;Lnet/minecraft/core/Holder;Lorg/spongepowered/asm/mixin/injection/callback/CallbackInfo;)V doesn't use it's CallbackInfo
[23:39:05] [main/DEBUG] (FabricLoader/Mixin) fabric-biome-api-v1.mixins.json:TheEndBiomeSourceMixin from mod fabric-biome-api-v1->@Inject::init(Lnet/minecraft/core/Holder;Lnet/minecraft/core/Holder;Lnet/minecraft/core/Holder;Lnet/minecraft/core/Holder;Lnet/minecraft/core/Holder;Lorg/spongepowered/asm/mixin/injection/callback/CallbackInfo;)V has 0 override(s) in child classes
[23:39:05] [main/DEBUG] (FabricLoader/Mixin) fabric-biome-api-v1.mixins.json:TheEndBiomeSourceMixin from mod fabric-biome-api-v1->@Inject::init(Lnet/minecraft/core/Holder;Lnet/minecraft/core/Holder;Lnet/minecraft/core/Holder;Lnet/minecraft/core/Holder;Lnet/minecraft/core/Holder;Lorg/spongepowered/asm/mixin/injection/callback/CallbackInfo;)V won't be passed a CallbackInfo as a result
[23:39:05] [main/DEBUG] (FabricLoader/Mixin) fabric-biome-api-v1.mixins.json:TheEndBiomeSourceMixin from mod fabric-biome-api-v1->@Inject::getWeightedEndBiome(IIILnet/minecraft/world/level/biome/Climate$Sampler;Lorg/spongepowered/asm/mixin/injection/callback/CallbackInfoReturnable;)V does use it's CallbackInfoReturnable
[23:39:05] [main/DEBUG] (FabricLoader/Mixin) fabric-biome-api-v1.mixins.json:TheEndBiomeSourceMixin from mod fabric-biome-api-v1->@Inject::getWeightedEndBiome(IIILnet/minecraft/world/level/biome/Climate$Sampler;Lorg/spongepowered/asm/mixin/injection/callback/CallbackInfoReturnable;)V does use it's CallbackInfoReturnable
[23:39:05] [main/DEBUG] (FabricLoader/Mixin) fabric-biome-api-v1.mixins.json:TheEndBiomeSourceMixin from mod fabric-biome-api-v1->@Inject::getWeightedEndBiome(IIILnet/minecraft/world/level/biome/Climate$Sampler;Lorg/spongepowered/asm/mixin/injection/callback/CallbackInfoReturnable;)V does use it's CallbackInfoReturnable
[23:39:05] [main/DEBUG] (FabricLoader/Mixin) fabric-biome-api-v1.mixins.json:TheEndBiomeSourceMixin from mod fabric-biome-api-v1->@Inject::getWeightedEndBiome(IIILnet/minecraft/world/level/biome/Climate$Sampler;Lorg/spongepowered/asm/mixin/injection/callback/CallbackInfoReturnable;)V does use it's CallbackInfoReturnable
[23:39:05] [main/DEBUG] (FabricLoader/Mixin) fabric-biome-api-v1.mixins.json:TheEndBiomeSourceMixin from mod fabric-biome-api-v1->@Inject::getWeightedEndBiome(IIILnet/minecraft/world/level/biome/Climate$Sampler;Lorg/spongepowered/asm/mixin/injection/callback/CallbackInfoReturnable;)V does use it's CallbackInfoReturnable
[23:39:05] [main/DEBUG] (FabricLoader/Mixin) Mixing DebugLevelSourceAccessor from fabric-registry-sync-v0.mixins.json into net.minecraft.world.level.levelgen.DebugLevelSource
[23:39:05] [main/DEBUG] (FabricLoader/Mixin) Renaming @Accessor method setALL_BLOCKS(Ljava/util/List;)V to setALL_BLOCKS$fabric-registry-sync-v0_$md$7baf8b$0 in fabric-registry-sync-v0.mixins.json:DebugLevelSourceAccessor from mod fabric-registry-sync-v0
[23:39:05] [main/DEBUG] (FabricLoader/Mixin) Renaming @Accessor method setGRID_WIDTH(I)V to setGRID_WIDTH$fabric-registry-sync-v0_$md$7baf8b$1 in fabric-registry-sync-v0.mixins.json:DebugLevelSourceAccessor from mod fabric-registry-sync-v0
[23:39:05] [main/DEBUG] (FabricLoader/Mixin) Renaming @Accessor method setGRID_HEIGHT(I)V to setGRID_HEIGHT$fabric-registry-sync-v0_$md$7baf8b$2 in fabric-registry-sync-v0.mixins.json:DebugLevelSourceAccessor from mod fabric-registry-sync-v0
[23:39:05] [main/DEBUG] (FabricLoader/Mixin) Mixing GameRulesServiceGameRuleUpdateMixin from fabric-game-rule-api-v1.mixins.json into net.minecraft.server.jsonrpc.methods.GameRulesService$GameRuleUpdate
[23:39:05] [main/DEBUG] (FabricLoader/Mixin) Renaming synthetic method lambda$fabric_createTypedCodec$0(Lnet/minecraft/world/level/gamerules/GameRule;Lcom/mojang/serialization/codecs/RecordCodecBuilder$Instance;)Lcom/mojang/datafixers/kinds/App; to md7baf8b$fabric-game-rule-api-v1$lambda$fabric_createTypedCodec$0$0 in fabric-game-rule-api-v1.mixins.json:GameRulesServiceGameRuleUpdateMixin from mod fabric-game-rule-api-v1
[23:39:05] [main/DEBUG] (FabricLoader/Mixin) Renaming synthetic method lambda$fabric_createTypedCodec$2(Lnet/minecraft/world/level/gamerules/GameRule;Lnet/fabricmc/fabric/impl/gamerule/rpc/FabricGameRuleType;Ljava/lang/Object;)Lnet/minecraft/server/jsonrpc/methods/GameRulesService$GameRuleUpdate; to md7baf8b$fabric-game-rule-api-v1$lambda$fabric_createTypedCodec$2$1 in fabric-game-rule-api-v1.mixins.json:GameRulesServiceGameRuleUpdateMixin from mod fabric-game-rule-api-v1
[23:39:05] [main/DEBUG] (FabricLoader/Mixin) Renaming synthetic method lambda$fabric_createTypedCodec$1(Lnet/minecraft/server/jsonrpc/methods/GameRulesService$GameRuleUpdate;)Lnet/fabricmc/fabric/impl/gamerule/rpc/FabricGameRuleType; to md7baf8b$fabric-game-rule-api-v1$lambda$fabric_createTypedCodec$1$2 in fabric-game-rule-api-v1.mixins.json:GameRulesServiceGameRuleUpdateMixin from mod fabric-game-rule-api-v1
[23:39:05] [main/DEBUG] (FabricLoader/Mixin) Renaming synthetic method lambda$getValueAndFabricTypeCodec$1(Lnet/minecraft/server/jsonrpc/methods/GameRulesService$GameRuleUpdate;)Lcom/mojang/datafixers/util/Either; to md7baf8b$fabric-game-rule-api-v1$lambda$getValueAndFabricTypeCodec$1$3 in fabric-game-rule-api-v1.mixins.json:GameRulesServiceGameRuleUpdateMixin from mod fabric-game-rule-api-v1
[23:39:05] [main/DEBUG] (FabricLoader/Mixin) Renaming synthetic method lambda$getValueAndFabricTypeCodec$0(Lcom/mojang/datafixers/util/Either;)Lnet/minecraft/server/jsonrpc/methods/GameRulesService$GameRuleUpdate; to md7baf8b$fabric-game-rule-api-v1$lambda$getValueAndFabricTypeCodec$0$4 in fabric-game-rule-api-v1.mixins.json:GameRulesServiceGameRuleUpdateMixin from mod fabric-game-rule-api-v1
[23:39:05] [main/DEBUG] (FabricLoader/Mixin) fabric-game-rule-api-v1.mixins.json:GameRulesServiceGameRuleUpdateMixin from mod fabric-game-rule-api-v1->@Inject::updateFabricType(Lnet/minecraft/world/level/gamerules/GameRule;Ljava/lang/Object;Lorg/spongepowered/asm/mixin/injection/callback/CallbackInfo;)V doesn't use it's CallbackInfo
[23:39:05] [main/DEBUG] (FabricLoader/Mixin) Mixing item.CuboidItemModelWrapperMixin from fabric-renderer-api-v1.mixins.json into net.minecraft.client.renderer.item.CuboidItemModelWrapper
[23:39:05] [main/DEBUG] (FabricLoader/Mixin) fabric-renderer-api-v1.mixins.json:item.CuboidItemModelWrapperMixin from mod fabric-renderer-api-v1->@Inject::onReturnUpdate(Lnet/minecraft/client/renderer/item/ItemStackRenderState;Lnet/minecraft/world/item/ItemStack;Lnet/minecraft/client/renderer/item/ItemModelResolver;Lnet/minecraft/world/item/ItemDisplayContext;Lnet/minecraft/client/multiplayer/ClientLevel;Lnet/minecraft/world/entity/ItemOwner;ILorg/spongepowered/asm/mixin/injection/callback/CallbackInfo;)V doesn't use it's CallbackInfo
[23:39:05] [main/DEBUG] (FabricLoader/Mixin) fabric-renderer-api-v1.mixins.json:item.CuboidItemModelWrapperMixin from mod fabric-renderer-api-v1->@Inject::onReturnUpdate(Lnet/minecraft/client/renderer/item/ItemStackRenderState;Lnet/minecraft/world/item/ItemStack;Lnet/minecraft/client/renderer/item/ItemModelResolver;Lnet/minecraft/world/item/ItemDisplayContext;Lnet/minecraft/client/multiplayer/ClientLevel;Lnet/minecraft/world/entity/ItemOwner;ILorg/spongepowered/asm/mixin/injection/callback/CallbackInfo;)V has 0 override(s) in child classes
[23:39:05] [main/DEBUG] (FabricLoader/Mixin) fabric-renderer-api-v1.mixins.json:item.CuboidItemModelWrapperMixin from mod fabric-renderer-api-v1->@Inject::onReturnUpdate(Lnet/minecraft/client/renderer/item/ItemStackRenderState;Lnet/minecraft/world/item/ItemStack;Lnet/minecraft/client/renderer/item/ItemModelResolver;Lnet/minecraft/world/item/ItemDisplayContext;Lnet/minecraft/client/multiplayer/ClientLevel;Lnet/minecraft/world/entity/ItemOwner;ILorg/spongepowered/asm/mixin/injection/callback/CallbackInfo;)V won't be passed a CallbackInfo as a result
[23:39:05] [main/DEBUG] (FabricLoader/Mixin) Mixing ModelMixin from fabric-rendering-v1.mixins.json into net.minecraft.client.model.Model
[23:39:05] [main/DEBUG] (FabricLoader/Mixin) Renaming synthetic method lambda$copyTransforms$0(Ljava/lang/String;Lnet/minecraft/client/model/geom/ModelPart;)V to md7baf8b$fabric-rendering-v1$lambda$copyTransforms$0$0 in fabric-rendering-v1.mixins.json:ModelMixin from mod fabric-rendering-v1
[23:39:05] [main/DEBUG] (FabricLoader/Mixin) fabric-rendering-v1.mixins.json:ModelMixin from mod fabric-rendering-v1->@Inject::fillChildPartMap(Lnet/minecraft/client/model/geom/ModelPart;Ljava/util/function/Function;Lorg/spongepowered/asm/mixin/injection/callback/CallbackInfo;)V doesn't use it's CallbackInfo
[23:39:05] [main/DEBUG] (FabricLoader/Mixin) fabric-rendering-v1.mixins.json:ModelMixin from mod fabric-rendering-v1->@Inject::fillChildPartMap(Lnet/minecraft/client/model/geom/ModelPart;Ljava/util/function/Function;Lorg/spongepowered/asm/mixin/injection/callback/CallbackInfo;)V has 0 override(s) in child classes
[23:39:05] [main/DEBUG] (FabricLoader/Mixin) fabric-rendering-v1.mixins.json:ModelMixin from mod fabric-rendering-v1->@Inject::fillChildPartMap(Lnet/minecraft/client/model/geom/ModelPart;Ljava/util/function/Function;Lorg/spongepowered/asm/mixin/injection/callback/CallbackInfo;)V won't be passed a CallbackInfo as a result
[23:39:05] [main/DEBUG] (FabricLoader/Mixin) Mixing KeyMappingAccessor from fabric-events-interaction-v0.client.mixins.json into net.minecraft.client.KeyMapping
[23:39:05] [main/DEBUG] (FabricLoader/Mixin) Mixing KeyMappingAccessor from fabric-key-mapping-api-v1.mixins.json into net.minecraft.client.KeyMapping
[23:39:05] [main/DEBUG] (FabricLoader/Mixin) Mixing SpriteSourcesAccessor from fabric-rendering-v1.mixins.json into net.minecraft.client.renderer.texture.atlas.SpriteSources
[23:39:05] [main/DEBUG] (FabricLoader/Mixin) Renaming @Accessor method getSpriteSourceCodecs()Lnet/minecraft/util/ExtraCodecs$LateBoundIdMapper; to getSpriteSourceCodecs$fabric-rendering-v1_$md$7baf8b$0 in fabric-rendering-v1.mixins.json:SpriteSourcesAccessor from mod fabric-rendering-v1
[23:39:05] [main/DEBUG] (FabricLoader/Mixin) Mixing ScreenAccessor from fabric-screen-api-v1.mixins.json into net.minecraft.client.gui.screens.Screen
[23:39:05] [main/DEBUG] (FabricLoader/Mixin) Mixing ScreenMixin from fabric-screen-api-v1.mixins.json into net.minecraft.client.gui.screens.Screen
[23:39:05] [main/DEBUG] (FabricLoader/Mixin) fabric-screen-api-v1.mixins.json:ScreenMixin from mod fabric-screen-api-v1->@Inject::extractBackground(Lnet/minecraft/client/gui/GuiGraphicsExtractor;IIFLorg/spongepowered/asm/mixin/injection/callback/CallbackInfo;)V doesn't use it's CallbackInfo
[23:39:05] [main/DEBUG] (FabricLoader/Mixin) fabric-screen-api-v1.mixins.json:ScreenMixin from mod fabric-screen-api-v1->@Inject::extractForeground(Lnet/minecraft/client/gui/GuiGraphicsExtractor;IIFLorg/spongepowered/asm/mixin/injection/callback/CallbackInfo;)V doesn't use it's CallbackInfo
[23:39:05] [main/DEBUG] (FabricLoader/Mixin) fabric-screen-api-v1.mixins.json:ScreenMixin from mod fabric-screen-api-v1->@Inject::beforeInitScreen(IILorg/spongepowered/asm/mixin/injection/callback/CallbackInfo;)V doesn't use it's CallbackInfo
[23:39:05] [main/DEBUG] (FabricLoader/Mixin) fabric-screen-api-v1.mixins.json:ScreenMixin from mod fabric-screen-api-v1->@Inject::beforeInitScreen(IILorg/spongepowered/asm/mixin/injection/callback/CallbackInfo;)V has 0 override(s) in child classes
[23:39:05] [main/DEBUG] (FabricLoader/Mixin) fabric-screen-api-v1.mixins.json:ScreenMixin from mod fabric-screen-api-v1->@Inject::beforeInitScreen(IILorg/spongepowered/asm/mixin/injection/callback/CallbackInfo;)V won't be passed a CallbackInfo as a result
[23:39:05] [main/DEBUG] (FabricLoader/Mixin) fabric-screen-api-v1.mixins.json:ScreenMixin from mod fabric-screen-api-v1->@Inject::afterInitScreen(IILorg/spongepowered/asm/mixin/injection/callback/CallbackInfo;)V doesn't use it's CallbackInfo
[23:39:05] [main/DEBUG] (FabricLoader/Mixin) fabric-screen-api-v1.mixins.json:ScreenMixin from mod fabric-screen-api-v1->@Inject::afterInitScreen(IILorg/spongepowered/asm/mixin/injection/callback/CallbackInfo;)V has 0 override(s) in child classes
[23:39:05] [main/DEBUG] (FabricLoader/Mixin) fabric-screen-api-v1.mixins.json:ScreenMixin from mod fabric-screen-api-v1->@Inject::afterInitScreen(IILorg/spongepowered/asm/mixin/injection/callback/CallbackInfo;)V won't be passed a CallbackInfo as a result
[23:39:05] [main/DEBUG] (FabricLoader/Mixin) fabric-screen-api-v1.mixins.json:ScreenMixin from mod fabric-screen-api-v1->@Inject::beforeResizeScreen(IILorg/spongepowered/asm/mixin/injection/callback/CallbackInfo;)V doesn't use it's CallbackInfo
[23:39:05] [main/DEBUG] (FabricLoader/Mixin) fabric-screen-api-v1.mixins.json:ScreenMixin from mod fabric-screen-api-v1->@Inject::beforeResizeScreen(IILorg/spongepowered/asm/mixin/injection/callback/CallbackInfo;)V has 0 override(s) in child classes
[23:39:05] [main/DEBUG] (FabricLoader/Mixin) fabric-screen-api-v1.mixins.json:ScreenMixin from mod fabric-screen-api-v1->@Inject::beforeResizeScreen(IILorg/spongepowered/asm/mixin/injection/callback/CallbackInfo;)V won't be passed a CallbackInfo as a result
[23:39:05] [main/DEBUG] (FabricLoader/Mixin) fabric-screen-api-v1.mixins.json:ScreenMixin from mod fabric-screen-api-v1->@Inject::afterResizeScreen(IILorg/spongepowered/asm/mixin/injection/callback/CallbackInfo;)V doesn't use it's CallbackInfo
[23:39:05] [main/DEBUG] (FabricLoader/Mixin) fabric-screen-api-v1.mixins.json:ScreenMixin from mod fabric-screen-api-v1->@Inject::afterResizeScreen(IILorg/spongepowered/asm/mixin/injection/callback/CallbackInfo;)V has 0 override(s) in child classes
[23:39:05] [main/DEBUG] (FabricLoader/Mixin) fabric-screen-api-v1.mixins.json:ScreenMixin from mod fabric-screen-api-v1->@Inject::afterResizeScreen(IILorg/spongepowered/asm/mixin/injection/callback/CallbackInfo;)V won't be passed a CallbackInfo as a result
[23:39:05] [main/DEBUG] (FabricLoader/Mixin) Mixing ClientLevelMixin from fabric-data-attachment-api-v1.client.mixins.json into net.minecraft.client.multiplayer.ClientLevel
[23:39:05] [main/DEBUG] (FabricLoader/Mixin) Mixing ClientLevelMixin from fabric-lifecycle-events-v1.client.mixins.json into net.minecraft.client.multiplayer.ClientLevel
[23:39:05] [main/DEBUG] (FabricLoader/Mixin) Mixing ClientLevelMixin from fabric-rendering-v1.mixins.json into net.minecraft.client.multiplayer.ClientLevel
[23:39:05] [main/DEBUG] (FabricLoader/Mixin) Renaming synthetic method lambda$new$0(Lnet/minecraft/world/level/ColorResolver;)Lnet/minecraft/client/color/block/BlockTintCache; to md7baf8b$fabric-rendering-v1$lambda$new$0$0 in fabric-rendering-v1.mixins.json:ClientLevelMixin from mod fabric-rendering-v1
[23:39:05] [main/DEBUG] (FabricLoader/Mixin) Renaming synthetic method lambda$new$1(Lnet/minecraft/world/level/ColorResolver;Lnet/minecraft/core/BlockPos;)I to md7baf8b$fabric-rendering-v1$lambda$new$1$1 in fabric-rendering-v1.mixins.json:ClientLevelMixin from mod fabric-rendering-v1
[23:39:05] [main/DEBUG] (FabricLoader/Mixin) fabric-lifecycle-events-v1.client.mixins.json:ClientLevelMixin from mod fabric-lifecycle-events-v1->@Inject::startLevelTick(Lorg/spongepowered/asm/mixin/injection/callback/CallbackInfo;)V doesn't use it's CallbackInfo
[23:39:05] [main/DEBUG] (FabricLoader/Mixin) fabric-lifecycle-events-v1.client.mixins.json:ClientLevelMixin from mod fabric-lifecycle-events-v1->@Inject::startLevelTick(Lorg/spongepowered/asm/mixin/injection/callback/CallbackInfo;)V has 0 override(s) in child classes
[23:39:05] [main/DEBUG] (FabricLoader/Mixin) fabric-lifecycle-events-v1.client.mixins.json:ClientLevelMixin from mod fabric-lifecycle-events-v1->@Inject::startLevelTick(Lorg/spongepowered/asm/mixin/injection/callback/CallbackInfo;)V won't be passed a CallbackInfo as a result
[23:39:05] [main/DEBUG] (FabricLoader/Mixin) fabric-lifecycle-events-v1.client.mixins.json:ClientLevelMixin from mod fabric-lifecycle-events-v1->@Inject::endLevelTick(Lorg/spongepowered/asm/mixin/injection/callback/CallbackInfo;)V doesn't use it's CallbackInfo
[23:39:05] [main/DEBUG] (FabricLoader/Mixin) fabric-lifecycle-events-v1.client.mixins.json:ClientLevelMixin from mod fabric-lifecycle-events-v1->@Inject::endLevelTick(Lorg/spongepowered/asm/mixin/injection/callback/CallbackInfo;)V has 0 override(s) in child classes
[23:39:05] [main/DEBUG] (FabricLoader/Mixin) fabric-lifecycle-events-v1.client.mixins.json:ClientLevelMixin from mod fabric-lifecycle-events-v1->@Inject::endLevelTick(Lorg/spongepowered/asm/mixin/injection/callback/CallbackInfo;)V won't be passed a CallbackInfo as a result
[23:39:05] [main/DEBUG] (FabricLoader/Mixin) fabric-rendering-v1.mixins.json:ClientLevelMixin from mod fabric-rendering-v1->@Inject::onResetChunkColor(Lnet/minecraft/world/level/ChunkPos;Lorg/spongepowered/asm/mixin/injection/callback/CallbackInfo;)V doesn't use it's CallbackInfo
[23:39:05] [main/DEBUG] (FabricLoader/Mixin) fabric-rendering-v1.mixins.json:ClientLevelMixin from mod fabric-rendering-v1->@Inject::onResetChunkColor(Lnet/minecraft/world/level/ChunkPos;Lorg/spongepowered/asm/mixin/injection/callback/CallbackInfo;)V has 0 override(s) in child classes
[23:39:05] [main/DEBUG] (FabricLoader/Mixin) fabric-rendering-v1.mixins.json:ClientLevelMixin from mod fabric-rendering-v1->@Inject::onResetChunkColor(Lnet/minecraft/world/level/ChunkPos;Lorg/spongepowered/asm/mixin/injection/callback/CallbackInfo;)V won't be passed a CallbackInfo as a result
[23:39:05] [main/DEBUG] (FabricLoader/Mixin) fabric-rendering-v1.mixins.json:ClientLevelMixin from mod fabric-rendering-v1->@Inject::onReloadColor(Lorg/spongepowered/asm/mixin/injection/callback/CallbackInfo;)V doesn't use it's CallbackInfo
[23:39:05] [main/DEBUG] (FabricLoader/Mixin) fabric-rendering-v1.mixins.json:ClientLevelMixin from mod fabric-rendering-v1->@Inject::onReloadColor(Lorg/spongepowered/asm/mixin/injection/callback/CallbackInfo;)V has 0 override(s) in child classes
[23:39:05] [main/DEBUG] (FabricLoader/Mixin) fabric-rendering-v1.mixins.json:ClientLevelMixin from mod fabric-rendering-v1->@Inject::onReloadColor(Lorg/spongepowered/asm/mixin/injection/callback/CallbackInfo;)V won't be passed a CallbackInfo as a result
[23:39:05] [main/DEBUG] (FabricLoader/Mixin) Mixing LocalPlayerMixin from fabric-content-registries-v0.client.mixins.json into net.minecraft.client.player.LocalPlayer
[23:39:05] [main/DEBUG] (FabricLoader/Mixin) Mixing LocalPlayerMixin from fabric-networking-api-v1.client.mixins.json into net.minecraft.client.player.LocalPlayer
[23:39:05] [main/DEBUG] (FabricLoader/Mixin) Mixing DefaultAttributesAccessor from fabric-object-builder-v1.mixins.json into net.minecraft.world.entity.ai.attributes.DefaultAttributes
[23:39:05] [main/DEBUG] (FabricLoader/Mixin) Renaming @Accessor method getRegistry()Ljava/util/Map; to getRegistry$fabric-object-builder-api-v1_$md$7baf8b$0 in fabric-object-builder-v1.mixins.json:DefaultAttributesAccessor from mod fabric-object-builder-api-v1
[23:39:05] [main/DEBUG] (FabricLoader/Mixin) Mixing DefaultAttributesMixin from fabric-object-builder-v1.mixins.json into net.minecraft.world.entity.ai.attributes.DefaultAttributes
[23:39:05] [main/DEBUG] (FabricLoader/Mixin) fabric-object-builder-v1.mixins.json:DefaultAttributesMixin from mod fabric-object-builder-api-v1->@Inject::injectAttributes(Lorg/spongepowered/asm/mixin/injection/callback/CallbackInfo;)V doesn't use it's CallbackInfo
[23:39:05] [main/DEBUG] (FabricLoader/Mixin) Mixing AttributeSupplierAccessor from fabric-object-builder-v1.mixins.json into net.minecraft.world.entity.ai.attributes.AttributeSupplier
[23:39:05] [main/DEBUG] (FabricLoader/Mixin) Mixing AttributeSupplierBuilderAccessor from fabric-object-builder-v1.mixins.json into net.minecraft.world.entity.ai.attributes.AttributeSupplier$Builder
[23:39:05] [Render thread/DEBUG] (FabricLoader/Mixin) Mixing MinecraftMixin from fabric-events-interaction-v0.client.mixins.json into net.minecraft.client.Minecraft
[23:39:05] [Render thread/DEBUG] (FabricLoader/Mixin) Mixing MinecraftMixin from fabric-registry-sync-v0.client.mixins.json into net.minecraft.client.Minecraft
[23:39:05] [Render thread/DEBUG] (FabricLoader/Mixin) Mixing MinecraftMixin from fabric-lifecycle-events-v1.client.mixins.json into net.minecraft.client.Minecraft
[23:39:05] [Render thread/DEBUG] (FabricLoader/Mixin) Mixing MinecraftMixin from fabric-screen-api-v1.mixins.json into net.minecraft.client.Minecraft
[23:39:05] [Render thread/DEBUG] (FabricLoader/Mixin) Mixing MinecraftMixin from fabric-data-generation-api-v1.client.mixins.json into net.minecraft.client.Minecraft
[23:39:05] [Render thread/DEBUG] (FabricLoader/Mixin) Mixing accessor.MinecraftAccessor from fabric-networking-api-v1.client.mixins.json into net.minecraft.client.Minecraft
[23:39:05] [Render thread/DEBUG] (FabricLoader/Mixin) fabric-events-interaction-v0.client.mixins.json:MinecraftMixin from mod fabric-events-interaction-v0->@Inject::injectUseEntityCallback(Lorg/spongepowered/asm/mixin/injection/callback/CallbackInfo;)V does use it's CallbackInfo
[23:39:05] [Render thread/DEBUG] (FabricLoader/Mixin) fabric-events-interaction-v0.client.mixins.json:MinecraftMixin from mod fabric-events-interaction-v0->@Inject::injectHandleInputEventsForPreAttackCallback(Lorg/spongepowered/asm/mixin/injection/callback/CallbackInfo;)V doesn't use it's CallbackInfo
[23:39:05] [Render thread/DEBUG] (FabricLoader/Mixin) fabric-events-interaction-v0.client.mixins.json:MinecraftMixin from mod fabric-events-interaction-v0->@Inject::injectHandleInputEventsForPreAttackCallback(Lorg/spongepowered/asm/mixin/injection/callback/CallbackInfo;)V has 0 override(s) in child classes
[23:39:05] [Render thread/DEBUG] (FabricLoader/Mixin) fabric-events-interaction-v0.client.mixins.json:MinecraftMixin from mod fabric-events-interaction-v0->@Inject::injectHandleInputEventsForPreAttackCallback(Lorg/spongepowered/asm/mixin/injection/callback/CallbackInfo;)V won't be passed a CallbackInfo as a result
[23:39:05] [Render thread/DEBUG] (FabricLoader/Mixin) fabric-events-interaction-v0.client.mixins.json:MinecraftMixin from mod fabric-events-interaction-v0->@Inject::injectDoAttackForCancelling(Lorg/spongepowered/asm/mixin/injection/callback/CallbackInfoReturnable;)V does use it's CallbackInfoReturnable
[23:39:05] [Render thread/DEBUG] (FabricLoader/Mixin) fabric-events-interaction-v0.client.mixins.json:MinecraftMixin from mod fabric-events-interaction-v0->@Inject::injectHandleBlockBreakingForCancelling(ZLorg/spongepowered/asm/mixin/injection/callback/CallbackInfo;)V does use it's CallbackInfo
[23:39:05] [Render thread/DEBUG] (FabricLoader/Mixin) fabric-registry-sync-v0.client.mixins.json:MinecraftMixin from mod fabric-registry-sync-v0->@Inject::disconnectAfter(Lnet/minecraft/client/gui/screens/Screen;ZZLorg/spongepowered/asm/mixin/injection/callback/CallbackInfo;)V doesn't use it's CallbackInfo
[23:39:05] [Render thread/DEBUG] (FabricLoader/Mixin) fabric-registry-sync-v0.client.mixins.json:MinecraftMixin from mod fabric-registry-sync-v0->@Inject::disconnectAfter(Lnet/minecraft/client/gui/screens/Screen;ZZLorg/spongepowered/asm/mixin/injection/callback/CallbackInfo;)V has 0 override(s) in child classes
[23:39:05] [Render thread/DEBUG] (FabricLoader/Mixin) fabric-registry-sync-v0.client.mixins.json:MinecraftMixin from mod fabric-registry-sync-v0->@Inject::disconnectAfter(Lnet/minecraft/client/gui/screens/Screen;ZZLorg/spongepowered/asm/mixin/injection/callback/CallbackInfo;)V won't be passed a CallbackInfo as a result
[23:39:05] [Render thread/DEBUG] (FabricLoader/Mixin) fabric-registry-sync-v0.client.mixins.json:MinecraftMixin from mod fabric-registry-sync-v0->@Inject::afterModInit(Lorg/spongepowered/asm/mixin/injection/callback/CallbackInfo;)V doesn't use it's CallbackInfo
[23:39:05] [Render thread/DEBUG] (FabricLoader/Mixin) fabric-registry-sync-v0.client.mixins.json:MinecraftMixin from mod fabric-registry-sync-v0->@Inject::afterModInit(Lorg/spongepowered/asm/mixin/injection/callback/CallbackInfo;)V has 0 override(s) in child classes
[23:39:05] [Render thread/DEBUG] (FabricLoader/Mixin) fabric-registry-sync-v0.client.mixins.json:MinecraftMixin from mod fabric-registry-sync-v0->@Inject::afterModInit(Lorg/spongepowered/asm/mixin/injection/callback/CallbackInfo;)V won't be passed a CallbackInfo as a result
[23:39:05] [Render thread/DEBUG] (FabricLoader/Mixin) fabric-lifecycle-events-v1.client.mixins.json:MinecraftMixin from mod fabric-lifecycle-events-v1->@Inject::onStartTick(Lorg/spongepowered/asm/mixin/injection/callback/CallbackInfo;)V doesn't use it's CallbackInfo
[23:39:05] [Render thread/DEBUG] (FabricLoader/Mixin) fabric-lifecycle-events-v1.client.mixins.json:MinecraftMixin from mod fabric-lifecycle-events-v1->@Inject::onStartTick(Lorg/spongepowered/asm/mixin/injection/callback/CallbackInfo;)V has 0 override(s) in child classes
[23:39:05] [Render thread/DEBUG] (FabricLoader/Mixin) fabric-lifecycle-events-v1.client.mixins.json:MinecraftMixin from mod fabric-lifecycle-events-v1->@Inject::onStartTick(Lorg/spongepowered/asm/mixin/injection/callback/CallbackInfo;)V won't be passed a CallbackInfo as a result
[23:39:05] [Render thread/DEBUG] (FabricLoader/Mixin) fabric-lifecycle-events-v1.client.mixins.json:MinecraftMixin from mod fabric-lifecycle-events-v1->@Inject::onEndTick(Lorg/spongepowered/asm/mixin/injection/callback/CallbackInfo;)V doesn't use it's CallbackInfo
[23:39:05] [Render thread/DEBUG] (FabricLoader/Mixin) fabric-lifecycle-events-v1.client.mixins.json:MinecraftMixin from mod fabric-lifecycle-events-v1->@Inject::onEndTick(Lorg/spongepowered/asm/mixin/injection/callback/CallbackInfo;)V has 0 override(s) in child classes
[23:39:05] [Render thread/DEBUG] (FabricLoader/Mixin) fabric-lifecycle-events-v1.client.mixins.json:MinecraftMixin from mod fabric-lifecycle-events-v1->@Inject::onEndTick(Lorg/spongepowered/asm/mixin/injection/callback/CallbackInfo;)V won't be passed a CallbackInfo as a result
[23:39:05] [Render thread/DEBUG] (FabricLoader/Mixin) fabric-lifecycle-events-v1.client.mixins.json:MinecraftMixin from mod fabric-lifecycle-events-v1->@Inject::onStopping(Lorg/spongepowered/asm/mixin/injection/callback/CallbackInfo;)V doesn't use it's CallbackInfo
[23:39:05] [Render thread/DEBUG] (FabricLoader/Mixin) fabric-lifecycle-events-v1.client.mixins.json:MinecraftMixin from mod fabric-lifecycle-events-v1->@Inject::onStopping(Lorg/spongepowered/asm/mixin/injection/callback/CallbackInfo;)V has 0 override(s) in child classes
[23:39:05] [Render thread/DEBUG] (FabricLoader/Mixin) fabric-lifecycle-events-v1.client.mixins.json:MinecraftMixin from mod fabric-lifecycle-events-v1->@Inject::onStopping(Lorg/spongepowered/asm/mixin/injection/callback/CallbackInfo;)V won't be passed a CallbackInfo as a result
[23:39:05] [Render thread/DEBUG] (FabricLoader/Mixin) fabric-lifecycle-events-v1.client.mixins.json:MinecraftMixin from mod fabric-lifecycle-events-v1->@Inject::onStart(Lorg/spongepowered/asm/mixin/injection/callback/CallbackInfo;)V doesn't use it's CallbackInfo
[23:39:05] [Render thread/DEBUG] (FabricLoader/Mixin) fabric-lifecycle-events-v1.client.mixins.json:MinecraftMixin from mod fabric-lifecycle-events-v1->@Inject::onStart(Lorg/spongepowered/asm/mixin/injection/callback/CallbackInfo;)V has 0 override(s) in child classes
[23:39:05] [Render thread/DEBUG] (FabricLoader/Mixin) fabric-lifecycle-events-v1.client.mixins.json:MinecraftMixin from mod fabric-lifecycle-events-v1->@Inject::onStart(Lorg/spongepowered/asm/mixin/injection/callback/CallbackInfo;)V won't be passed a CallbackInfo as a result
[23:39:05] [Render thread/DEBUG] (FabricLoader/Mixin) fabric-lifecycle-events-v1.client.mixins.json:MinecraftMixin from mod fabric-lifecycle-events-v1->@Inject::afterClientLevelChange(Lnet/minecraft/client/multiplayer/ClientLevel;ZLorg/spongepowered/asm/mixin/injection/callback/CallbackInfo;)V doesn't use it's CallbackInfo
[23:39:05] [Render thread/DEBUG] (FabricLoader/Mixin) fabric-lifecycle-events-v1.client.mixins.json:MinecraftMixin from mod fabric-lifecycle-events-v1->@Inject::afterClientLevelChange(Lnet/minecraft/client/multiplayer/ClientLevel;ZLorg/spongepowered/asm/mixin/injection/callback/CallbackInfo;)V has 0 override(s) in child classes
[23:39:05] [Render thread/DEBUG] (FabricLoader/Mixin) fabric-lifecycle-events-v1.client.mixins.json:MinecraftMixin from mod fabric-lifecycle-events-v1->@Inject::afterClientLevelChange(Lnet/minecraft/client/multiplayer/ClientLevel;ZLorg/spongepowered/asm/mixin/injection/callback/CallbackInfo;)V won't be passed a CallbackInfo as a result
[23:39:05] [Render thread/DEBUG] (FabricLoader/Mixin) fabric-screen-api-v1.mixins.json:MinecraftMixin from mod fabric-screen-api-v1->@Inject::onInit(Lorg/spongepowered/asm/mixin/injection/callback/CallbackInfo;)V doesn't use it's CallbackInfo
[23:39:05] [Render thread/DEBUG] (FabricLoader/Mixin) fabric-screen-api-v1.mixins.json:MinecraftMixin from mod fabric-screen-api-v1->@Inject::onInit(Lorg/spongepowered/asm/mixin/injection/callback/CallbackInfo;)V has 0 override(s) in child classes
[23:39:05] [Render thread/DEBUG] (FabricLoader/Mixin) fabric-screen-api-v1.mixins.json:MinecraftMixin from mod fabric-screen-api-v1->@Inject::onInit(Lorg/spongepowered/asm/mixin/injection/callback/CallbackInfo;)V won't be passed a CallbackInfo as a result
[23:39:05] [Render thread/DEBUG] (FabricLoader/Mixin) fabric-screen-api-v1.mixins.json:MinecraftMixin from mod fabric-screen-api-v1->@Inject::onScreenRemoveBecauseStopping(Lorg/spongepowered/asm/mixin/injection/callback/CallbackInfo;)V doesn't use it's CallbackInfo
[23:39:05] [Render thread/DEBUG] (FabricLoader/Mixin) fabric-screen-api-v1.mixins.json:MinecraftMixin from mod fabric-screen-api-v1->@Inject::onScreenRemoveBecauseStopping(Lorg/spongepowered/asm/mixin/injection/callback/CallbackInfo;)V has 0 override(s) in child classes
[23:39:05] [Render thread/DEBUG] (FabricLoader/Mixin) fabric-screen-api-v1.mixins.json:MinecraftMixin from mod fabric-screen-api-v1->@Inject::onScreenRemoveBecauseStopping(Lorg/spongepowered/asm/mixin/injection/callback/CallbackInfo;)V won't be passed a CallbackInfo as a result
[23:39:05] [Render thread/DEBUG] (FabricLoader/Mixin) fabric-screen-api-v1.mixins.json:MinecraftMixin from mod fabric-screen-api-v1->@Inject::beforeLoadingScreenTick(Lorg/spongepowered/asm/mixin/injection/callback/CallbackInfo;)V doesn't use it's CallbackInfo
[23:39:05] [Render thread/DEBUG] (FabricLoader/Mixin) fabric-screen-api-v1.mixins.json:MinecraftMixin from mod fabric-screen-api-v1->@Inject::beforeLoadingScreenTick(Lorg/spongepowered/asm/mixin/injection/callback/CallbackInfo;)V has 0 override(s) in child classes
[23:39:05] [Render thread/DEBUG] (FabricLoader/Mixin) fabric-screen-api-v1.mixins.json:MinecraftMixin from mod fabric-screen-api-v1->@Inject::beforeLoadingScreenTick(Lorg/spongepowered/asm/mixin/injection/callback/CallbackInfo;)V won't be passed a CallbackInfo as a result
[23:39:05] [Render thread/DEBUG] (FabricLoader/Mixin) fabric-screen-api-v1.mixins.json:MinecraftMixin from mod fabric-screen-api-v1->@Inject::afterLoadingScreenTick(Lorg/spongepowered/asm/mixin/injection/callback/CallbackInfo;)V doesn't use it's CallbackInfo
[23:39:05] [Render thread/DEBUG] (FabricLoader/Mixin) fabric-screen-api-v1.mixins.json:MinecraftMixin from mod fabric-screen-api-v1->@Inject::afterLoadingScreenTick(Lorg/spongepowered/asm/mixin/injection/callback/CallbackInfo;)V has 0 override(s) in child classes
[23:39:05] [Render thread/DEBUG] (FabricLoader/Mixin) fabric-screen-api-v1.mixins.json:MinecraftMixin from mod fabric-screen-api-v1->@Inject::afterLoadingScreenTick(Lorg/spongepowered/asm/mixin/injection/callback/CallbackInfo;)V won't be passed a CallbackInfo as a result
[23:39:05] [Render thread/DEBUG] (FabricLoader/Mixin) fabric-data-generation-api-v1.client.mixins.json:MinecraftMixin from mod fabric-data-generation-api-v1->@Inject::main(Lorg/spongepowered/asm/mixin/injection/callback/CallbackInfo;)V doesn't use it's CallbackInfo
[23:39:05] [Render thread/DEBUG] (FabricLoader/Mixin) fabric-data-generation-api-v1.client.mixins.json:MinecraftMixin from mod fabric-data-generation-api-v1->@Inject::main(Lorg/spongepowered/asm/mixin/injection/callback/CallbackInfo;)V has 0 override(s) in child classes
[23:39:05] [Render thread/DEBUG] (FabricLoader/Mixin) fabric-data-generation-api-v1.client.mixins.json:MinecraftMixin from mod fabric-data-generation-api-v1->@Inject::main(Lorg/spongepowered/asm/mixin/injection/callback/CallbackInfo;)V won't be passed a CallbackInfo as a result
[23:39:06] [Render thread/DEBUG] (FabricLoader/Mixin) Mixing AbstractRecipeBookScreenMixin from fabric-screen-api-v1.mixins.json into net.minecraft.client.gui.screens.inventory.AbstractRecipeBookScreen
[23:39:06] [Render thread/DEBUG] (FabricLoader/Mixin) fabric-screen-api-v1.mixins.json:AbstractRecipeBookScreenMixin from mod fabric-screen-api-v1->@Inject::extractRenderState(Lnet/minecraft/client/gui/GuiGraphicsExtractor;IIFLorg/spongepowered/asm/mixin/injection/callback/CallbackInfo;)V doesn't use it's CallbackInfo
[23:39:06] [Render thread/DEBUG] (FabricLoader/Mixin) fabric-screen-api-v1.mixins.json:AbstractRecipeBookScreenMixin from mod fabric-screen-api-v1->@Inject::extractRenderState(Lnet/minecraft/client/gui/GuiGraphicsExtractor;IIFLorg/spongepowered/asm/mixin/injection/callback/CallbackInfo;)V has 0 override(s) in child classes
[23:39:06] [Render thread/DEBUG] (FabricLoader/Mixin) fabric-screen-api-v1.mixins.json:AbstractRecipeBookScreenMixin from mod fabric-screen-api-v1->@Inject::extractRenderState(Lnet/minecraft/client/gui/GuiGraphicsExtractor;IIFLorg/spongepowered/asm/mixin/injection/callback/CallbackInfo;)V won't be passed a CallbackInfo as a result
[23:39:06] [Render thread/DEBUG] (FabricLoader/Mixin) Mixing AbstractContainerScreenMixin from fabric-screen-api-v1.mixins.json into net.minecraft.client.gui.screens.inventory.AbstractContainerScreen
[23:39:06] [Render thread/DEBUG] (FabricLoader/Mixin) fabric-screen-api-v1.mixins.json:AbstractContainerScreenMixin from mod fabric-screen-api-v1->@Inject::extractRenderState(Lnet/minecraft/client/gui/GuiGraphicsExtractor;IIFLorg/spongepowered/asm/mixin/injection/callback/CallbackInfo;)V doesn't use it's CallbackInfo
[23:39:06] [Render thread/DEBUG] (FabricLoader/Mixin) fabric-screen-api-v1.mixins.json:AbstractContainerScreenMixin from mod fabric-screen-api-v1->@Inject::extractRenderState(Lnet/minecraft/client/gui/GuiGraphicsExtractor;IIFLorg/spongepowered/asm/mixin/injection/callback/CallbackInfo;)V has 0 override(s) in child classes
[23:39:06] [Render thread/DEBUG] (FabricLoader/Mixin) fabric-screen-api-v1.mixins.json:AbstractContainerScreenMixin from mod fabric-screen-api-v1->@Inject::extractRenderState(Lnet/minecraft/client/gui/GuiGraphicsExtractor;IIFLorg/spongepowered/asm/mixin/injection/callback/CallbackInfo;)V won't be passed a CallbackInfo as a result
[23:39:06] [Render thread/DEBUG] (FabricLoader/Mixin) fabric-screen-api-v1.mixins.json:AbstractContainerScreenMixin from mod fabric-screen-api-v1->@Inject::callSuperMouseReleased(Lnet/minecraft/client/input/MouseButtonEvent;Lorg/spongepowered/asm/mixin/injection/callback/CallbackInfoReturnable;)V does use it's CallbackInfoReturnable
[23:39:06] [Render thread/DEBUG] (FabricLoader/Mixin) fabric-screen-api-v1.mixins.json:AbstractContainerScreenMixin from mod fabric-screen-api-v1->@Inject::callSuperMouseReleased(Lnet/minecraft/client/input/MouseButtonEvent;DDLorg/spongepowered/asm/mixin/injection/callback/CallbackInfoReturnable;)V does use it's CallbackInfoReturnable
[23:39:06] [Render thread/DEBUG] (FabricLoader/Mixin) Mixing KeyedClientResourceReloadListenerMixin from fabric-resource-loader-v1.client.mixins.json into net.minecraft.client.PeriodicNotificationManager
[23:39:06] [Render thread/DEBUG] (FabricLoader/Mixin) Mixing BuiltInPackSourceMixin from fabric-resource-loader-v1.client.mixins.json into net.minecraft.server.packs.repository.BuiltInPackSource
[23:39:06] [Render thread/DEBUG] (FabricLoader/Mixin) fabric-resource-loader-v1.client.mixins.json:BuiltInPackSourceMixin from mod fabric-resource-loader-v1->@Inject::addBuiltinResourcePacks(Ljava/util/function/Consumer;Lorg/spongepowered/asm/mixin/injection/callback/CallbackInfo;)V doesn't use it's CallbackInfo
[23:39:06] [Render thread/DEBUG] (FabricLoader/Mixin) fabric-resource-loader-v1.client.mixins.json:BuiltInPackSourceMixin from mod fabric-resource-loader-v1->@Inject::addBuiltinResourcePacks(Ljava/util/function/Consumer;Lorg/spongepowered/asm/mixin/injection/callback/CallbackInfo;)V has 0 override(s) in child classes
[23:39:06] [Render thread/DEBUG] (FabricLoader/Mixin) fabric-resource-loader-v1.client.mixins.json:BuiltInPackSourceMixin from mod fabric-resource-loader-v1->@Inject::addBuiltinResourcePacks(Ljava/util/function/Consumer;Lorg/spongepowered/asm/mixin/injection/callback/CallbackInfo;)V won't be passed a CallbackInfo as a result
[23:39:06] [Render thread/DEBUG] (FabricLoader/Mixin) Mixing PackRepositoryMixin from fabric-resource-loader-v1.mixins.json into net.minecraft.server.packs.repository.PackRepository
[23:39:06] [Render thread/DEBUG] (FabricLoader/Mixin) Renaming synthetic method lambda$handleAutoDisable$0(Ljava/util/Set;Lnet/minecraft/server/packs/repository/Pack;)Z to md7baf8b$fabric-resource-loader-v1$lambda$handleAutoDisable$0$0 in fabric-resource-loader-v1.mixins.json:PackRepositoryMixin from mod fabric-resource-loader-v1
[23:39:06] [Render thread/DEBUG] (FabricLoader/Mixin) fabric-resource-loader-v1.mixins.json:PackRepositoryMixin from mod fabric-resource-loader-v1->@Inject::construct([Lnet/minecraft/server/packs/repository/RepositorySource;Lorg/spongepowered/asm/mixin/injection/callback/CallbackInfo;)V doesn't use it's CallbackInfo
[23:39:06] [Render thread/DEBUG] (FabricLoader/Mixin) fabric-resource-loader-v1.mixins.json:PackRepositoryMixin from mod fabric-resource-loader-v1->@Inject::construct([Lnet/minecraft/server/packs/repository/RepositorySource;Lorg/spongepowered/asm/mixin/injection/callback/CallbackInfo;)V has 0 override(s) in child classes
[23:39:06] [Render thread/DEBUG] (FabricLoader/Mixin) fabric-resource-loader-v1.mixins.json:PackRepositoryMixin from mod fabric-resource-loader-v1->@Inject::construct([Lnet/minecraft/server/packs/repository/RepositorySource;Lorg/spongepowered/asm/mixin/injection/callback/CallbackInfo;)V won't be passed a CallbackInfo as a result
[23:39:06] [Render thread/DEBUG] (FabricLoader/Mixin) fabric-resource-loader-v1.mixins.json:PackRepositoryMixin from mod fabric-resource-loader-v1->@Inject::handleAutoEnableDisable(Ljava/util/Collection;Lorg/spongepowered/asm/mixin/injection/callback/CallbackInfoReturnable;)V doesn't use it's CallbackInfoReturnable
[23:39:06] [Render thread/DEBUG] (FabricLoader/Mixin) fabric-resource-loader-v1.mixins.json:PackRepositoryMixin from mod fabric-resource-loader-v1->@Inject::handleAutoEnableDisable(Ljava/util/Collection;Lorg/spongepowered/asm/mixin/injection/callback/CallbackInfoReturnable;)V has 0 override(s) in child classes
[23:39:06] [Render thread/DEBUG] (FabricLoader/Mixin) fabric-resource-loader-v1.mixins.json:PackRepositoryMixin from mod fabric-resource-loader-v1->@Inject::handleAutoEnableDisable(Ljava/util/Collection;Lorg/spongepowered/asm/mixin/injection/callback/CallbackInfoReturnable;)V won't be passed a CallbackInfoReturnable as a result
[23:39:06] [Render thread/DEBUG] (FabricLoader/Mixin) fabric-resource-loader-v1.mixins.json:PackRepositoryMixin from mod fabric-resource-loader-v1->@Inject::handleAutoEnable(Ljava/lang/String;Lorg/spongepowered/asm/mixin/injection/callback/CallbackInfoReturnable;)V doesn't use it's CallbackInfoReturnable
[23:39:06] [Render thread/DEBUG] (FabricLoader/Mixin) fabric-resource-loader-v1.mixins.json:PackRepositoryMixin from mod fabric-resource-loader-v1->@Inject::handleAutoEnable(Ljava/lang/String;Lorg/spongepowered/asm/mixin/injection/callback/CallbackInfoReturnable;)V has 0 override(s) in child classes
[23:39:06] [Render thread/DEBUG] (FabricLoader/Mixin) fabric-resource-loader-v1.mixins.json:PackRepositoryMixin from mod fabric-resource-loader-v1->@Inject::handleAutoEnable(Ljava/lang/String;Lorg/spongepowered/asm/mixin/injection/callback/CallbackInfoReturnable;)V won't be passed a CallbackInfoReturnable as a result
[23:39:06] [Render thread/DEBUG] (FabricLoader/Mixin) fabric-resource-loader-v1.mixins.json:PackRepositoryMixin from mod fabric-resource-loader-v1->@Inject::handleAutoDisable(Ljava/lang/String;Lorg/spongepowered/asm/mixin/injection/callback/CallbackInfoReturnable;)V doesn't use it's CallbackInfoReturnable
[23:39:06] [Render thread/DEBUG] (FabricLoader/Mixin) fabric-resource-loader-v1.mixins.json:PackRepositoryMixin from mod fabric-resource-loader-v1->@Inject::handleAutoDisable(Ljava/lang/String;Lorg/spongepowered/asm/mixin/injection/callback/CallbackInfoReturnable;)V has 0 override(s) in child classes
[23:39:06] [Render thread/DEBUG] (FabricLoader/Mixin) fabric-resource-loader-v1.mixins.json:PackRepositoryMixin from mod fabric-resource-loader-v1->@Inject::handleAutoDisable(Ljava/lang/String;Lorg/spongepowered/asm/mixin/injection/callback/CallbackInfoReturnable;)V won't be passed a CallbackInfoReturnable as a result
[23:39:06] [Render thread/INFO] (com.mojang.authlib.yggdrasil.YggdrasilAuthenticationService) Environment: Environment[sessionHost=https://sessionserver.mojang.com, servicesHost=https://api.minecraftservices.com, profilesHost=https://api.mojang.com, name=PROD]
[23:39:06] [Yggdrasil Key Fetcher/DEBUG] (com.mojang.authlib.minecraft.client.MinecraftClient) Connecting to https://api.minecraftservices.com/publickeys
[23:39:06] [Download-1/DEBUG] (com.mojang.authlib.minecraft.client.MinecraftClient) Connecting to https://sessionserver.mojang.com/session/minecraft/profile/01d9f82555093b83aacfc98ce0dce1c7?unsigned=false
[23:39:06] [Render thread/INFO] (net.minecraft.client.Minecraft) Setting user: Player742
[23:39:06] [Download-2/DEBUG] (com.mojang.authlib.minecraft.client.MinecraftClient) Connecting to https://api.minecraftservices.com/player/attributes
[23:39:06] [Render thread/DEBUG] (FabricLoader/Entrypoint) Iterating over entrypoint 'main'
[23:39:06] [Render thread/INFO] (Chunk Preloader) Chunk Preloader configured for a 100-chunk CIRCLE (31417 chunks total)
[23:39:06] [Render thread/DEBUG] (FabricLoader/Mixin) Mixing ServerGamePacketListenerImplMixin from fabric-networking-api-v1.mixins.json into net.minecraft.server.network.ServerGamePacketListenerImpl
[23:39:06] [Render thread/DEBUG] (FabricLoader/Mixin) Mixing ServerGamePacketListenerImplMixin from fabric-events-interaction-v0.mixins.json into net.minecraft.server.network.ServerGamePacketListenerImpl
[23:39:06] [Render thread/DEBUG] (FabricLoader/Mixin) fabric-networking-api-v1.mixins.json:ServerGamePacketListenerImplMixin from mod fabric-networking-api-v1->@Inject::initAddon(Lorg/spongepowered/asm/mixin/injection/callback/CallbackInfo;)V doesn't use it's CallbackInfo
[23:39:06] [Render thread/DEBUG] (FabricLoader/Mixin) fabric-networking-api-v1.mixins.json:ServerGamePacketListenerImplMixin from mod fabric-networking-api-v1->@Inject::initAddon(Lorg/spongepowered/asm/mixin/injection/callback/CallbackInfo;)V has 0 override(s) in child classes
[23:39:06] [Render thread/DEBUG] (FabricLoader/Mixin) fabric-networking-api-v1.mixins.json:ServerGamePacketListenerImplMixin from mod fabric-networking-api-v1->@Inject::initAddon(Lorg/spongepowered/asm/mixin/injection/callback/CallbackInfo;)V won't be passed a CallbackInfo as a result
[23:39:06] [Render thread/DEBUG] (FabricLoader/Mixin) fabric-networking-api-v1.mixins.json:ServerGamePacketListenerImplMixin from mod fabric-networking-api-v1->@Inject::handleCustomPayloadReceivedAsync(Lnet/minecraft/network/protocol/common/ServerboundCustomPayloadPacket;Lorg/spongepowered/asm/mixin/injection/callback/CallbackInfo;)V does use it's CallbackInfo
[23:39:06] [Render thread/DEBUG] (FabricLoader/Mixin) fabric-events-interaction-v0.mixins.json:ServerGamePacketListenerImplMixin from mod fabric-events-interaction-v0->@Inject::handleInteract(Lnet/minecraft/network/protocol/game/ServerboundInteractPacket;Lorg/spongepowered/asm/mixin/injection/callback/CallbackInfo;)V does use it's CallbackInfo
[23:39:06] [Render thread/DEBUG] (FabricLoader/Mixin) Mixing sync.ServerCommonPacketListenerImplAccessor from fabric-recipe-api-v1.mixins.json into net.minecraft.server.network.ServerCommonPacketListenerImpl
[23:39:06] [Render thread/DEBUG] (FabricLoader/Mixin) Mixing ServerCommonPacketListenerImplMixin from fabric-networking-api-v1.mixins.json into net.minecraft.server.network.ServerCommonPacketListenerImpl
[23:39:06] [Render thread/DEBUG] (FabricLoader/Mixin) Mixing accessor.ServerCommonPacketListenerImplAccessor from fabric-networking-api-v1.mixins.json into net.minecraft.server.network.ServerCommonPacketListenerImpl
[23:39:06] [Render thread/DEBUG] (FabricLoader/Mixin) fabric-networking-api-v1.mixins.json:ServerCommonPacketListenerImplMixin from mod fabric-networking-api-v1->@Inject::handleCustomPayloadReceivedAsync(Lnet/minecraft/network/protocol/common/ServerboundCustomPayloadPacket;Lorg/spongepowered/asm/mixin/injection/callback/CallbackInfo;)V does use it's CallbackInfo
[23:39:06] [Render thread/DEBUG] (FabricLoader/Mixin) fabric-networking-api-v1.mixins.json:ServerCommonPacketListenerImplMixin from mod fabric-networking-api-v1->@Inject::onPlayPong(Lnet/minecraft/network/protocol/common/ServerboundPongPacket;Lorg/spongepowered/asm/mixin/injection/callback/CallbackInfo;)V doesn't use it's CallbackInfo
[23:39:06] [Render thread/DEBUG] (FabricLoader/Mixin) fabric-networking-api-v1.mixins.json:ServerCommonPacketListenerImplMixin from mod fabric-networking-api-v1->@Inject::onPlayPong(Lnet/minecraft/network/protocol/common/ServerboundPongPacket;Lorg/spongepowered/asm/mixin/injection/callback/CallbackInfo;)V has 0 override(s) in child classes
[23:39:06] [Render thread/DEBUG] (FabricLoader/Mixin) fabric-networking-api-v1.mixins.json:ServerCommonPacketListenerImplMixin from mod fabric-networking-api-v1->@Inject::onPlayPong(Lnet/minecraft/network/protocol/common/ServerboundPongPacket;Lorg/spongepowered/asm/mixin/injection/callback/CallbackInfo;)V won't be passed a CallbackInfo as a result
[23:39:06] [Render thread/DEBUG] (FabricLoader/Mixin) Unexpected: Registered method getConnection()Lnet/minecraft/network/Connection; in net.minecraft.server.network.ServerCommonPacketListenerImpl was not merged
[23:39:06] [Render thread/DEBUG] (FabricLoader/Mixin) Mixing modification.MinecraftServerMixin from fabric-biome-api-v1.mixins.json into net.minecraft.server.MinecraftServer
[23:39:06] [Render thread/DEBUG] (FabricLoader/Mixin) Mixing MinecraftServerMixin from fabric-data-attachment-api-v1.mixins.json into net.minecraft.server.MinecraftServer
[23:39:06] [Render thread/DEBUG] (FabricLoader/Mixin) Renaming synthetic method lambda$initGlobalAttachments$0()Lnet/fabricmc/fabric/impl/attachment/AttachmentSavedData; to md7baf8b$fabric-data-attachment-api-v1$lambda$initGlobalAttachments$0$0 in fabric-data-attachment-api-v1.mixins.json:MinecraftServerMixin from mod fabric-data-attachment-api-v1
[23:39:06] [Render thread/DEBUG] (FabricLoader/Mixin) Mixing MinecraftServerMixin from fabric-game-rule-api-v1.mixins.json into net.minecraft.server.MinecraftServer
[23:39:06] [Render thread/DEBUG] (FabricLoader/Mixin) Mixing MinecraftServerMixin from fabric-lifecycle-events-v1.mixins.json into net.minecraft.server.MinecraftServer
[23:39:06] [Render thread/DEBUG] (FabricLoader/Mixin) Renaming synthetic method lambda$endResourceReload$0(Ljava/lang/Void;Ljava/lang/Throwable;)Ljava/lang/Void; to md7baf8b$fabric-lifecycle-events-v1$lambda$endResourceReload$0$1 in fabric-lifecycle-events-v1.mixins.json:MinecraftServerMixin from mod fabric-lifecycle-events-v1
[23:39:06] [Render thread/DEBUG] (FabricLoader/Mixin) Mixing MinecraftServerMixin from fabric-message-api-v1.mixins.json into net.minecraft.server.MinecraftServer
[23:39:06] [Render thread/DEBUG] (FabricLoader/Mixin) Renaming synthetic method lambda$onGetChatDecorator$0(Lnet/minecraft/server/level/ServerPlayer;Lnet/minecraft/network/chat/Component;)Lnet/minecraft/network/chat/Component; to md7baf8b$fabric-message-api-v1$lambda$onGetChatDecorator$0$2 in fabric-message-api-v1.mixins.json:MinecraftServerMixin from mod fabric-message-api-v1
[23:39:06] [Render thread/DEBUG] (FabricLoader/Mixin) Mixing MinecraftServerMixin from fabric-resource-loader-v1.mixins.json into net.minecraft.server.MinecraftServer
[23:39:06] [Render thread/DEBUG] (FabricLoader/Mixin) Renaming synthetic method lambda$init$0(Lnet/minecraft/server/packs/PackResources;)Ljava/util/stream/Stream; to md7baf8b$fabric-resource-loader-v1$lambda$init$0$3 in fabric-resource-loader-v1.mixins.json:MinecraftServerMixin from mod fabric-resource-loader-v1
[23:39:06] [Render thread/DEBUG] (FabricLoader/Mixin) fabric-biome-api-v1.mixins.json:modification.MinecraftServerMixin from mod fabric-biome-api-v1->@Inject::finalizeWorldGen(Lorg/spongepowered/asm/mixin/injection/callback/CallbackInfo;)V doesn't use it's CallbackInfo
[23:39:06] [Render thread/DEBUG] (FabricLoader/Mixin) fabric-biome-api-v1.mixins.json:modification.MinecraftServerMixin from mod fabric-biome-api-v1->@Inject::finalizeWorldGen(Lorg/spongepowered/asm/mixin/injection/callback/CallbackInfo;)V has 0 override(s) in child classes
[23:39:06] [Render thread/DEBUG] (FabricLoader/Mixin) fabric-biome-api-v1.mixins.json:modification.MinecraftServerMixin from mod fabric-biome-api-v1->@Inject::finalizeWorldGen(Lorg/spongepowered/asm/mixin/injection/callback/CallbackInfo;)V won't be passed a CallbackInfo as a result
[23:39:06] [Render thread/DEBUG] (FabricLoader/Mixin) fabric-data-attachment-api-v1.mixins.json:MinecraftServerMixin from mod fabric-data-attachment-api-v1->@Inject::initGlobalAttachments(Lorg/spongepowered/asm/mixin/injection/callback/CallbackInfo;)V doesn't use it's CallbackInfo
[23:39:06] [Render thread/DEBUG] (FabricLoader/Mixin) fabric-data-attachment-api-v1.mixins.json:MinecraftServerMixin from mod fabric-data-attachment-api-v1->@Inject::initGlobalAttachments(Lorg/spongepowered/asm/mixin/injection/callback/CallbackInfo;)V has 0 override(s) in child classes
[23:39:06] [Render thread/DEBUG] (FabricLoader/Mixin) fabric-data-attachment-api-v1.mixins.json:MinecraftServerMixin from mod fabric-data-attachment-api-v1->@Inject::initGlobalAttachments(Lorg/spongepowered/asm/mixin/injection/callback/CallbackInfo;)V won't be passed a CallbackInfo as a result
[23:39:06] [Render thread/DEBUG] (FabricLoader/Mixin) fabric-game-rule-api-v1.mixins.json:MinecraftServerMixin from mod fabric-game-rule-api-v1->@Inject::handleGameRuleUpdate(Lnet/minecraft/world/level/gamerules/GameRule;Ljava/lang/Object;Lorg/spongepowered/asm/mixin/injection/callback/CallbackInfo;)V doesn't use it's CallbackInfo
[23:39:06] [Render thread/DEBUG] (FabricLoader/Mixin) fabric-game-rule-api-v1.mixins.json:MinecraftServerMixin from mod fabric-game-rule-api-v1->@Inject::handleGameRuleUpdate(Lnet/minecraft/world/level/gamerules/GameRule;Ljava/lang/Object;Lorg/spongepowered/asm/mixin/injection/callback/CallbackInfo;)V has 0 override(s) in child classes
[23:39:06] [Render thread/DEBUG] (FabricLoader/Mixin) fabric-game-rule-api-v1.mixins.json:MinecraftServerMixin from mod fabric-game-rule-api-v1->@Inject::handleGameRuleUpdate(Lnet/minecraft/world/level/gamerules/GameRule;Ljava/lang/Object;Lorg/spongepowered/asm/mixin/injection/callback/CallbackInfo;)V won't be passed a CallbackInfo as a result
[23:39:06] [Render thread/DEBUG] (FabricLoader/Mixin) fabric-lifecycle-events-v1.mixins.json:MinecraftServerMixin from mod fabric-lifecycle-events-v1->@Inject::beforeSetupServer(Lorg/spongepowered/asm/mixin/injection/callback/CallbackInfo;)V doesn't use it's CallbackInfo
[23:39:06] [Render thread/DEBUG] (FabricLoader/Mixin) fabric-lifecycle-events-v1.mixins.json:MinecraftServerMixin from mod fabric-lifecycle-events-v1->@Inject::beforeSetupServer(Lorg/spongepowered/asm/mixin/injection/callback/CallbackInfo;)V has 0 override(s) in child classes
[23:39:06] [Render thread/DEBUG] (FabricLoader/Mixin) fabric-lifecycle-events-v1.mixins.json:MinecraftServerMixin from mod fabric-lifecycle-events-v1->@Inject::beforeSetupServer(Lorg/spongepowered/asm/mixin/injection/callback/CallbackInfo;)V won't be passed a CallbackInfo as a result
[23:39:06] [Render thread/DEBUG] (FabricLoader/Mixin) fabric-lifecycle-events-v1.mixins.json:MinecraftServerMixin from mod fabric-lifecycle-events-v1->@Inject::afterSetupServer(Lorg/spongepowered/asm/mixin/injection/callback/CallbackInfo;)V doesn't use it's CallbackInfo
[23:39:06] [Render thread/DEBUG] (FabricLoader/Mixin) fabric-lifecycle-events-v1.mixins.json:MinecraftServerMixin from mod fabric-lifecycle-events-v1->@Inject::afterSetupServer(Lorg/spongepowered/asm/mixin/injection/callback/CallbackInfo;)V has 0 override(s) in child classes
[23:39:06] [Render thread/DEBUG] (FabricLoader/Mixin) fabric-lifecycle-events-v1.mixins.json:MinecraftServerMixin from mod fabric-lifecycle-events-v1->@Inject::afterSetupServer(Lorg/spongepowered/asm/mixin/injection/callback/CallbackInfo;)V won't be passed a CallbackInfo as a result
[23:39:06] [Render thread/DEBUG] (FabricLoader/Mixin) fabric-lifecycle-events-v1.mixins.json:MinecraftServerMixin from mod fabric-lifecycle-events-v1->@Inject::beforeShutdownServer(Lorg/spongepowered/asm/mixin/injection/callback/CallbackInfo;)V doesn't use it's CallbackInfo
[23:39:06] [Render thread/DEBUG] (FabricLoader/Mixin) fabric-lifecycle-events-v1.mixins.json:MinecraftServerMixin from mod fabric-lifecycle-events-v1->@Inject::beforeShutdownServer(Lorg/spongepowered/asm/mixin/injection/callback/CallbackInfo;)V has 0 override(s) in child classes
[23:39:06] [Render thread/DEBUG] (FabricLoader/Mixin) fabric-lifecycle-events-v1.mixins.json:MinecraftServerMixin from mod fabric-lifecycle-events-v1->@Inject::beforeShutdownServer(Lorg/spongepowered/asm/mixin/injection/callback/CallbackInfo;)V won't be passed a CallbackInfo as a result
[23:39:06] [Render thread/DEBUG] (FabricLoader/Mixin) fabric-lifecycle-events-v1.mixins.json:MinecraftServerMixin from mod fabric-lifecycle-events-v1->@Inject::afterShutdownServer(Lorg/spongepowered/asm/mixin/injection/callback/CallbackInfo;)V doesn't use it's CallbackInfo
[23:39:06] [Render thread/DEBUG] (FabricLoader/Mixin) fabric-lifecycle-events-v1.mixins.json:MinecraftServerMixin from mod fabric-lifecycle-events-v1->@Inject::afterShutdownServer(Lorg/spongepowered/asm/mixin/injection/callback/CallbackInfo;)V has 0 override(s) in child classes
[23:39:06] [Render thread/DEBUG] (FabricLoader/Mixin) fabric-lifecycle-events-v1.mixins.json:MinecraftServerMixin from mod fabric-lifecycle-events-v1->@Inject::afterShutdownServer(Lorg/spongepowered/asm/mixin/injection/callback/CallbackInfo;)V won't be passed a CallbackInfo as a result
[23:39:06] [Render thread/DEBUG] (FabricLoader/Mixin) fabric-lifecycle-events-v1.mixins.json:MinecraftServerMixin from mod fabric-lifecycle-events-v1->@Inject::onStartTick(Ljava/util/function/BooleanSupplier;Lorg/spongepowered/asm/mixin/injection/callback/CallbackInfo;)V doesn't use it's CallbackInfo
[23:39:06] [Render thread/DEBUG] (FabricLoader/Mixin) fabric-lifecycle-events-v1.mixins.json:MinecraftServerMixin from mod fabric-lifecycle-events-v1->@Inject::onStartTick(Ljava/util/function/BooleanSupplier;Lorg/spongepowered/asm/mixin/injection/callback/CallbackInfo;)V has 0 override(s) in child classes
[23:39:06] [Render thread/DEBUG] (FabricLoader/Mixin) fabric-lifecycle-events-v1.mixins.json:MinecraftServerMixin from mod fabric-lifecycle-events-v1->@Inject::onStartTick(Ljava/util/function/BooleanSupplier;Lorg/spongepowered/asm/mixin/injection/callback/CallbackInfo;)V won't be passed a CallbackInfo as a result
[23:39:06] [Render thread/DEBUG] (FabricLoader/Mixin) fabric-lifecycle-events-v1.mixins.json:MinecraftServerMixin from mod fabric-lifecycle-events-v1->@Inject::onEndTick(Ljava/util/function/BooleanSupplier;Lorg/spongepowered/asm/mixin/injection/callback/CallbackInfo;)V doesn't use it's CallbackInfo
[23:39:06] [Render thread/DEBUG] (FabricLoader/Mixin) fabric-lifecycle-events-v1.mixins.json:MinecraftServerMixin from mod fabric-lifecycle-events-v1->@Inject::onEndTick(Ljava/util/function/BooleanSupplier;Lorg/spongepowered/asm/mixin/injection/callback/CallbackInfo;)V has 0 override(s) in child classes
[23:39:06] [Render thread/DEBUG] (FabricLoader/Mixin) fabric-lifecycle-events-v1.mixins.json:MinecraftServerMixin from mod fabric-lifecycle-events-v1->@Inject::onEndTick(Ljava/util/function/BooleanSupplier;Lorg/spongepowered/asm/mixin/injection/callback/CallbackInfo;)V won't be passed a CallbackInfo as a result
[23:39:06] [Render thread/DEBUG] (FabricLoader/Mixin) fabric-lifecycle-events-v1.mixins.json:MinecraftServerMixin from mod fabric-lifecycle-events-v1->@Inject::onUnloadWorldAtShutdown(Lorg/spongepowered/asm/mixin/injection/callback/CallbackInfo;)V doesn't use it's CallbackInfo
[23:39:06] [Render thread/DEBUG] (FabricLoader/Mixin) fabric-lifecycle-events-v1.mixins.json:MinecraftServerMixin from mod fabric-lifecycle-events-v1->@Inject::onUnloadWorldAtShutdown(Lorg/spongepowered/asm/mixin/injection/callback/CallbackInfo;)V has 0 override(s) in child classes
[23:39:06] [Render thread/DEBUG] (FabricLoader/Mixin) fabric-lifecycle-events-v1.mixins.json:MinecraftServerMixin from mod fabric-lifecycle-events-v1->@Inject::onUnloadWorldAtShutdown(Lorg/spongepowered/asm/mixin/injection/callback/CallbackInfo;)V won't be passed a CallbackInfo as a result
[23:39:06] [Render thread/DEBUG] (FabricLoader/Mixin) fabric-lifecycle-events-v1.mixins.json:MinecraftServerMixin from mod fabric-lifecycle-events-v1->@Inject::startResourceReload(Ljava/util/Collection;Lorg/spongepowered/asm/mixin/injection/callback/CallbackInfoReturnable;)V doesn't use it's CallbackInfoReturnable
[23:39:06] [Render thread/DEBUG] (FabricLoader/Mixin) fabric-lifecycle-events-v1.mixins.json:MinecraftServerMixin from mod fabric-lifecycle-events-v1->@Inject::startResourceReload(Ljava/util/Collection;Lorg/spongepowered/asm/mixin/injection/callback/CallbackInfoReturnable;)V has 0 override(s) in child classes
[23:39:06] [Render thread/DEBUG] (FabricLoader/Mixin) fabric-lifecycle-events-v1.mixins.json:MinecraftServerMixin from mod fabric-lifecycle-events-v1->@Inject::startResourceReload(Ljava/util/Collection;Lorg/spongepowered/asm/mixin/injection/callback/CallbackInfoReturnable;)V won't be passed a CallbackInfoReturnable as a result
[23:39:06] [Render thread/DEBUG] (FabricLoader/Mixin) fabric-lifecycle-events-v1.mixins.json:MinecraftServerMixin from mod fabric-lifecycle-events-v1->@Inject::endResourceReload(Ljava/util/Collection;Lorg/spongepowered/asm/mixin/injection/callback/CallbackInfoReturnable;)V does use it's CallbackInfoReturnable
[23:39:06] [Render thread/DEBUG] (FabricLoader/Mixin) fabric-lifecycle-events-v1.mixins.json:MinecraftServerMixin from mod fabric-lifecycle-events-v1->@Inject::startSave(ZZZLorg/spongepowered/asm/mixin/injection/callback/CallbackInfoReturnable;)V doesn't use it's CallbackInfoReturnable
[23:39:06] [Render thread/DEBUG] (FabricLoader/Mixin) fabric-lifecycle-events-v1.mixins.json:MinecraftServerMixin from mod fabric-lifecycle-events-v1->@Inject::startSave(ZZZLorg/spongepowered/asm/mixin/injection/callback/CallbackInfoReturnable;)V has 0 override(s) in child classes
[23:39:06] [Render thread/DEBUG] (FabricLoader/Mixin) fabric-lifecycle-events-v1.mixins.json:MinecraftServerMixin from mod fabric-lifecycle-events-v1->@Inject::startSave(ZZZLorg/spongepowered/asm/mixin/injection/callback/CallbackInfoReturnable;)V won't be passed a CallbackInfoReturnable as a result
[23:39:06] [Render thread/DEBUG] (FabricLoader/Mixin) fabric-lifecycle-events-v1.mixins.json:MinecraftServerMixin from mod fabric-lifecycle-events-v1->@Inject::endSave(ZZZLorg/spongepowered/asm/mixin/injection/callback/CallbackInfoReturnable;)V doesn't use it's CallbackInfoReturnable
[23:39:06] [Render thread/DEBUG] (FabricLoader/Mixin) fabric-lifecycle-events-v1.mixins.json:MinecraftServerMixin from mod fabric-lifecycle-events-v1->@Inject::endSave(ZZZLorg/spongepowered/asm/mixin/injection/callback/CallbackInfoReturnable;)V has 0 override(s) in child classes
[23:39:06] [Render thread/DEBUG] (FabricLoader/Mixin) fabric-lifecycle-events-v1.mixins.json:MinecraftServerMixin from mod fabric-lifecycle-events-v1->@Inject::endSave(ZZZLorg/spongepowered/asm/mixin/injection/callback/CallbackInfoReturnable;)V won't be passed a CallbackInfoReturnable as a result
[23:39:06] [Render thread/DEBUG] (FabricLoader/Mixin) fabric-message-api-v1.mixins.json:MinecraftServerMixin from mod fabric-message-api-v1->@Inject::onGetChatDecorator(Lorg/spongepowered/asm/mixin/injection/callback/CallbackInfoReturnable;)V does use it's CallbackInfoReturnable
[23:39:06] [Render thread/DEBUG] (FabricLoader/Mixin) fabric-resource-loader-v1.mixins.json:MinecraftServerMixin from mod fabric-resource-loader-v1->@Inject::init(Ljava/lang/Thread;Lnet/minecraft/world/level/storage/LevelStorageSource$LevelStorageAccess;Lnet/minecraft/server/packs/repository/PackRepository;Lnet/minecraft/server/WorldStem;Ljava/util/Optional;Ljava/net/Proxy;Lcom/mojang/datafixers/DataFixer;Lnet/minecraft/server/Services;Lnet/minecraft/server/level/progress/LevelLoadListener;ZLnet/minecraft/server/notifications/NotificationManager;Lorg/spongepowered/asm/mixin/injection/callback/CallbackInfo;)V doesn't use it's CallbackInfo
[23:39:06] [Render thread/DEBUG] (FabricLoader/Mixin) fabric-resource-loader-v1.mixins.json:MinecraftServerMixin from mod fabric-resource-loader-v1->@Inject::init(Ljava/lang/Thread;Lnet/minecraft/world/level/storage/LevelStorageSource$LevelStorageAccess;Lnet/minecraft/server/packs/repository/PackRepository;Lnet/minecraft/server/WorldStem;Ljava/util/Optional;Ljava/net/Proxy;Lcom/mojang/datafixers/DataFixer;Lnet/minecraft/server/Services;Lnet/minecraft/server/level/progress/LevelLoadListener;ZLnet/minecraft/server/notifications/NotificationManager;Lorg/spongepowered/asm/mixin/injection/callback/CallbackInfo;)V has 0 override(s) in child classes
[23:39:06] [Render thread/DEBUG] (FabricLoader/Mixin) fabric-resource-loader-v1.mixins.json:MinecraftServerMixin from mod fabric-resource-loader-v1->@Inject::init(Ljava/lang/Thread;Lnet/minecraft/world/level/storage/LevelStorageSource$LevelStorageAccess;Lnet/minecraft/server/packs/repository/PackRepository;Lnet/minecraft/server/WorldStem;Ljava/util/Optional;Ljava/net/Proxy;Lcom/mojang/datafixers/DataFixer;Lnet/minecraft/server/Services;Lnet/minecraft/server/level/progress/LevelLoadListener;ZLnet/minecraft/server/notifications/NotificationManager;Lorg/spongepowered/asm/mixin/injection/callback/CallbackInfo;)V won't be passed a CallbackInfo as a result
[23:39:06] [Render thread/DEBUG] (FabricLoader/Mixin) Mixing ServerConfigurationPacketListenerImplMixin from fabric-networking-api-v1.mixins.json into net.minecraft.server.network.ServerConfigurationPacketListenerImpl
[23:39:06] [Render thread/DEBUG] (FabricLoader/Mixin) Renaming synthetic method lambda$bindChannelInfo$0(Lnet/minecraft/network/RegistryFriendlyByteBuf;)Lnet/minecraft/network/RegistryFriendlyByteBuf; to md7baf8b$fabric-networking-api-v1$lambda$bindChannelInfo$0$0 in fabric-networking-api-v1.mixins.json:ServerConfigurationPacketListenerImplMixin from mod fabric-networking-api-v1
[23:39:06] [Render thread/DEBUG] (FabricLoader/Mixin) Mixing ServerConfigurationPacketListenerImplMixin from fabric-resource-loader-v1.mixins.json into net.minecraft.server.network.ServerConfigurationPacketListenerImpl
[23:39:06] [Render thread/DEBUG] (FabricLoader/Mixin) fabric-networking-api-v1.mixins.json:ServerConfigurationPacketListenerImplMixin from mod fabric-networking-api-v1->@Inject::initAddon(Lorg/spongepowered/asm/mixin/injection/callback/CallbackInfo;)V doesn't use it's CallbackInfo
[23:39:06] [Render thread/DEBUG] (FabricLoader/Mixin) fabric-networking-api-v1.mixins.json:ServerConfigurationPacketListenerImplMixin from mod fabric-networking-api-v1->@Inject::initAddon(Lorg/spongepowered/asm/mixin/injection/callback/CallbackInfo;)V has 0 override(s) in child classes
[23:39:06] [Render thread/DEBUG] (FabricLoader/Mixin) fabric-networking-api-v1.mixins.json:ServerConfigurationPacketListenerImplMixin from mod fabric-networking-api-v1->@Inject::initAddon(Lorg/spongepowered/asm/mixin/injection/callback/CallbackInfo;)V won't be passed a CallbackInfo as a result
[23:39:06] [Render thread/DEBUG] (FabricLoader/Mixin) fabric-networking-api-v1.mixins.json:ServerConfigurationPacketListenerImplMixin from mod fabric-networking-api-v1->@Inject::onClientReady(Lorg/spongepowered/asm/mixin/injection/callback/CallbackInfo;)V does use it's CallbackInfo
[23:39:06] [Render thread/DEBUG] (io.netty.util.internal.InternalThreadLocalMap) -Dio.netty.threadLocalMap.stringBuilder.initialSize: 1024
[23:39:06] [Render thread/DEBUG] (io.netty.util.internal.InternalThreadLocalMap) -Dio.netty.threadLocalMap.stringBuilder.maxSize: 4096
[23:39:06] [Render thread/DEBUG] (io.netty.util.internal.PlatformDependent0) Java version: 25
[23:39:06] [Render thread/DEBUG] (io.netty.util.internal.PlatformDependent0) -Dio.netty.noUnsafe: false
[23:39:06] [Render thread/DEBUG] (io.netty.util.internal.PlatformDependent0) sun.misc.Unsafe.theUnsafe: available
[23:39:06] [Render thread/DEBUG] (io.netty.util.internal.PlatformDependent0) sun.misc.Unsafe base methods: all available
[23:39:06] [Render thread/DEBUG] (io.netty.util.internal.PlatformDependent0) java.nio.Buffer.address: available
[23:39:06] [Render thread/DEBUG] (io.netty.util.internal.PlatformDependent0) direct buffer constructor: unavailable: Reflective setAccessible(true) disabled
[23:39:06] [Render thread/DEBUG] (io.netty.util.internal.PlatformDependent0) java.nio.Bits.unaligned: available, true
[23:39:06] [Render thread/DEBUG] (io.netty.util.internal.PlatformDependent0) jdk.internal.misc.Unsafe.allocateUninitializedArray(int): unavailable: symbolic reference class is not accessible: class jdk.internal.misc.Unsafe, from class io.netty.util.internal.PlatformDependent0 (unnamed module @495ee280)
[23:39:06] [Render thread/DEBUG] (io.netty.util.internal.PlatformDependent0) java.nio.DirectByteBuffer.<init>(long, {int,long}): unavailable
[23:39:06] [Render thread/DEBUG] (io.netty.util.internal.PlatformDependent) sun.misc.Unsafe: available
[23:39:06] [Render thread/DEBUG] (io.netty.util.internal.PlatformDependent) -Dio.netty.tmpdir: C:\Users\arunm\AppData\Local\Temp (java.io.tmpdir)
[23:39:06] [Render thread/DEBUG] (io.netty.util.internal.PlatformDependent) -Dio.netty.bitMode: 64 (sun.arch.data.model)
[23:39:06] [Render thread/DEBUG] (io.netty.util.internal.PlatformDependent) Platform: Windows
[23:39:06] [Render thread/DEBUG] (io.netty.util.internal.PlatformDependent) -Dio.netty.maxDirectMemory: 5314183168 bytes
[23:39:06] [Render thread/DEBUG] (io.netty.util.internal.CleanerJava9) java.nio.ByteBuffer.cleaner(): available
[23:39:06] [Render thread/DEBUG] (io.netty.util.internal.PlatformDependent) -Dio.netty.noPreferDirect: false
[23:39:06] [Render thread/DEBUG] (io.netty.util.internal.PlatformDependent) -Dio.netty.ignoreExpensiveClean: false
[23:39:06] [Render thread/DEBUG] (io.netty.util.internal.PlatformDependent) -Dio.netty.jfr.enabled: true
[23:39:06] [Render thread/DEBUG] (io.netty.buffer.AdaptiveByteBufAllocator) -Dio.netty.allocator.useCachedMagazinesForNonEventLoopThreads: false
[23:39:06] [Render thread/DEBUG] (io.netty.util.Recycler) -Dio.netty.recycler.maxCapacityPerThread: 4096
[23:39:06] [Render thread/DEBUG] (io.netty.util.Recycler) -Dio.netty.recycler.ratio: 8
[23:39:06] [Render thread/DEBUG] (io.netty.util.Recycler) -Dio.netty.recycler.chunkSize: 32
[23:39:06] [Render thread/DEBUG] (io.netty.util.Recycler) -Dio.netty.recycler.blocking: false
[23:39:06] [Render thread/DEBUG] (io.netty.util.Recycler) -Dio.netty.recycler.batchFastThreadLocalOnly: true
[23:39:06] [Render thread/DEBUG] (io.netty.buffer.ByteBufUtil) -Dio.netty.allocator.type: adaptive
[23:39:06] [Render thread/DEBUG] (io.netty.buffer.ByteBufUtil) -Dio.netty.threadLocalDirectBufferSize: 0
[23:39:06] [Render thread/DEBUG] (io.netty.buffer.ByteBufUtil) -Dio.netty.maxThreadLocalCharBufferSize: 16384
[23:39:06] [Render thread/DEBUG] (FabricLoader/Mixin) Mixing VarIntAccessor from fabric-data-attachment-api-v1.mixins.json into net.minecraft.network.VarInt
[23:39:06] [Render thread/DEBUG] (FabricLoader/Mixin) Renaming @Accessor method getMaxByteSize()I to getMaxByteSize$fabric-data-attachment-api-v1_$md$7baf8b$0 in fabric-data-attachment-api-v1.mixins.json:VarIntAccessor from mod fabric-data-attachment-api-v1
[23:39:06] [Render thread/DEBUG] (FabricLoader/Mixin) Mixing ClientboundCustomPayloadPacketAccessor from fabric-data-attachment-api-v1.mixins.json into net.minecraft.network.protocol.common.ClientboundCustomPayloadPacket
[23:39:06] [Render thread/DEBUG] (FabricLoader/Mixin) Mixing ClientboundCustomPayloadPacketMixin from fabric-networking-api-v1.mixins.json into net.minecraft.network.protocol.common.ClientboundCustomPayloadPacket
[23:39:06] [Render thread/DEBUG] (FabricLoader/Mixin) Renaming synthetic method lambda$wrapConfigCodec$0(Lnet/minecraft/network/FriendlyByteBuf;Lnet/minecraft/resources/Identifier;)Lnet/minecraft/network/protocol/common/custom/CustomPacketPayload$TypeAndCodec; to md7baf8b$fabric-networking-api-v1$lambda$wrapConfigCodec$0$0 in fabric-networking-api-v1.mixins.json:ClientboundCustomPayloadPacketMixin from mod fabric-networking-api-v1
[23:39:06] [Render thread/DEBUG] (FabricLoader/Mixin) Renaming synthetic method lambda$wrapPlayCodec$0(Lnet/minecraft/network/RegistryFriendlyByteBuf;Lnet/minecraft/resources/Identifier;)Lnet/minecraft/network/protocol/common/custom/CustomPacketPayload$TypeAndCodec; to md7baf8b$fabric-networking-api-v1$lambda$wrapPlayCodec$0$1 in fabric-networking-api-v1.mixins.json:ClientboundCustomPayloadPacketMixin from mod fabric-networking-api-v1
[23:39:06] [Render thread/DEBUG] (FabricLoader/Mixin) Mixing CustomPayloadStreamCodecMixin from fabric-networking-api-v1.mixins.json into net.minecraft.network.protocol.common.custom.CustomPacketPayload$1
[23:39:06] [Render thread/DEBUG] (FabricLoader/Mixin) Mixing FileToIdConverterAccessor from fabric-resource-conditions-api-v1.mixins.json into net.minecraft.resources.FileToIdConverter
[23:39:06] [Render thread/DEBUG] (FabricLoader/Mixin) Mixing FileToIdConverterAccessor from fabric-loot-api-v3.mixins.json into net.minecraft.resources.FileToIdConverter
[23:39:06] [Render thread/DEBUG] (FabricLoader/Entrypoint) Iterating over entrypoint 'client'
[23:39:06] [Render thread/DEBUG] (FabricLoader/Mixin) Mixing KeyMappingCategoryMixin from fabric-key-mapping-api-v1.mixins.json into net.minecraft.client.KeyMapping$Category
[23:39:06] [Render thread/DEBUG] (FabricLoader/Mixin) fabric-key-mapping-api-v1.mixins.json:KeyMappingCategoryMixin from mod fabric-key-mapping-api-v1->@Inject::onReturnRegister(Lnet/minecraft/resources/Identifier;Lorg/spongepowered/asm/mixin/injection/callback/CallbackInfoReturnable;)V doesn't use it's CallbackInfoReturnable
[23:39:06] [Render thread/DEBUG] (FabricLoader/Mixin) Mixing GuiGraphicsExtractorMixin from fabric-rendering-v1.mixins.json into net.minecraft.client.gui.GuiGraphicsExtractor
[23:39:06] [Render thread/DEBUG] (FabricLoader/Mixin) fabric-rendering-v1.mixins.json:GuiGraphicsExtractorMixin from mod fabric-rendering-v1->@Inject::drawStackOverlay(Lnet/minecraft/client/gui/Font;Lnet/minecraft/world/item/ItemStack;IILjava/lang/String;Lorg/spongepowered/asm/mixin/injection/callback/CallbackInfo;)V doesn't use it's CallbackInfo
[23:39:06] [Render thread/DEBUG] (FabricLoader/Mixin) fabric-rendering-v1.mixins.json:GuiGraphicsExtractorMixin from mod fabric-rendering-v1->@Inject::drawStackOverlay(Lnet/minecraft/client/gui/Font;Lnet/minecraft/world/item/ItemStack;IILjava/lang/String;Lorg/spongepowered/asm/mixin/injection/callback/CallbackInfo;)V has 0 override(s) in child classes
[23:39:06] [Render thread/DEBUG] (FabricLoader/Mixin) fabric-rendering-v1.mixins.json:GuiGraphicsExtractorMixin from mod fabric-rendering-v1->@Inject::drawStackOverlay(Lnet/minecraft/client/gui/Font;Lnet/minecraft/world/item/ItemStack;IILjava/lang/String;Lorg/spongepowered/asm/mixin/injection/callback/CallbackInfo;)V won't be passed a CallbackInfo as a result
[23:39:06] [Render thread/DEBUG] (FabricLoader/Mixin) fabric-rendering-v1.mixins.json:GuiGraphicsExtractorMixin from mod fabric-rendering-v1->@Inject::drawStackOverlay(Lnet/minecraft/client/gui/Font;Lnet/minecraft/world/item/ItemStack;IILjava/lang/String;Lorg/spongepowered/asm/mixin/injection/callback/CallbackInfo;)V doesn't use it's CallbackInfo
[23:39:06] [Render thread/DEBUG] (FabricLoader/Mixin) fabric-rendering-v1.mixins.json:GuiGraphicsExtractorMixin from mod fabric-rendering-v1->@Inject::drawStackOverlay(Lnet/minecraft/client/gui/Font;Lnet/minecraft/world/item/ItemStack;IILjava/lang/String;Lorg/spongepowered/asm/mixin/injection/callback/CallbackInfo;)V has 0 override(s) in child classes
[23:39:06] [Render thread/DEBUG] (FabricLoader/Mixin) fabric-rendering-v1.mixins.json:GuiGraphicsExtractorMixin from mod fabric-rendering-v1->@Inject::drawStackOverlay(Lnet/minecraft/client/gui/Font;Lnet/minecraft/world/item/ItemStack;IILjava/lang/String;Lorg/spongepowered/asm/mixin/injection/callback/CallbackInfo;)V won't be passed a CallbackInfo as a result
[23:39:06] [Render thread/DEBUG] (FabricLoader/Mixin) Mixing ClientPacketListenerMixin from fabric-message-api-v1.client.mixins.json into net.minecraft.client.multiplayer.ClientPacketListener
[23:39:06] [Render thread/DEBUG] (FabricLoader/Mixin) Mixing ClientPacketListenerMixin from fabric-networking-api-v1.client.mixins.json into net.minecraft.client.multiplayer.ClientPacketListener
[23:39:06] [Render thread/DEBUG] (FabricLoader/Mixin) Mixing sync.ClientPacketListenerMixin from fabric-recipe-api-v1.client.mixins.json into net.minecraft.client.multiplayer.ClientPacketListener
[23:39:06] [Render thread/DEBUG] (FabricLoader/Mixin) Mixing ClientPacketListenerMixin from fabric-data-attachment-api-v1.client.mixins.json into net.minecraft.client.multiplayer.ClientPacketListener
[23:39:06] [Render thread/DEBUG] (FabricLoader/Mixin) Mixing ClientPacketListenerMixin from fabric-lifecycle-events-v1.client.mixins.json into net.minecraft.client.multiplayer.ClientPacketListener
[23:39:06] [Render thread/DEBUG] (FabricLoader/Mixin) Mixing ClientPacketListenerAccessor from fabric-command-api-v2.client.mixins.json into net.minecraft.client.multiplayer.ClientPacketListener
[23:39:06] [Render thread/DEBUG] (FabricLoader/Mixin) Renaming @Invoker method invokeIsValidCommand(Lcom/mojang/brigadier/ParseResults;)Z to invokeIsValidCommand$fabric-command-api-v2_$md$7baf8b$0 in fabric-command-api-v2.client.mixins.json:ClientPacketListenerAccessor from mod fabric-command-api-v2
[23:39:06] [Render thread/DEBUG] (FabricLoader/Mixin) Mixing ClientPacketListenerMixin from fabric-command-api-v2.client.mixins.json into net.minecraft.client.multiplayer.ClientPacketListener
[23:39:06] [Render thread/DEBUG] (FabricLoader/Mixin) fabric-message-api-v1.client.mixins.json:ClientPacketListenerMixin from mod fabric-message-api-v1->@Inject::fabric_allowSendChatMessage(Ljava/lang/String;Lorg/spongepowered/asm/mixin/injection/callback/CallbackInfo;)V does use it's CallbackInfo
[23:39:06] [Render thread/DEBUG] (FabricLoader/Mixin) fabric-message-api-v1.client.mixins.json:ClientPacketListenerMixin from mod fabric-message-api-v1->@Inject::fabric_allowSendCommandMessage(Ljava/lang/String;Lorg/spongepowered/asm/mixin/injection/callback/CallbackInfo;)V does use it's CallbackInfo
[23:39:06] [Render thread/DEBUG] (FabricLoader/Mixin) fabric-networking-api-v1.client.mixins.json:ClientPacketListenerMixin from mod fabric-networking-api-v1->@Inject::initAddon(Lorg/spongepowered/asm/mixin/injection/callback/CallbackInfo;)V doesn't use it's CallbackInfo
[23:39:06] [Render thread/DEBUG] (FabricLoader/Mixin) fabric-networking-api-v1.client.mixins.json:ClientPacketListenerMixin from mod fabric-networking-api-v1->@Inject::initAddon(Lorg/spongepowered/asm/mixin/injection/callback/CallbackInfo;)V has 0 override(s) in child classes
[23:39:06] [Render thread/DEBUG] (FabricLoader/Mixin) fabric-networking-api-v1.client.mixins.json:ClientPacketListenerMixin from mod fabric-networking-api-v1->@Inject::initAddon(Lorg/spongepowered/asm/mixin/injection/callback/CallbackInfo;)V won't be passed a CallbackInfo as a result
[23:39:06] [Render thread/DEBUG] (FabricLoader/Mixin) fabric-networking-api-v1.client.mixins.json:ClientPacketListenerMixin from mod fabric-networking-api-v1->@Inject::handleServerPlayReady(Lnet/minecraft/network/protocol/game/ClientboundLoginPacket;Lorg/spongepowered/asm/mixin/injection/callback/CallbackInfo;)V doesn't use it's CallbackInfo
[23:39:06] [Render thread/DEBUG] (FabricLoader/Mixin) fabric-networking-api-v1.client.mixins.json:ClientPacketListenerMixin from mod fabric-networking-api-v1->@Inject::handleServerPlayReady(Lnet/minecraft/network/protocol/game/ClientboundLoginPacket;Lorg/spongepowered/asm/mixin/injection/callback/CallbackInfo;)V has 0 override(s) in child classes
[23:39:06] [Render thread/DEBUG] (FabricLoader/Mixin) fabric-networking-api-v1.client.mixins.json:ClientPacketListenerMixin from mod fabric-networking-api-v1->@Inject::handleServerPlayReady(Lnet/minecraft/network/protocol/game/ClientboundLoginPacket;Lorg/spongepowered/asm/mixin/injection/callback/CallbackInfo;)V won't be passed a CallbackInfo as a result
[23:39:06] [Render thread/DEBUG] (FabricLoader/Mixin) fabric-data-attachment-api-v1.client.mixins.json:ClientPacketListenerMixin from mod fabric-data-attachment-api-v1->@Inject::initGlobalAttachments(Lorg/spongepowered/asm/mixin/injection/callback/CallbackInfo;)V doesn't use it's CallbackInfo
[23:39:06] [Render thread/DEBUG] (FabricLoader/Mixin) fabric-data-attachment-api-v1.client.mixins.json:ClientPacketListenerMixin from mod fabric-data-attachment-api-v1->@Inject::initGlobalAttachments(Lorg/spongepowered/asm/mixin/injection/callback/CallbackInfo;)V has 0 override(s) in child classes
[23:39:06] [Render thread/DEBUG] (FabricLoader/Mixin) fabric-data-attachment-api-v1.client.mixins.json:ClientPacketListenerMixin from mod fabric-data-attachment-api-v1->@Inject::initGlobalAttachments(Lorg/spongepowered/asm/mixin/injection/callback/CallbackInfo;)V won't be passed a CallbackInfo as a result
[23:39:06] [Render thread/DEBUG] (FabricLoader/Mixin) fabric-lifecycle-events-v1.client.mixins.json:ClientPacketListenerMixin from mod fabric-lifecycle-events-v1->@Inject::onPlayerRespawn(Lnet/minecraft/network/protocol/game/ClientboundRespawnPacket;Lorg/spongepowered/asm/mixin/injection/callback/CallbackInfo;)V doesn't use it's CallbackInfo
[23:39:06] [Render thread/DEBUG] (FabricLoader/Mixin) fabric-lifecycle-events-v1.client.mixins.json:ClientPacketListenerMixin from mod fabric-lifecycle-events-v1->@Inject::onPlayerRespawn(Lnet/minecraft/network/protocol/game/ClientboundRespawnPacket;Lorg/spongepowered/asm/mixin/injection/callback/CallbackInfo;)V has 0 override(s) in child classes
[23:39:06] [Render thread/DEBUG] (FabricLoader/Mixin) fabric-lifecycle-events-v1.client.mixins.json:ClientPacketListenerMixin from mod fabric-lifecycle-events-v1->@Inject::onPlayerRespawn(Lnet/minecraft/network/protocol/game/ClientboundRespawnPacket;Lorg/spongepowered/asm/mixin/injection/callback/CallbackInfo;)V won't be passed a CallbackInfo as a result
[23:39:06] [Render thread/DEBUG] (FabricLoader/Mixin) fabric-lifecycle-events-v1.client.mixins.json:ClientPacketListenerMixin from mod fabric-lifecycle-events-v1->@Inject::onGameJoin(Lnet/minecraft/network/protocol/game/ClientboundLoginPacket;Lorg/spongepowered/asm/mixin/injection/callback/CallbackInfo;)V doesn't use it's CallbackInfo
[23:39:06] [Render thread/DEBUG] (FabricLoader/Mixin) fabric-lifecycle-events-v1.client.mixins.json:ClientPacketListenerMixin from mod fabric-lifecycle-events-v1->@Inject::onGameJoin(Lnet/minecraft/network/protocol/game/ClientboundLoginPacket;Lorg/spongepowered/asm/mixin/injection/callback/CallbackInfo;)V has 0 override(s) in child classes
[23:39:06] [Render thread/DEBUG] (FabricLoader/Mixin) fabric-lifecycle-events-v1.client.mixins.json:ClientPacketListenerMixin from mod fabric-lifecycle-events-v1->@Inject::onGameJoin(Lnet/minecraft/network/protocol/game/ClientboundLoginPacket;Lorg/spongepowered/asm/mixin/injection/callback/CallbackInfo;)V won't be passed a CallbackInfo as a result
[23:39:06] [Render thread/DEBUG] (FabricLoader/Mixin) fabric-lifecycle-events-v1.client.mixins.json:ClientPacketListenerMixin from mod fabric-lifecycle-events-v1->@Inject::onClearLevel(Lorg/spongepowered/asm/mixin/injection/callback/CallbackInfo;)V doesn't use it's CallbackInfo
[23:39:06] [Render thread/DEBUG] (FabricLoader/Mixin) fabric-lifecycle-events-v1.client.mixins.json:ClientPacketListenerMixin from mod fabric-lifecycle-events-v1->@Inject::onClearLevel(Lorg/spongepowered/asm/mixin/injection/callback/CallbackInfo;)V has 0 override(s) in child classes
[23:39:06] [Render thread/DEBUG] (FabricLoader/Mixin) fabric-lifecycle-events-v1.client.mixins.json:ClientPacketListenerMixin from mod fabric-lifecycle-events-v1->@Inject::onClearLevel(Lorg/spongepowered/asm/mixin/injection/callback/CallbackInfo;)V won't be passed a CallbackInfo as a result
[23:39:06] [Render thread/DEBUG] (FabricLoader/Mixin) fabric-lifecycle-events-v1.client.mixins.json:ClientPacketListenerMixin from mod fabric-lifecycle-events-v1->@Inject::invokeTagsLoaded(Lnet/minecraft/network/protocol/common/ClientboundUpdateTagsPacket;Lorg/spongepowered/asm/mixin/injection/callback/CallbackInfo;)V doesn't use it's CallbackInfo
[23:39:06] [Render thread/DEBUG] (FabricLoader/Mixin) fabric-lifecycle-events-v1.client.mixins.json:ClientPacketListenerMixin from mod fabric-lifecycle-events-v1->@Inject::invokeTagsLoaded(Lnet/minecraft/network/protocol/common/ClientboundUpdateTagsPacket;Lorg/spongepowered/asm/mixin/injection/callback/CallbackInfo;)V has 0 override(s) in child classes
[23:39:06] [Render thread/DEBUG] (FabricLoader/Mixin) fabric-lifecycle-events-v1.client.mixins.json:ClientPacketListenerMixin from mod fabric-lifecycle-events-v1->@Inject::invokeTagsLoaded(Lnet/minecraft/network/protocol/common/ClientboundUpdateTagsPacket;Lorg/spongepowered/asm/mixin/injection/callback/CallbackInfo;)V won't be passed a CallbackInfo as a result
[23:39:06] [Render thread/DEBUG] (FabricLoader/Mixin) fabric-command-api-v2.client.mixins.json:ClientPacketListenerMixin from mod fabric-command-api-v2->@Inject::init(Lnet/minecraft/client/Minecraft;Lnet/minecraft/network/Connection;Lnet/minecraft/client/multiplayer/CommonListenerCookie;Lorg/spongepowered/asm/mixin/injection/callback/CallbackInfo;)V doesn't use it's CallbackInfo
[23:39:06] [Render thread/DEBUG] (FabricLoader/Mixin) fabric-command-api-v2.client.mixins.json:ClientPacketListenerMixin from mod fabric-command-api-v2->@Inject::init(Lnet/minecraft/client/Minecraft;Lnet/minecraft/network/Connection;Lnet/minecraft/client/multiplayer/CommonListenerCookie;Lorg/spongepowered/asm/mixin/injection/callback/CallbackInfo;)V has 0 override(s) in child classes
[23:39:06] [Render thread/DEBUG] (FabricLoader/Mixin) fabric-command-api-v2.client.mixins.json:ClientPacketListenerMixin from mod fabric-command-api-v2->@Inject::init(Lnet/minecraft/client/Minecraft;Lnet/minecraft/network/Connection;Lnet/minecraft/client/multiplayer/CommonListenerCookie;Lorg/spongepowered/asm/mixin/injection/callback/CallbackInfo;)V won't be passed a CallbackInfo as a result
[23:39:06] [Render thread/DEBUG] (FabricLoader/Mixin) fabric-command-api-v2.client.mixins.json:ClientPacketListenerMixin from mod fabric-command-api-v2->@Inject::onGameJoin(Lnet/minecraft/network/protocol/game/ClientboundLoginPacket;Lorg/spongepowered/asm/mixin/injection/callback/CallbackInfo;)V doesn't use it's CallbackInfo
[23:39:06] [Render thread/DEBUG] (FabricLoader/Mixin) fabric-command-api-v2.client.mixins.json:ClientPacketListenerMixin from mod fabric-command-api-v2->@Inject::onGameJoin(Lnet/minecraft/network/protocol/game/ClientboundLoginPacket;Lorg/spongepowered/asm/mixin/injection/callback/CallbackInfo;)V has 0 override(s) in child classes
[23:39:06] [Render thread/DEBUG] (FabricLoader/Mixin) fabric-command-api-v2.client.mixins.json:ClientPacketListenerMixin from mod fabric-command-api-v2->@Inject::onGameJoin(Lnet/minecraft/network/protocol/game/ClientboundLoginPacket;Lorg/spongepowered/asm/mixin/injection/callback/CallbackInfo;)V won't be passed a CallbackInfo as a result
[23:39:06] [Render thread/DEBUG] (FabricLoader/Mixin) fabric-command-api-v2.client.mixins.json:ClientPacketListenerMixin from mod fabric-command-api-v2->@Inject::onOnCommandTree(Lnet/minecraft/network/protocol/game/ClientboundCommandsPacket;Lorg/spongepowered/asm/mixin/injection/callback/CallbackInfo;)V doesn't use it's CallbackInfo
[23:39:06] [Render thread/DEBUG] (FabricLoader/Mixin) fabric-command-api-v2.client.mixins.json:ClientPacketListenerMixin from mod fabric-command-api-v2->@Inject::onOnCommandTree(Lnet/minecraft/network/protocol/game/ClientboundCommandsPacket;Lorg/spongepowered/asm/mixin/injection/callback/CallbackInfo;)V has 0 override(s) in child classes
[23:39:06] [Render thread/DEBUG] (FabricLoader/Mixin) fabric-command-api-v2.client.mixins.json:ClientPacketListenerMixin from mod fabric-command-api-v2->@Inject::onOnCommandTree(Lnet/minecraft/network/protocol/game/ClientboundCommandsPacket;Lorg/spongepowered/asm/mixin/injection/callback/CallbackInfo;)V won't be passed a CallbackInfo as a result
[23:39:06] [Render thread/DEBUG] (FabricLoader/Mixin) fabric-command-api-v2.client.mixins.json:ClientPacketListenerMixin from mod fabric-command-api-v2->@Inject::setLastReceivedCommandsPacket(Lnet/minecraft/network/protocol/game/ClientboundCommandsPacket;Lorg/spongepowered/asm/mixin/injection/callback/CallbackInfo;)V doesn't use it's CallbackInfo
[23:39:06] [Render thread/DEBUG] (FabricLoader/Mixin) fabric-command-api-v2.client.mixins.json:ClientPacketListenerMixin from mod fabric-command-api-v2->@Inject::setLastReceivedCommandsPacket(Lnet/minecraft/network/protocol/game/ClientboundCommandsPacket;Lorg/spongepowered/asm/mixin/injection/callback/CallbackInfo;)V has 0 override(s) in child classes
[23:39:06] [Render thread/DEBUG] (FabricLoader/Mixin) fabric-command-api-v2.client.mixins.json:ClientPacketListenerMixin from mod fabric-command-api-v2->@Inject::setLastReceivedCommandsPacket(Lnet/minecraft/network/protocol/game/ClientboundCommandsPacket;Lorg/spongepowered/asm/mixin/injection/callback/CallbackInfo;)V won't be passed a CallbackInfo as a result
[23:39:06] [Render thread/DEBUG] (FabricLoader/Mixin) fabric-command-api-v2.client.mixins.json:ClientPacketListenerMixin from mod fabric-command-api-v2->@Inject::onSendCommand(Ljava/lang/String;Lnet/minecraft/client/gui/screens/Screen;Lorg/spongepowered/asm/mixin/injection/callback/CallbackInfo;)V does use it's CallbackInfo
[23:39:06] [Render thread/DEBUG] (FabricLoader/Mixin) fabric-command-api-v2.client.mixins.json:ClientPacketListenerMixin from mod fabric-command-api-v2->@Inject::onSendCommand(Ljava/lang/String;Lorg/spongepowered/asm/mixin/injection/callback/CallbackInfo;)V does use it's CallbackInfo
[23:39:06] [Render thread/DEBUG] (FabricLoader/Mixin) Mixing accessor.ClientCommonPacketListenerImplAccessor from fabric-networking-api-v1.client.mixins.json into net.minecraft.client.multiplayer.ClientCommonPacketListenerImpl
[23:39:06] [Render thread/DEBUG] (FabricLoader/Mixin) Mixing ClientCommonPacketListenerImplMixin from fabric-networking-api-v1.client.mixins.json into net.minecraft.client.multiplayer.ClientCommonPacketListenerImpl
[23:39:06] [Render thread/DEBUG] (FabricLoader/Mixin) fabric-networking-api-v1.client.mixins.json:ClientCommonPacketListenerImplMixin from mod fabric-networking-api-v1->@Inject::onCustomPayload(Lnet/minecraft/network/protocol/common/ClientboundCustomPayloadPacket;Lorg/spongepowered/asm/mixin/injection/callback/CallbackInfo;)V does use it's CallbackInfo
[23:39:06] [Download-2/ERROR] (net.minecraft.client.Minecraft) Failed to fetch user properties
com.mojang.authlib.exceptions.InvalidCredentialsException: Status: 401
	at knot//com.mojang.authlib.exceptions.MinecraftClientHttpException.toAuthenticationException(MinecraftClientHttpException.java:70)
	at knot//com.mojang.authlib.yggdrasil.YggdrasilUserApiService.fetchProperties(YggdrasilUserApiService.java:173)
	at knot//net.minecraft.client.Minecraft.lambda$new$1(Minecraft.java:438)
	at java.base/java.util.concurrent.CompletableFuture$AsyncSupply.run(Unknown Source)
	at java.base/java.util.concurrent.ThreadPoolExecutor.runWorker(Unknown Source)
	at java.base/java.util.concurrent.ThreadPoolExecutor$Worker.run(Unknown Source)
	at java.base/java.lang.Thread.run(Unknown Source)
Caused by: MinecraftClientHttpException[type=HTTP_ERROR, status=401, response=ErrorResponse[path=/player/attributes, error=null, errorMessage=null, details=null]]
	at knot//com.mojang.authlib.minecraft.client.MinecraftClient.buildHttpException(MinecraftClient.java:170)
	at knot//com.mojang.authlib.minecraft.client.MinecraftClient.readServiceResponse(MinecraftClient.java:147)
	at knot//com.mojang.authlib.minecraft.client.MinecraftClient.getWithEtag(MinecraftClient.java:81)
	at knot//com.mojang.authlib.minecraft.client.MinecraftClient.get(MinecraftClient.java:65)
	at knot//com.mojang.authlib.yggdrasil.YggdrasilUserApiService.fetchProperties(YggdrasilUserApiService.java:123)
	... 5 more
[23:39:06] [Download-1/DEBUG] (com.mojang.authlib.yggdrasil.YggdrasilMinecraftSessionService) Couldn't fetch profile properties for 01d9f825-5509-3b83-aacf-c98ce0dce1c7 as the profile does not exist
[23:39:06] [Render thread/INFO] (net.fabricmc.fabric.impl.client.indigo.Indigo) [Indigo] Registering Indigo renderer!
[23:39:06] [Render thread/DEBUG] (FabricLoader/Mixin) Mixing BlockStateModelUnbakedMixin from fabric-model-loading-api-v1.mixins.json into net.minecraft.client.renderer.block.dispatch.BlockStateModel$Unbaked
[23:39:06] [Render thread/DEBUG] (FabricLoader/Mixin) Mixing block.model.BlockStateModelMixin from fabric-renderer-api-v1.mixins.json into net.minecraft.client.renderer.block.dispatch.BlockStateModel
[23:39:06] [Render thread/DEBUG] (FabricLoader/Mixin) Mixing block.model.SingleVariantMixin from fabric-renderer-api-v1.mixins.json into net.minecraft.client.renderer.block.dispatch.SingleVariant
[23:39:06] [Render thread/DEBUG] (FabricLoader/Mixin) Renaming synthetic method lambda$emitQuads$0(Lnet/fabricmc/fabric/api/client/renderer/v1/mesh/MutableQuadView;)Z to md7baf8b$fabric-renderer-api-v1$lambda$emitQuads$0$0 in fabric-renderer-api-v1.mixins.json:block.model.SingleVariantMixin from mod fabric-renderer-api-v1
[23:39:06] [Render thread/DEBUG] (FabricLoader/Mixin) Mixing ClientConfigurationPacketListenerImplMixin from fabric-networking-api-v1.client.mixins.json into net.minecraft.client.multiplayer.ClientConfigurationPacketListenerImpl
[23:39:06] [Render thread/DEBUG] (FabricLoader/Mixin) Mixing sync.ClientConfigurationPacketListenerImplMixin from fabric-recipe-api-v1.client.mixins.json into net.minecraft.client.multiplayer.ClientConfigurationPacketListenerImpl
[23:39:06] [Render thread/DEBUG] (FabricLoader/Mixin) Mixing ClientConfigurationPacketListenerImplMixin from fabric-lifecycle-events-v1.client.mixins.json into net.minecraft.client.multiplayer.ClientConfigurationPacketListenerImpl
[23:39:06] [Render thread/DEBUG] (FabricLoader/Mixin) Mixing accessor.ClientConfigurationPacketListenerImplAccessor from fabric-networking-api-v1.client.mixins.json into net.minecraft.client.multiplayer.ClientConfigurationPacketListenerImpl
[23:39:06] [Render thread/DEBUG] (FabricLoader/Mixin) fabric-networking-api-v1.client.mixins.json:ClientConfigurationPacketListenerImplMixin from mod fabric-networking-api-v1->@Inject::initAddon(Lorg/spongepowered/asm/mixin/injection/callback/CallbackInfo;)V doesn't use it's CallbackInfo
[23:39:06] [Render thread/DEBUG] (FabricLoader/Mixin) fabric-networking-api-v1.client.mixins.json:ClientConfigurationPacketListenerImplMixin from mod fabric-networking-api-v1->@Inject::initAddon(Lorg/spongepowered/asm/mixin/injection/callback/CallbackInfo;)V has 0 override(s) in child classes
[23:39:06] [Render thread/DEBUG] (FabricLoader/Mixin) fabric-networking-api-v1.client.mixins.json:ClientConfigurationPacketListenerImplMixin from mod fabric-networking-api-v1->@Inject::initAddon(Lorg/spongepowered/asm/mixin/injection/callback/CallbackInfo;)V won't be passed a CallbackInfo as a result
[23:39:06] [Render thread/DEBUG] (FabricLoader/Mixin) fabric-networking-api-v1.client.mixins.json:ClientConfigurationPacketListenerImplMixin from mod fabric-networking-api-v1->@Inject::handleComplete(Lnet/minecraft/network/protocol/configuration/ClientboundFinishConfigurationPacket;Lorg/spongepowered/asm/mixin/injection/callback/CallbackInfo;)V doesn't use it's CallbackInfo
[23:39:06] [Render thread/DEBUG] (FabricLoader/Mixin) fabric-networking-api-v1.client.mixins.json:ClientConfigurationPacketListenerImplMixin from mod fabric-networking-api-v1->@Inject::handleComplete(Lnet/minecraft/network/protocol/configuration/ClientboundFinishConfigurationPacket;Lorg/spongepowered/asm/mixin/injection/callback/CallbackInfo;)V has 0 override(s) in child classes
[23:39:06] [Render thread/DEBUG] (FabricLoader/Mixin) fabric-networking-api-v1.client.mixins.json:ClientConfigurationPacketListenerImplMixin from mod fabric-networking-api-v1->@Inject::handleComplete(Lnet/minecraft/network/protocol/configuration/ClientboundFinishConfigurationPacket;Lorg/spongepowered/asm/mixin/injection/callback/CallbackInfo;)V won't be passed a CallbackInfo as a result
[23:39:06] [Render thread/DEBUG] (FabricLoader/Mixin) fabric-recipe-api-v1.client.mixins.json:sync.ClientConfigurationPacketListenerImplMixin from mod fabric-recipe-api-v1->@Inject::sendSupportedRecipeSerializers(Lnet/minecraft/network/protocol/configuration/ClientboundSelectKnownPacks;Lorg/spongepowered/asm/mixin/injection/callback/CallbackInfo;)V doesn't use it's CallbackInfo
[23:39:06] [Render thread/DEBUG] (FabricLoader/Mixin) fabric-recipe-api-v1.client.mixins.json:sync.ClientConfigurationPacketListenerImplMixin from mod fabric-recipe-api-v1->@Inject::sendSupportedRecipeSerializers(Lnet/minecraft/network/protocol/configuration/ClientboundSelectKnownPacks;Lorg/spongepowered/asm/mixin/injection/callback/CallbackInfo;)V has 0 override(s) in child classes
[23:39:06] [Render thread/DEBUG] (FabricLoader/Mixin) fabric-recipe-api-v1.client.mixins.json:sync.ClientConfigurationPacketListenerImplMixin from mod fabric-recipe-api-v1->@Inject::sendSupportedRecipeSerializers(Lnet/minecraft/network/protocol/configuration/ClientboundSelectKnownPacks;Lorg/spongepowered/asm/mixin/injection/callback/CallbackInfo;)V won't be passed a CallbackInfo as a result
[23:39:06] [Render thread/DEBUG] (FabricLoader/Mixin) fabric-lifecycle-events-v1.client.mixins.json:ClientConfigurationPacketListenerImplMixin from mod fabric-lifecycle-events-v1->@Inject::invokeTagsLoaded(Lnet/minecraft/network/protocol/configuration/ClientboundFinishConfigurationPacket;Lorg/spongepowered/asm/mixin/injection/callback/CallbackInfo;)V doesn't use it's CallbackInfo
[23:39:06] [Render thread/DEBUG] (FabricLoader/Mixin) fabric-lifecycle-events-v1.client.mixins.json:ClientConfigurationPacketListenerImplMixin from mod fabric-lifecycle-events-v1->@Inject::invokeTagsLoaded(Lnet/minecraft/network/protocol/configuration/ClientboundFinishConfigurationPacket;Lorg/spongepowered/asm/mixin/injection/callback/CallbackInfo;)V has 0 override(s) in child classes
[23:39:06] [Render thread/DEBUG] (FabricLoader/Mixin) fabric-lifecycle-events-v1.client.mixins.json:ClientConfigurationPacketListenerImplMixin from mod fabric-lifecycle-events-v1->@Inject::invokeTagsLoaded(Lnet/minecraft/network/protocol/configuration/ClientboundFinishConfigurationPacket;Lorg/spongepowered/asm/mixin/injection/callback/CallbackInfo;)V won't be passed a CallbackInfo as a result
[23:39:06] [Render thread/DEBUG] (FabricLoader/Mixin) Mixing accessor.ClientHandshakePacketListenerImplAccessor from fabric-networking-api-v1.client.mixins.json into net.minecraft.client.multiplayer.ClientHandshakePacketListenerImpl
[23:39:06] [Render thread/DEBUG] (FabricLoader/Mixin) Mixing ClientHandshakePacketListenerImplMixin from fabric-networking-api-v1.client.mixins.json into net.minecraft.client.multiplayer.ClientHandshakePacketListenerImpl
[23:39:06] [Render thread/DEBUG] (FabricLoader/Mixin) Renaming synthetic method lambda$handleQueryRequest$0(Lnet/minecraft/network/protocol/login/ClientboundCustomQueryPacket;)Ljava/lang/Boolean; to md7baf8b$fabric-networking-api-v1$lambda$handleQueryRequest$0$0 in fabric-networking-api-v1.client.mixins.json:ClientHandshakePacketListenerImplMixin from mod fabric-networking-api-v1
[23:39:06] [Render thread/DEBUG] (FabricLoader/Mixin) fabric-networking-api-v1.client.mixins.json:ClientHandshakePacketListenerImplMixin from mod fabric-networking-api-v1->@Inject::initAddon(Lorg/spongepowered/asm/mixin/injection/callback/CallbackInfo;)V doesn't use it's CallbackInfo
[23:39:06] [Render thread/DEBUG] (FabricLoader/Mixin) fabric-networking-api-v1.client.mixins.json:ClientHandshakePacketListenerImplMixin from mod fabric-networking-api-v1->@Inject::initAddon(Lorg/spongepowered/asm/mixin/injection/callback/CallbackInfo;)V has 0 override(s) in child classes
[23:39:06] [Render thread/DEBUG] (FabricLoader/Mixin) fabric-networking-api-v1.client.mixins.json:ClientHandshakePacketListenerImplMixin from mod fabric-networking-api-v1->@Inject::initAddon(Lorg/spongepowered/asm/mixin/injection/callback/CallbackInfo;)V won't be passed a CallbackInfo as a result
[23:39:06] [Render thread/DEBUG] (FabricLoader/Mixin) fabric-networking-api-v1.client.mixins.json:ClientHandshakePacketListenerImplMixin from mod fabric-networking-api-v1->@Inject::handleQueryRequest(Lnet/minecraft/network/protocol/login/ClientboundCustomQueryPacket;Lorg/spongepowered/asm/mixin/injection/callback/CallbackInfo;)V does use it's CallbackInfo
[23:39:06] [Render thread/DEBUG] (FabricLoader/Mixin) fabric-networking-api-v1.client.mixins.json:ClientHandshakePacketListenerImplMixin from mod fabric-networking-api-v1->@Inject::setGameProfileContext(Lnet/minecraft/network/protocol/login/ClientboundLoginFinishedPacket;Lorg/spongepowered/asm/mixin/injection/callback/CallbackInfo;)V doesn't use it's CallbackInfo
[23:39:06] [Render thread/DEBUG] (FabricLoader/Mixin) fabric-networking-api-v1.client.mixins.json:ClientHandshakePacketListenerImplMixin from mod fabric-networking-api-v1->@Inject::setGameProfileContext(Lnet/minecraft/network/protocol/login/ClientboundLoginFinishedPacket;Lorg/spongepowered/asm/mixin/injection/callback/CallbackInfo;)V has 0 override(s) in child classes
[23:39:06] [Render thread/DEBUG] (FabricLoader/Mixin) fabric-networking-api-v1.client.mixins.json:ClientHandshakePacketListenerImplMixin from mod fabric-networking-api-v1->@Inject::setGameProfileContext(Lnet/minecraft/network/protocol/login/ClientboundLoginFinishedPacket;Lorg/spongepowered/asm/mixin/injection/callback/CallbackInfo;)V won't be passed a CallbackInfo as a result
[23:39:06] [Render thread/DEBUG] (FabricLoader/Mixin) Mixing sync.ConnectionMixin from fabric-recipe-api-v1.mixins.json into net.minecraft.network.Connection
[23:39:06] [Render thread/DEBUG] (FabricLoader/Mixin) Mixing ConnectionMixin from fabric-networking-api-v1.mixins.json into net.minecraft.network.Connection
[23:39:06] [Render thread/DEBUG] (FabricLoader/Mixin) Renaming synthetic method lambda$fabric_getPendingChannelsNames$0(Lnet/minecraft/network/ConnectionProtocol;)Ljava/util/Collection; to md7baf8b$fabric-networking-api-v1$lambda$fabric_getPendingChannelsNames$0$0 in fabric-networking-api-v1.mixins.json:ConnectionMixin from mod fabric-networking-api-v1
[23:39:06] [Render thread/DEBUG] (FabricLoader/Mixin) Renaming synthetic method lambda$injectFabricPacketSlitterHandlerOutbound$1(Lnet/fabricmc/fabric/impl/networking/PayloadTypeRegistryImpl;Lio/netty/channel/ChannelHandlerContext;)V to md7baf8b$fabric-networking-api-v1$lambda$injectFabricPacketSlitterHandlerOutbound$1$1 in fabric-networking-api-v1.mixins.json:ConnectionMixin from mod fabric-networking-api-v1
[23:39:06] [Render thread/DEBUG] (FabricLoader/Mixin) Renaming synthetic method lambda$injectFabricPacketSlitterHandlerOutbound$0(Lio/netty/channel/ChannelHandlerContext;)V to md7baf8b$fabric-networking-api-v1$lambda$injectFabricPacketSlitterHandlerOutbound$0$2 in fabric-networking-api-v1.mixins.json:ConnectionMixin from mod fabric-networking-api-v1
[23:39:06] [Render thread/DEBUG] (FabricLoader/Mixin) Renaming synthetic method lambda$injectFabricPacketSlitterHandlerInbound$1(Lnet/fabricmc/fabric/impl/networking/PayloadTypeRegistryImpl;Lnet/minecraft/network/ProtocolInfo;Lio/netty/channel/ChannelHandlerContext;)V to md7baf8b$fabric-networking-api-v1$lambda$injectFabricPacketSlitterHandlerInbound$1$3 in fabric-networking-api-v1.mixins.json:ConnectionMixin from mod fabric-networking-api-v1
[23:39:06] [Render thread/DEBUG] (FabricLoader/Mixin) Renaming synthetic method lambda$injectFabricPacketSlitterHandlerInbound$0(Lio/netty/channel/ChannelHandlerContext;)V to md7baf8b$fabric-networking-api-v1$lambda$injectFabricPacketSlitterHandlerInbound$0$4 in fabric-networking-api-v1.mixins.json:ConnectionMixin from mod fabric-networking-api-v1
[23:39:06] [Render thread/DEBUG] (FabricLoader/Mixin) fabric-networking-api-v1.mixins.json:ConnectionMixin from mod fabric-networking-api-v1->@Inject::initAddedFields(Lnet/minecraft/network/protocol/PacketFlow;Lorg/spongepowered/asm/mixin/injection/callback/CallbackInfo;)V doesn't use it's CallbackInfo
[23:39:06] [Render thread/DEBUG] (FabricLoader/Mixin) fabric-networking-api-v1.mixins.json:ConnectionMixin from mod fabric-networking-api-v1->@Inject::initAddedFields(Lnet/minecraft/network/protocol/PacketFlow;Lorg/spongepowered/asm/mixin/injection/callback/CallbackInfo;)V has 0 override(s) in child classes
[23:39:06] [Render thread/DEBUG] (FabricLoader/Mixin) fabric-networking-api-v1.mixins.json:ConnectionMixin from mod fabric-networking-api-v1->@Inject::initAddedFields(Lnet/minecraft/network/protocol/PacketFlow;Lorg/spongepowered/asm/mixin/injection/callback/CallbackInfo;)V won't be passed a CallbackInfo as a result
[23:39:06] [Render thread/DEBUG] (FabricLoader/Mixin) fabric-networking-api-v1.mixins.json:ConnectionMixin from mod fabric-networking-api-v1->@Inject::checkPacket(Lnet/minecraft/network/protocol/Packet;Lio/netty/channel/ChannelFutureListener;ZLorg/spongepowered/asm/mixin/injection/callback/CallbackInfo;)V doesn't use it's CallbackInfo
[23:39:06] [Render thread/DEBUG] (FabricLoader/Mixin) fabric-networking-api-v1.mixins.json:ConnectionMixin from mod fabric-networking-api-v1->@Inject::checkPacket(Lnet/minecraft/network/protocol/Packet;Lio/netty/channel/ChannelFutureListener;ZLorg/spongepowered/asm/mixin/injection/callback/CallbackInfo;)V has 0 override(s) in child classes
[23:39:06] [Render thread/DEBUG] (FabricLoader/Mixin) fabric-networking-api-v1.mixins.json:ConnectionMixin from mod fabric-networking-api-v1->@Inject::checkPacket(Lnet/minecraft/network/protocol/Packet;Lio/netty/channel/ChannelFutureListener;ZLorg/spongepowered/asm/mixin/injection/callback/CallbackInfo;)V won't be passed a CallbackInfo as a result
[23:39:06] [Render thread/DEBUG] (FabricLoader/Mixin) fabric-networking-api-v1.mixins.json:ConnectionMixin from mod fabric-networking-api-v1->@Inject::unwatchAddon(Lnet/minecraft/network/ProtocolInfo;Lnet/minecraft/network/PacketListener;Lorg/spongepowered/asm/mixin/injection/callback/CallbackInfo;)V doesn't use it's CallbackInfo
[23:39:06] [Render thread/DEBUG] (FabricLoader/Mixin) fabric-networking-api-v1.mixins.json:ConnectionMixin from mod fabric-networking-api-v1->@Inject::unwatchAddon(Lnet/minecraft/network/ProtocolInfo;Lnet/minecraft/network/PacketListener;Lorg/spongepowered/asm/mixin/injection/callback/CallbackInfo;)V has 0 override(s) in child classes
[23:39:06] [Render thread/DEBUG] (FabricLoader/Mixin) fabric-networking-api-v1.mixins.json:ConnectionMixin from mod fabric-networking-api-v1->@Inject::unwatchAddon(Lnet/minecraft/network/ProtocolInfo;Lnet/minecraft/network/PacketListener;Lorg/spongepowered/asm/mixin/injection/callback/CallbackInfo;)V won't be passed a CallbackInfo as a result
[23:39:06] [Render thread/DEBUG] (FabricLoader/Mixin) fabric-networking-api-v1.mixins.json:ConnectionMixin from mod fabric-networking-api-v1->@Inject::disconnectAddon(Lio/netty/channel/ChannelHandlerContext;Lorg/spongepowered/asm/mixin/injection/callback/CallbackInfo;)V doesn't use it's CallbackInfo
[23:39:06] [Render thread/DEBUG] (FabricLoader/Mixin) fabric-networking-api-v1.mixins.json:ConnectionMixin from mod fabric-networking-api-v1->@Inject::disconnectAddon(Lio/netty/channel/ChannelHandlerContext;Lorg/spongepowered/asm/mixin/injection/callback/CallbackInfo;)V has 0 override(s) in child classes
[23:39:06] [Render thread/DEBUG] (FabricLoader/Mixin) fabric-networking-api-v1.mixins.json:ConnectionMixin from mod fabric-networking-api-v1->@Inject::disconnectAddon(Lio/netty/channel/ChannelHandlerContext;Lorg/spongepowered/asm/mixin/injection/callback/CallbackInfo;)V won't be passed a CallbackInfo as a result
[23:39:06] [Render thread/DEBUG] (FabricLoader/Mixin) fabric-networking-api-v1.mixins.json:ConnectionMixin from mod fabric-networking-api-v1->@Inject::disconnectAddon(Lorg/spongepowered/asm/mixin/injection/callback/CallbackInfo;)V doesn't use it's CallbackInfo
[23:39:06] [Render thread/DEBUG] (FabricLoader/Mixin) fabric-networking-api-v1.mixins.json:ConnectionMixin from mod fabric-networking-api-v1->@Inject::disconnectAddon(Lorg/spongepowered/asm/mixin/injection/callback/CallbackInfo;)V has 0 override(s) in child classes
[23:39:06] [Render thread/DEBUG] (FabricLoader/Mixin) fabric-networking-api-v1.mixins.json:ConnectionMixin from mod fabric-networking-api-v1->@Inject::disconnectAddon(Lorg/spongepowered/asm/mixin/injection/callback/CallbackInfo;)V won't be passed a CallbackInfo as a result
[23:39:06] [Render thread/DEBUG] (FabricLoader/Mixin) Mixing MappedRegistryTagSet2Accessor from fabric-tag-api-v1.mixins.json into net.minecraft.core.MappedRegistry$TagSet$2
[23:39:06] [Render thread/DEBUG] (FabricLoader/Mixin) Mixing OptionsMixin from fabric-key-mapping-api-v1.mixins.json into net.minecraft.client.Options
[23:39:06] [Render thread/DEBUG] (FabricLoader/Mixin) Mixing OptionsMixin from fabric-resource-loader-v1.client.mixins.json into net.minecraft.client.Options
[23:39:06] [Render thread/DEBUG] (FabricLoader/Mixin) fabric-key-mapping-api-v1.mixins.json:OptionsMixin from mod fabric-key-mapping-api-v1->@Inject::loadHook(Lorg/spongepowered/asm/mixin/injection/callback/CallbackInfo;)V doesn't use it's CallbackInfo
[23:39:06] [Render thread/DEBUG] (FabricLoader/Mixin) fabric-key-mapping-api-v1.mixins.json:OptionsMixin from mod fabric-key-mapping-api-v1->@Inject::loadHook(Lorg/spongepowered/asm/mixin/injection/callback/CallbackInfo;)V has 0 override(s) in child classes
[23:39:06] [Render thread/DEBUG] (FabricLoader/Mixin) fabric-key-mapping-api-v1.mixins.json:OptionsMixin from mod fabric-key-mapping-api-v1->@Inject::loadHook(Lorg/spongepowered/asm/mixin/injection/callback/CallbackInfo;)V won't be passed a CallbackInfo as a result
[23:39:06] [Render thread/DEBUG] (FabricLoader/Mixin) fabric-resource-loader-v1.client.mixins.json:OptionsMixin from mod fabric-resource-loader-v1->@Inject::onLoad(Lorg/spongepowered/asm/mixin/injection/callback/CallbackInfo;)V doesn't use it's CallbackInfo
[23:39:06] [Render thread/DEBUG] (FabricLoader/Mixin) fabric-resource-loader-v1.client.mixins.json:OptionsMixin from mod fabric-resource-loader-v1->@Inject::onLoad(Lorg/spongepowered/asm/mixin/injection/callback/CallbackInfo;)V has 0 override(s) in child classes
[23:39:06] [Render thread/DEBUG] (FabricLoader/Mixin) fabric-resource-loader-v1.client.mixins.json:OptionsMixin from mod fabric-resource-loader-v1->@Inject::onLoad(Lorg/spongepowered/asm/mixin/injection/callback/CallbackInfo;)V won't be passed a CallbackInfo as a result
[23:39:06] [Render thread/DEBUG] (FabricLoader/Mixin) fabric-resource-loader-v1.client.mixins.json:OptionsMixin from mod fabric-resource-loader-v1->@Inject::onLoad(Lorg/spongepowered/asm/mixin/injection/callback/CallbackInfo;)V doesn't use it's CallbackInfo
[23:39:06] [Render thread/DEBUG] (FabricLoader/Mixin) fabric-resource-loader-v1.client.mixins.json:OptionsMixin from mod fabric-resource-loader-v1->@Inject::onLoad(Lorg/spongepowered/asm/mixin/injection/callback/CallbackInfo;)V has 0 override(s) in child classes
[23:39:06] [Render thread/DEBUG] (FabricLoader/Mixin) fabric-resource-loader-v1.client.mixins.json:OptionsMixin from mod fabric-resource-loader-v1->@Inject::onLoad(Lorg/spongepowered/asm/mixin/injection/callback/CallbackInfo;)V won't be passed a CallbackInfo as a result
[23:39:06] [Render thread/DEBUG] (FabricLoader/Mixin) Mixing SoundInstanceMixin from fabric-sound-api-v1.mixins.json into net.minecraft.client.resources.sounds.SoundInstance
[23:39:06] [Render thread/DEBUG] (FabricLoader/Mixin) Mixing PackMixin from fabric-resource-conditions-api-v1.mixins.json into net.minecraft.server.packs.repository.Pack
[23:39:06] [Render thread/DEBUG] (FabricLoader/Mixin) Mixing PackMixin from fabric-resource-loader-v1.mixins.json into net.minecraft.server.packs.repository.Pack
[23:39:06] [Render thread/DEBUG] (FabricLoader/Mixin) Renaming synthetic method lambda$static$0(Ljava/util/Set;)Z to md7baf8b$fabric-resource-loader-v1$lambda$static$0$0 in fabric-resource-loader-v1.mixins.json:PackMixin from mod fabric-resource-loader-v1
[23:39:06] [Render thread/DEBUG] (FabricLoader/Mixin) fabric-resource-loader-v1.mixins.json:PackMixin from mod fabric-resource-loader-v1->@Inject::onCreateResourcePack(Lorg/spongepowered/asm/mixin/injection/callback/CallbackInfoReturnable;)V does use it's CallbackInfoReturnable
[23:39:06] [Render thread/DEBUG] (FabricLoader/Mixin) Mixing GameOptionsWriteVisitorMixin from fabric-resource-loader-v1.client.mixins.json into net.minecraft.client.Options$3
[23:39:07] [Render thread/INFO] (net.minecraft.client.Minecraft) Backend library: LWJGL version 3.4.1-snapshot
[23:39:07] [Render thread/DEBUG] (com.mojang.blaze3d.vulkan.VulkanBackend) Device [AMD Radeon 740M Graphics] is suitable
[23:39:07] [Render thread/INFO] (net.minecraft.client.Minecraft) Using graphics backend OpenGL, using drivers: 3.3.0 Core Profile Context 26.8.1.260810
[23:39:07] [Render thread/INFO] (net.minecraft.client.Minecraft) Using graphics device: AMD Radeon 740M Graphics (ATI Technologies Inc.)
[23:39:07] [Render thread/INFO] (net.minecraft.client.Minecraft) Using graphics device extensions: GL_ARB_multi_draw_indirect, GL_ARB_buffer_storage, GL_ARB_shader_draw_parameters, GL_ARB_base_instance, GL_KHR_debug, GL_ARB_draw_indirect, GL_ARB_clip_control, GL_ARB_vertex_attrib_binding, GL_ARB_direct_state_access, GL_EXT_texture_filter_anisotropic
[23:39:07] [Render thread/DEBUG] (FabricLoader/Mixin) Mixing MouseHandlerMixin from fabric-events-interaction-v0.client.mixins.json into net.minecraft.client.MouseHandler
[23:39:07] [Render thread/DEBUG] (FabricLoader/Mixin) Mixing MouseHandlerMixin from fabric-screen-api-v1.mixins.json into net.minecraft.client.MouseHandler
[23:39:07] [Render thread/DEBUG] (FabricLoader/Mixin) Mixing KeyboardHandlerMixin from fabric-screen-api-v1.mixins.json into net.minecraft.client.KeyboardHandler
[23:39:07] [Render thread/DEBUG] (FabricLoader/Mixin) Mixing MultiPackResourceManagerMixin from fabric-resource-loader-v1.mixins.json into net.minecraft.server.packs.resources.MultiPackResourceManager
[23:39:07] [Render thread/DEBUG] (FabricLoader/Mixin) fabric-resource-loader-v1.mixins.json:MultiPackResourceManagerMixin from mod fabric-resource-loader-v1->@Inject::init(Lnet/minecraft/server/packs/PackType;Ljava/util/List;Lorg/spongepowered/asm/mixin/injection/callback/CallbackInfo;)V doesn't use it's CallbackInfo
[23:39:07] [Render thread/DEBUG] (FabricLoader/Mixin) fabric-resource-loader-v1.mixins.json:MultiPackResourceManagerMixin from mod fabric-resource-loader-v1->@Inject::init(Lnet/minecraft/server/packs/PackType;Ljava/util/List;Lorg/spongepowered/asm/mixin/injection/callback/CallbackInfo;)V has 0 override(s) in child classes
[23:39:07] [Render thread/DEBUG] (FabricLoader/Mixin) fabric-resource-loader-v1.mixins.json:MultiPackResourceManagerMixin from mod fabric-resource-loader-v1->@Inject::init(Lnet/minecraft/server/packs/PackType;Ljava/util/List;Lorg/spongepowered/asm/mixin/injection/callback/CallbackInfo;)V won't be passed a CallbackInfo as a result
[23:39:07] [Render thread/DEBUG] (net.fabricmc.fabric.impl.resource.pack.ModPackResourcesUtil) [Fabric] Starting internal pack sorting with: [vanilla, chunkpreload, cloth-config, fabric-api, fabric-api-base, fabric-api-lookup-api-v1, fabric-biome-api-v1, fabric-block-api-v1, fabric-block-getter-api-v2, fabric-client-gametest-api-v1, fabric-command-api-v2, fabric-content-registries-v0, fabric-convention-tags-v2, fabric-crash-report-info-v1, fabric-creative-tab-api-v1, fabric-creative-tab-api-v1_programmer_art, fabric-data-attachment-api-v1, fabric-data-generation-api-v1, fabric-debug-api-v1, fabric-dimensions-v1, fabric-entity-events-v1, fabric-events-interaction-v0, fabric-game-rule-api-v1, fabric-gametest-api-v1, fabric-item-api-v1, fabric-key-mapping-api-v1, fabric-lifecycle-events-v1, fabric-loot-api-v3, fabric-menu-api-v1, fabric-message-api-v1, fabric-model-loading-api-v1, fabric-networking-api-v1, fabric-object-builder-api-v1, fabric-particles-v1, fabric-permission-api-v1, fabric-recipe-api-v1, fabric-registry-sync-v0, fabric-renderer-api-v1, fabric-renderer-indigo, fabric-rendering-fluids-v1, fabric-rendering-v1, fabric-resource-conditions-api-v1, fabric-resource-loader-v0, fabric-resource-loader-v1, fabric-screen-api-v1, fabric-serialization-api-v1, fabric-sound-api-v1, fabric-tag-api-v1, fabric-transfer-api-v1, fabric-transitive-access-wideners-v1, fabricloader]
[23:39:07] [Render thread/DEBUG] (net.fabricmc.fabric.impl.resource.pack.ModPackResourcesUtil) [Fabric] Removed all internal packs, result: [vanilla]
[23:39:07] [Render thread/DEBUG] (net.fabricmc.fabric.impl.resource.pack.ModPackResourcesUtil) [Fabric] cur @ vanilla, auto-enabled chunkpreload, currently enabled: [vanilla, chunkpreload]
[23:39:07] [Render thread/DEBUG] (net.fabricmc.fabric.impl.resource.pack.ModPackResourcesUtil) [Fabric] cur @ vanilla, auto-enabled cloth-config, currently enabled: [vanilla, chunkpreload, cloth-config]
[23:39:07] [Render thread/DEBUG] (net.fabricmc.fabric.impl.resource.pack.ModPackResourcesUtil) [Fabric] cur @ vanilla, auto-enabled fabric-api, currently enabled: [vanilla, chunkpreload, cloth-config, fabric-api]
[23:39:07] [Render thread/DEBUG] (net.fabricmc.fabric.impl.resource.pack.ModPackResourcesUtil) [Fabric] cur @ vanilla, auto-enabled fabric-api-base, currently enabled: [vanilla, chunkpreload, cloth-config, fabric-api, fabric-api-base]
[23:39:07] [Render thread/DEBUG] (net.fabricmc.fabric.impl.resource.pack.ModPackResourcesUtil) [Fabric] cur @ vanilla, auto-enabled fabric-api-lookup-api-v1, currently enabled: [vanilla, chunkpreload, cloth-config, fabric-api, fabric-api-base, fabric-api-lookup-api-v1]
[23:39:07] [Render thread/DEBUG] (net.fabricmc.fabric.impl.resource.pack.ModPackResourcesUtil) [Fabric] cur @ vanilla, auto-enabled fabric-biome-api-v1, currently enabled: [vanilla, chunkpreload, cloth-config, fabric-api, fabric-api-base, fabric-api-lookup-api-v1, fabric-biome-api-v1]
[23:39:07] [Render thread/DEBUG] (net.fabricmc.fabric.impl.resource.pack.ModPackResourcesUtil) [Fabric] cur @ vanilla, auto-enabled fabric-block-api-v1, currently enabled: [vanilla, chunkpreload, cloth-config, fabric-api, fabric-api-base, fabric-api-lookup-api-v1, fabric-biome-api-v1, fabric-block-api-v1]
[23:39:07] [Render thread/DEBUG] (net.fabricmc.fabric.impl.resource.pack.ModPackResourcesUtil) [Fabric] cur @ vanilla, auto-enabled fabric-block-getter-api-v2, currently enabled: [vanilla, chunkpreload, cloth-config, fabric-api, fabric-api-base, fabric-api-lookup-api-v1, fabric-biome-api-v1, fabric-block-api-v1, fabric-block-getter-api-v2]
[23:39:07] [Render thread/DEBUG] (net.fabricmc.fabric.impl.resource.pack.ModPackResourcesUtil) [Fabric] cur @ vanilla, auto-enabled fabric-client-gametest-api-v1, currently enabled: [vanilla, chunkpreload, cloth-config, fabric-api, fabric-api-base, fabric-api-lookup-api-v1, fabric-biome-api-v1, fabric-block-api-v1, fabric-block-getter-api-v2, fabric-client-gametest-api-v1]
[23:39:07] [Render thread/DEBUG] (net.fabricmc.fabric.impl.resource.pack.ModPackResourcesUtil) [Fabric] cur @ vanilla, auto-enabled fabric-command-api-v2, currently enabled: [vanilla, chunkpreload, cloth-config, fabric-api, fabric-api-base, fabric-api-lookup-api-v1, fabric-biome-api-v1, fabric-block-api-v1, fabric-block-getter-api-v2, fabric-client-gametest-api-v1, fabric-command-api-v2]
[23:39:07] [Render thread/DEBUG] (net.fabricmc.fabric.impl.resource.pack.ModPackResourcesUtil) [Fabric] cur @ vanilla, auto-enabled fabric-content-registries-v0, currently enabled: [vanilla, chunkpreload, cloth-config, fabric-api, fabric-api-base, fabric-api-lookup-api-v1, fabric-biome-api-v1, fabric-block-api-v1, fabric-block-getter-api-v2, fabric-client-gametest-api-v1, fabric-command-api-v2, fabric-content-registries-v0]
[23:39:07] [Render thread/DEBUG] (net.fabricmc.fabric.impl.resource.pack.ModPackResourcesUtil) [Fabric] cur @ vanilla, auto-enabled fabric-convention-tags-v2, currently enabled: [vanilla, chunkpreload, cloth-config, fabric-api, fabric-api-base, fabric-api-lookup-api-v1, fabric-biome-api-v1, fabric-block-api-v1, fabric-block-getter-api-v2, fabric-client-gametest-api-v1, fabric-command-api-v2, fabric-content-registries-v0, fabric-convention-tags-v2]
[23:39:07] [Render thread/DEBUG] (net.fabricmc.fabric.impl.resource.pack.ModPackResourcesUtil) [Fabric] cur @ vanilla, auto-enabled fabric-crash-report-info-v1, currently enabled: [vanilla, chunkpreload, cloth-config, fabric-api, fabric-api-base, fabric-api-lookup-api-v1, fabric-biome-api-v1, fabric-block-api-v1, fabric-block-getter-api-v2, fabric-client-gametest-api-v1, fabric-command-api-v2, fabric-content-registries-v0, fabric-convention-tags-v2, fabric-crash-report-info-v1]
[23:39:07] [Render thread/DEBUG] (net.fabricmc.fabric.impl.resource.pack.ModPackResourcesUtil) [Fabric] cur @ vanilla, auto-enabled fabric-creative-tab-api-v1, currently enabled: [vanilla, chunkpreload, cloth-config, fabric-api, fabric-api-base, fabric-api-lookup-api-v1, fabric-biome-api-v1, fabric-block-api-v1, fabric-block-getter-api-v2, fabric-client-gametest-api-v1, fabric-command-api-v2, fabric-content-registries-v0, fabric-convention-tags-v2, fabric-crash-report-info-v1, fabric-creative-tab-api-v1]
[23:39:07] [Render thread/DEBUG] (net.fabricmc.fabric.impl.resource.pack.ModPackResourcesUtil) [Fabric] cur @ vanilla, auto-enabled fabric-data-attachment-api-v1, currently enabled: [vanilla, chunkpreload, cloth-config, fabric-api, fabric-api-base, fabric-api-lookup-api-v1, fabric-biome-api-v1, fabric-block-api-v1, fabric-block-getter-api-v2, fabric-client-gametest-api-v1, fabric-command-api-v2, fabric-content-registries-v0, fabric-convention-tags-v2, fabric-crash-report-info-v1, fabric-creative-tab-api-v1, fabric-data-attachment-api-v1]
[23:39:07] [Render thread/DEBUG] (net.fabricmc.fabric.impl.resource.pack.ModPackResourcesUtil) [Fabric] cur @ vanilla, auto-enabled fabric-data-generation-api-v1, currently enabled: [vanilla, chunkpreload, cloth-config, fabric-api, fabric-api-base, fabric-api-lookup-api-v1, fabric-biome-api-v1, fabric-block-api-v1, fabric-block-getter-api-v2, fabric-client-gametest-api-v1, fabric-command-api-v2, fabric-content-registries-v0, fabric-convention-tags-v2, fabric-crash-report-info-v1, fabric-creative-tab-api-v1, fabric-data-attachment-api-v1, fabric-data-generation-api-v1]
[23:39:07] [Render thread/DEBUG] (net.fabricmc.fabric.impl.resource.pack.ModPackResourcesUtil) [Fabric] cur @ vanilla, auto-enabled fabric-debug-api-v1, currently enabled: [vanilla, chunkpreload, cloth-config, fabric-api, fabric-api-base, fabric-api-lookup-api-v1, fabric-biome-api-v1, fabric-block-api-v1, fabric-block-getter-api-v2, fabric-client-gametest-api-v1, fabric-command-api-v2, fabric-content-registries-v0, fabric-convention-tags-v2, fabric-crash-report-info-v1, fabric-creative-tab-api-v1, fabric-data-attachment-api-v1, fabric-data-generation-api-v1, fabric-debug-api-v1]
[23:39:07] [Render thread/DEBUG] (net.fabricmc.fabric.impl.resource.pack.ModPackResourcesUtil) [Fabric] cur @ vanilla, auto-enabled fabric-dimensions-v1, currently enabled: [vanilla, chunkpreload, cloth-config, fabric-api, fabric-api-base, fabric-api-lookup-api-v1, fabric-biome-api-v1, fabric-block-api-v1, fabric-block-getter-api-v2, fabric-client-gametest-api-v1, fabric-command-api-v2, fabric-content-registries-v0, fabric-convention-tags-v2, fabric-crash-report-info-v1, fabric-creative-tab-api-v1, fabric-data-attachment-api-v1, fabric-data-generation-api-v1, fabric-debug-api-v1, fabric-dimensions-v1]
[23:39:07] [Render thread/DEBUG] (net.fabricmc.fabric.impl.resource.pack.ModPackResourcesUtil) [Fabric] cur @ vanilla, auto-enabled fabric-entity-events-v1, currently enabled: [vanilla, chunkpreload, cloth-config, fabric-api, fabric-api-base, fabric-api-lookup-api-v1, fabric-biome-api-v1, fabric-block-api-v1, fabric-block-getter-api-v2, fabric-client-gametest-api-v1, fabric-command-api-v2, fabric-content-registries-v0, fabric-convention-tags-v2, fabric-crash-report-info-v1, fabric-creative-tab-api-v1, fabric-data-attachment-api-v1, fabric-data-generation-api-v1, fabric-debug-api-v1, fabric-dimensions-v1, fabric-entity-events-v1]
[23:39:07] [Render thread/DEBUG] (net.fabricmc.fabric.impl.resource.pack.ModPackResourcesUtil) [Fabric] cur @ vanilla, auto-enabled fabric-events-interaction-v0, currently enabled: [vanilla, chunkpreload, cloth-config, fabric-api, fabric-api-base, fabric-api-lookup-api-v1, fabric-biome-api-v1, fabric-block-api-v1, fabric-block-getter-api-v2, fabric-client-gametest-api-v1, fabric-command-api-v2, fabric-content-registries-v0, fabric-convention-tags-v2, fabric-crash-report-info-v1, fabric-creative-tab-api-v1, fabric-data-attachment-api-v1, fabric-data-generation-api-v1, fabric-debug-api-v1, fabric-dimensions-v1, fabric-entity-events-v1, fabric-events-interaction-v0]
[23:39:07] [Render thread/DEBUG] (net.fabricmc.fabric.impl.resource.pack.ModPackResourcesUtil) [Fabric] cur @ vanilla, auto-enabled fabric-game-rule-api-v1, currently enabled: [vanilla, chunkpreload, cloth-config, fabric-api, fabric-api-base, fabric-api-lookup-api-v1, fabric-biome-api-v1, fabric-block-api-v1, fabric-block-getter-api-v2, fabric-client-gametest-api-v1, fabric-command-api-v2, fabric-content-registries-v0, fabric-convention-tags-v2, fabric-crash-report-info-v1, fabric-creative-tab-api-v1, fabric-data-attachment-api-v1, fabric-data-generation-api-v1, fabric-debug-api-v1, fabric-dimensions-v1, fabric-entity-events-v1, fabric-events-interaction-v0, fabric-game-rule-api-v1]
[23:39:07] [Render thread/DEBUG] (net.fabricmc.fabric.impl.resource.pack.ModPackResourcesUtil) [Fabric] cur @ vanilla, auto-enabled fabric-gametest-api-v1, currently enabled: [vanilla, chunkpreload, cloth-config, fabric-api, fabric-api-base, fabric-api-lookup-api-v1, fabric-biome-api-v1, fabric-block-api-v1, fabric-block-getter-api-v2, fabric-client-gametest-api-v1, fabric-command-api-v2, fabric-content-registries-v0, fabric-convention-tags-v2, fabric-crash-report-info-v1, fabric-creative-tab-api-v1, fabric-data-attachment-api-v1, fabric-data-generation-api-v1, fabric-debug-api-v1, fabric-dimensions-v1, fabric-entity-events-v1, fabric-events-interaction-v0, fabric-game-rule-api-v1, fabric-gametest-api-v1]
[23:39:07] [Render thread/DEBUG] (net.fabricmc.fabric.impl.resource.pack.ModPackResourcesUtil) [Fabric] cur @ vanilla, auto-enabled fabric-item-api-v1, currently enabled: [vanilla, chunkpreload, cloth-config, fabric-api, fabric-api-base, fabric-api-lookup-api-v1, fabric-biome-api-v1, fabric-block-api-v1, fabric-block-getter-api-v2, fabric-client-gametest-api-v1, fabric-command-api-v2, fabric-content-registries-v0, fabric-convention-tags-v2, fabric-crash-report-info-v1, fabric-creative-tab-api-v1, fabric-data-attachment-api-v1, fabric-data-generation-api-v1, fabric-debug-api-v1, fabric-dimensions-v1, fabric-entity-events-v1, fabric-events-interaction-v0, fabric-game-rule-api-v1, fabric-gametest-api-v1, fabric-item-api-v1]
[23:39:07] [Render thread/DEBUG] (net.fabricmc.fabric.impl.resource.pack.ModPackResourcesUtil) [Fabric] cur @ vanilla, auto-enabled fabric-key-mapping-api-v1, currently enabled: [vanilla, chunkpreload, cloth-config, fabric-api, fabric-api-base, fabric-api-lookup-api-v1, fabric-biome-api-v1, fabric-block-api-v1, fabric-block-getter-api-v2, fabric-client-gametest-api-v1, fabric-command-api-v2, fabric-content-registries-v0, fabric-convention-tags-v2, fabric-crash-report-info-v1, fabric-creative-tab-api-v1, fabric-data-attachment-api-v1, fabric-data-generation-api-v1, fabric-debug-api-v1, fabric-dimensions-v1, fabric-entity-events-v1, fabric-events-interaction-v0, fabric-game-rule-api-v1, fabric-gametest-api-v1, fabric-item-api-v1, fabric-key-mapping-api-v1]
[23:39:07] [Render thread/DEBUG] (net.fabricmc.fabric.impl.resource.pack.ModPackResourcesUtil) [Fabric] cur @ vanilla, auto-enabled fabric-lifecycle-events-v1, currently enabled: [vanilla, chunkpreload, cloth-config, fabric-api, fabric-api-base, fabric-api-lookup-api-v1, fabric-biome-api-v1, fabric-block-api-v1, fabric-block-getter-api-v2, fabric-client-gametest-api-v1, fabric-command-api-v2, fabric-content-registries-v0, fabric-convention-tags-v2, fabric-crash-report-info-v1, fabric-creative-tab-api-v1, fabric-data-attachment-api-v1, fabric-data-generation-api-v1, fabric-debug-api-v1, fabric-dimensions-v1, fabric-entity-events-v1, fabric-events-interaction-v0, fabric-game-rule-api-v1, fabric-gametest-api-v1, fabric-item-api-v1, fabric-key-mapping-api-v1, fabric-lifecycle-events-v1]
[23:39:07] [Render thread/DEBUG] (net.fabricmc.fabric.impl.resource.pack.ModPackResourcesUtil) [Fabric] cur @ vanilla, auto-enabled fabric-loot-api-v3, currently enabled: [vanilla, chunkpreload, cloth-config, fabric-api, fabric-api-base, fabric-api-lookup-api-v1, fabric-biome-api-v1, fabric-block-api-v1, fabric-block-getter-api-v2, fabric-client-gametest-api-v1, fabric-command-api-v2, fabric-content-registries-v0, fabric-convention-tags-v2, fabric-crash-report-info-v1, fabric-creative-tab-api-v1, fabric-data-attachment-api-v1, fabric-data-generation-api-v1, fabric-debug-api-v1, fabric-dimensions-v1, fabric-entity-events-v1, fabric-events-interaction-v0, fabric-game-rule-api-v1, fabric-gametest-api-v1, fabric-item-api-v1, fabric-key-mapping-api-v1, fabric-lifecycle-events-v1, fabric-loot-api-v3]
[23:39:07] [Render thread/DEBUG] (net.fabricmc.fabric.impl.resource.pack.ModPackResourcesUtil) [Fabric] cur @ vanilla, auto-enabled fabric-menu-api-v1, currently enabled: [vanilla, chunkpreload, cloth-config, fabric-api, fabric-api-base, fabric-api-lookup-api-v1, fabric-biome-api-v1, fabric-block-api-v1, fabric-block-getter-api-v2, fabric-client-gametest-api-v1, fabric-command-api-v2, fabric-content-registries-v0, fabric-convention-tags-v2, fabric-crash-report-info-v1, fabric-creative-tab-api-v1, fabric-data-attachment-api-v1, fabric-data-generation-api-v1, fabric-debug-api-v1, fabric-dimensions-v1, fabric-entity-events-v1, fabric-events-interaction-v0, fabric-game-rule-api-v1, fabric-gametest-api-v1, fabric-item-api-v1, fabric-key-mapping-api-v1, fabric-lifecycle-events-v1, fabric-loot-api-v3, fabric-menu-api-v1]
[23:39:07] [Render thread/DEBUG] (net.fabricmc.fabric.impl.resource.pack.ModPackResourcesUtil) [Fabric] cur @ vanilla, auto-enabled fabric-message-api-v1, currently enabled: [vanilla, chunkpreload, cloth-config, fabric-api, fabric-api-base, fabric-api-lookup-api-v1, fabric-biome-api-v1, fabric-block-api-v1, fabric-block-getter-api-v2, fabric-client-gametest-api-v1, fabric-command-api-v2, fabric-content-registries-v0, fabric-convention-tags-v2, fabric-crash-report-info-v1, fabric-creative-tab-api-v1, fabric-data-attachment-api-v1, fabric-data-generation-api-v1, fabric-debug-api-v1, fabric-dimensions-v1, fabric-entity-events-v1, fabric-events-interaction-v0, fabric-game-rule-api-v1, fabric-gametest-api-v1, fabric-item-api-v1, fabric-key-mapping-api-v1, fabric-lifecycle-events-v1, fabric-loot-api-v3, fabric-menu-api-v1, fabric-message-api-v1]
[23:39:07] [Render thread/DEBUG] (net.fabricmc.fabric.impl.resource.pack.ModPackResourcesUtil) [Fabric] cur @ vanilla, auto-enabled fabric-model-loading-api-v1, currently enabled: [vanilla, chunkpreload, cloth-config, fabric-api, fabric-api-base, fabric-api-lookup-api-v1, fabric-biome-api-v1, fabric-block-api-v1, fabric-block-getter-api-v2, fabric-client-gametest-api-v1, fabric-command-api-v2, fabric-content-registries-v0, fabric-convention-tags-v2, fabric-crash-report-info-v1, fabric-creative-tab-api-v1, fabric-data-attachment-api-v1, fabric-data-generation-api-v1, fabric-debug-api-v1, fabric-dimensions-v1, fabric-entity-events-v1, fabric-events-interaction-v0, fabric-game-rule-api-v1, fabric-gametest-api-v1, fabric-item-api-v1, fabric-key-mapping-api-v1, fabric-lifecycle-events-v1, fabric-loot-api-v3, fabric-menu-api-v1, fabric-message-api-v1, fabric-model-loading-api-v1]
[23:39:07] [Render thread/DEBUG] (net.fabricmc.fabric.impl.resource.pack.ModPackResourcesUtil) [Fabric] cur @ vanilla, auto-enabled fabric-networking-api-v1, currently enabled: [vanilla, chunkpreload, cloth-config, fabric-api, fabric-api-base, fabric-api-lookup-api-v1, fabric-biome-api-v1, fabric-block-api-v1, fabric-block-getter-api-v2, fabric-client-gametest-api-v1, fabric-command-api-v2, fabric-content-registries-v0, fabric-convention-tags-v2, fabric-crash-report-info-v1, fabric-creative-tab-api-v1, fabric-data-attachment-api-v1, fabric-data-generation-api-v1, fabric-debug-api-v1, fabric-dimensions-v1, fabric-entity-events-v1, fabric-events-interaction-v0, fabric-game-rule-api-v1, fabric-gametest-api-v1, fabric-item-api-v1, fabric-key-mapping-api-v1, fabric-lifecycle-events-v1, fabric-loot-api-v3, fabric-menu-api-v1, fabric-message-api-v1, fabric-model-loading-api-v1, fabric-networking-api-v1]
[23:39:07] [Render thread/DEBUG] (net.fabricmc.fabric.impl.resource.pack.ModPackResourcesUtil) [Fabric] cur @ vanilla, auto-enabled fabric-object-builder-api-v1, currently enabled: [vanilla, chunkpreload, cloth-config, fabric-api, fabric-api-base, fabric-api-lookup-api-v1, fabric-biome-api-v1, fabric-block-api-v1, fabric-block-getter-api-v2, fabric-client-gametest-api-v1, fabric-command-api-v2, fabric-content-registries-v0, fabric-convention-tags-v2, fabric-crash-report-info-v1, fabric-creative-tab-api-v1, fabric-data-attachment-api-v1, fabric-data-generation-api-v1, fabric-debug-api-v1, fabric-dimensions-v1, fabric-entity-events-v1, fabric-events-interaction-v0, fabric-game-rule-api-v1, fabric-gametest-api-v1, fabric-item-api-v1, fabric-key-mapping-api-v1, fabric-lifecycle-events-v1, fabric-loot-api-v3, fabric-menu-api-v1, fabric-message-api-v1, fabric-model-loading-api-v1, fabric-networking-api-v1, fabric-object-builder-api-v1]
[23:39:07] [Render thread/DEBUG] (net.fabricmc.fabric.impl.resource.pack.ModPackResourcesUtil) [Fabric] cur @ vanilla, auto-enabled fabric-particles-v1, currently enabled: [vanilla, chunkpreload, cloth-config, fabric-api, fabric-api-base, fabric-api-lookup-api-v1, fabric-biome-api-v1, fabric-block-api-v1, fabric-block-getter-api-v2, fabric-client-gametest-api-v1, fabric-command-api-v2, fabric-content-registries-v0, fabric-convention-tags-v2, fabric-crash-report-info-v1, fabric-creative-tab-api-v1, fabric-data-attachment-api-v1, fabric-data-generation-api-v1, fabric-debug-api-v1, fabric-dimensions-v1, fabric-entity-events-v1, fabric-events-interaction-v0, fabric-game-rule-api-v1, fabric-gametest-api-v1, fabric-item-api-v1, fabric-key-mapping-api-v1, fabric-lifecycle-events-v1, fabric-loot-api-v3, fabric-menu-api-v1, fabric-message-api-v1, fabric-model-loading-api-v1, fabric-networking-api-v1, fabric-object-builder-api-v1, fabric-particles-v1]
[23:39:07] [Render thread/DEBUG] (net.fabricmc.fabric.impl.resource.pack.ModPackResourcesUtil) [Fabric] cur @ vanilla, auto-enabled fabric-permission-api-v1, currently enabled: [vanilla, chunkpreload, cloth-config, fabric-api, fabric-api-base, fabric-api-lookup-api-v1, fabric-biome-api-v1, fabric-block-api-v1, fabric-block-getter-api-v2, fabric-client-gametest-api-v1, fabric-command-api-v2, fabric-content-registries-v0, fabric-convention-tags-v2, fabric-crash-report-info-v1, fabric-creative-tab-api-v1, fabric-data-attachment-api-v1, fabric-data-generation-api-v1, fabric-debug-api-v1, fabric-dimensions-v1, fabric-entity-events-v1, fabric-events-interaction-v0, fabric-game-rule-api-v1, fabric-gametest-api-v1, fabric-item-api-v1, fabric-key-mapping-api-v1, fabric-lifecycle-events-v1, fabric-loot-api-v3, fabric-menu-api-v1, fabric-message-api-v1, fabric-model-loading-api-v1, fabric-networking-api-v1, fabric-object-builder-api-v1, fabric-particles-v1, fabric-permission-api-v1]
[23:39:07] [Render thread/DEBUG] (net.fabricmc.fabric.impl.resource.pack.ModPackResourcesUtil) [Fabric] cur @ vanilla, auto-enabled fabric-recipe-api-v1, currently enabled: [vanilla, chunkpreload, cloth-config, fabric-api, fabric-api-base, fabric-api-lookup-api-v1, fabric-biome-api-v1, fabric-block-api-v1, fabric-block-getter-api-v2, fabric-client-gametest-api-v1, fabric-command-api-v2, fabric-content-registries-v0, fabric-convention-tags-v2, fabric-crash-report-info-v1, fabric-creative-tab-api-v1, fabric-data-attachment-api-v1, fabric-data-generation-api-v1, fabric-debug-api-v1, fabric-dimensions-v1, fabric-entity-events-v1, fabric-events-interaction-v0, fabric-game-rule-api-v1, fabric-gametest-api-v1, fabric-item-api-v1, fabric-key-mapping-api-v1, fabric-lifecycle-events-v1, fabric-loot-api-v3, fabric-menu-api-v1, fabric-message-api-v1, fabric-model-loading-api-v1, fabric-networking-api-v1, fabric-object-builder-api-v1, fabric-particles-v1, fabric-permission-api-v1, fabric-recipe-api-v1]
[23:39:07] [Render thread/DEBUG] (net.fabricmc.fabric.impl.resource.pack.ModPackResourcesUtil) [Fabric] cur @ vanilla, auto-enabled fabric-registry-sync-v0, currently enabled: [vanilla, chunkpreload, cloth-config, fabric-api, fabric-api-base, fabric-api-lookup-api-v1, fabric-biome-api-v1, fabric-block-api-v1, fabric-block-getter-api-v2, fabric-client-gametest-api-v1, fabric-command-api-v2, fabric-content-registries-v0, fabric-convention-tags-v2, fabric-crash-report-info-v1, fabric-creative-tab-api-v1, fabric-data-attachment-api-v1, fabric-data-generation-api-v1, fabric-debug-api-v1, fabric-dimensions-v1, fabric-entity-events-v1, fabric-events-interaction-v0, fabric-game-rule-api-v1, fabric-gametest-api-v1, fabric-item-api-v1, fabric-key-mapping-api-v1, fabric-lifecycle-events-v1, fabric-loot-api-v3, fabric-menu-api-v1, fabric-message-api-v1, fabric-model-loading-api-v1, fabric-networking-api-v1, fabric-object-builder-api-v1, fabric-particles-v1, fabric-permission-api-v1, fabric-recipe-api-v1, fabric-registry-sync-v0]
[23:39:07] [Render thread/DEBUG] (net.fabricmc.fabric.impl.resource.pack.ModPackResourcesUtil) [Fabric] cur @ vanilla, auto-enabled fabric-renderer-api-v1, currently enabled: [vanilla, chunkpreload, cloth-config, fabric-api, fabric-api-base, fabric-api-lookup-api-v1, fabric-biome-api-v1, fabric-block-api-v1, fabric-block-getter-api-v2, fabric-client-gametest-api-v1, fabric-command-api-v2, fabric-content-registries-v0, fabric-convention-tags-v2, fabric-crash-report-info-v1, fabric-creative-tab-api-v1, fabric-data-attachment-api-v1, fabric-data-generation-api-v1, fabric-debug-api-v1, fabric-dimensions-v1, fabric-entity-events-v1, fabric-events-interaction-v0, fabric-game-rule-api-v1, fabric-gametest-api-v1, fabric-item-api-v1, fabric-key-mapping-api-v1, fabric-lifecycle-events-v1, fabric-loot-api-v3, fabric-menu-api-v1, fabric-message-api-v1, fabric-model-loading-api-v1, fabric-networking-api-v1, fabric-object-builder-api-v1, fabric-particles-v1, fabric-permission-api-v1, fabric-recipe-api-v1, fabric-registry-sync-v0, fabric-renderer-api-v1]
[23:39:07] [Render thread/DEBUG] (net.fabricmc.fabric.impl.resource.pack.ModPackResourcesUtil) [Fabric] cur @ vanilla, auto-enabled fabric-renderer-indigo, currently enabled: [vanilla, chunkpreload, cloth-config, fabric-api, fabric-api-base, fabric-api-lookup-api-v1, fabric-biome-api-v1, fabric-block-api-v1, fabric-block-getter-api-v2, fabric-client-gametest-api-v1, fabric-command-api-v2, fabric-content-registries-v0, fabric-convention-tags-v2, fabric-crash-report-info-v1, fabric-creative-tab-api-v1, fabric-data-attachment-api-v1, fabric-data-generation-api-v1, fabric-debug-api-v1, fabric-dimensions-v1, fabric-entity-events-v1, fabric-events-interaction-v0, fabric-game-rule-api-v1, fabric-gametest-api-v1, fabric-item-api-v1, fabric-key-mapping-api-v1, fabric-lifecycle-events-v1, fabric-loot-api-v3, fabric-menu-api-v1, fabric-message-api-v1, fabric-model-loading-api-v1, fabric-networking-api-v1, fabric-object-builder-api-v1, fabric-particles-v1, fabric-permission-api-v1, fabric-recipe-api-v1, fabric-registry-sync-v0, fabric-renderer-api-v1, fabric-renderer-indigo]
[23:39:07] [Render thread/DEBUG] (net.fabricmc.fabric.impl.resource.pack.ModPackResourcesUtil) [Fabric] cur @ vanilla, auto-enabled fabric-rendering-fluids-v1, currently enabled: [vanilla, chunkpreload, cloth-config, fabric-api, fabric-api-base, fabric-api-lookup-api-v1, fabric-biome-api-v1, fabric-block-api-v1, fabric-block-getter-api-v2, fabric-client-gametest-api-v1, fabric-command-api-v2, fabric-content-registries-v0, fabric-convention-tags-v2, fabric-crash-report-info-v1, fabric-creative-tab-api-v1, fabric-data-attachment-api-v1, fabric-data-generation-api-v1, fabric-debug-api-v1, fabric-dimensions-v1, fabric-entity-events-v1, fabric-events-interaction-v0, fabric-game-rule-api-v1, fabric-gametest-api-v1, fabric-item-api-v1, fabric-key-mapping-api-v1, fabric-lifecycle-events-v1, fabric-loot-api-v3, fabric-menu-api-v1, fabric-message-api-v1, fabric-model-loading-api-v1, fabric-networking-api-v1, fabric-object-builder-api-v1, fabric-particles-v1, fabric-permission-api-v1, fabric-recipe-api-v1, fabric-registry-sync-v0, fabric-renderer-api-v1, fabric-renderer-indigo, fabric-rendering-fluids-v1]
[23:39:07] [Render thread/DEBUG] (net.fabricmc.fabric.impl.resource.pack.ModPackResourcesUtil) [Fabric] cur @ vanilla, auto-enabled fabric-rendering-v1, currently enabled: [vanilla, chunkpreload, cloth-config, fabric-api, fabric-api-base, fabric-api-lookup-api-v1, fabric-biome-api-v1, fabric-block-api-v1, fabric-block-getter-api-v2, fabric-client-gametest-api-v1, fabric-command-api-v2, fabric-content-registries-v0, fabric-convention-tags-v2, fabric-crash-report-info-v1, fabric-creative-tab-api-v1, fabric-data-attachment-api-v1, fabric-data-generation-api-v1, fabric-debug-api-v1, fabric-dimensions-v1, fabric-entity-events-v1, fabric-events-interaction-v0, fabric-game-rule-api-v1, fabric-gametest-api-v1, fabric-item-api-v1, fabric-key-mapping-api-v1, fabric-lifecycle-events-v1, fabric-loot-api-v3, fabric-menu-api-v1, fabric-message-api-v1, fabric-model-loading-api-v1, fabric-networking-api-v1, fabric-object-builder-api-v1, fabric-particles-v1, fabric-permission-api-v1, fabric-recipe-api-v1, fabric-registry-sync-v0, fabric-renderer-api-v1, fabric-renderer-indigo, fabric-rendering-fluids-v1, fabric-rendering-v1]
[23:39:07] [Render thread/DEBUG] (net.fabricmc.fabric.impl.resource.pack.ModPackResourcesUtil) [Fabric] cur @ vanilla, auto-enabled fabric-resource-conditions-api-v1, currently enabled: [vanilla, chunkpreload, cloth-config, fabric-api, fabric-api-base, fabric-api-lookup-api-v1, fabric-biome-api-v1, fabric-block-api-v1, fabric-block-getter-api-v2, fabric-client-gametest-api-v1, fabric-command-api-v2, fabric-content-registries-v0, fabric-convention-tags-v2, fabric-crash-report-info-v1, fabric-creative-tab-api-v1, fabric-data-attachment-api-v1, fabric-data-generation-api-v1, fabric-debug-api-v1, fabric-dimensions-v1, fabric-entity-events-v1, fabric-events-interaction-v0, fabric-game-rule-api-v1, fabric-gametest-api-v1, fabric-item-api-v1, fabric-key-mapping-api-v1, fabric-lifecycle-events-v1, fabric-loot-api-v3, fabric-menu-api-v1, fabric-message-api-v1, fabric-model-loading-api-v1, fabric-networking-api-v1, fabric-object-builder-api-v1, fabric-particles-v1, fabric-permission-api-v1, fabric-recipe-api-v1, fabric-registry-sync-v0, fabric-renderer-api-v1, fabric-renderer-indigo, fabric-rendering-fluids-v1, fabric-rendering-v1, fabric-resource-conditions-api-v1]
[23:39:07] [Render thread/DEBUG] (net.fabricmc.fabric.impl.resource.pack.ModPackResourcesUtil) [Fabric] cur @ vanilla, auto-enabled fabric-resource-loader-v0, currently enabled: [vanilla, chunkpreload, cloth-config, fabric-api, fabric-api-base, fabric-api-lookup-api-v1, fabric-biome-api-v1, fabric-block-api-v1, fabric-block-getter-api-v2, fabric-client-gametest-api-v1, fabric-command-api-v2, fabric-content-registries-v0, fabric-convention-tags-v2, fabric-crash-report-info-v1, fabric-creative-tab-api-v1, fabric-data-attachment-api-v1, fabric-data-generation-api-v1, fabric-debug-api-v1, fabric-dimensions-v1, fabric-entity-events-v1, fabric-events-interaction-v0, fabric-game-rule-api-v1, fabric-gametest-api-v1, fabric-item-api-v1, fabric-key-mapping-api-v1, fabric-lifecycle-events-v1, fabric-loot-api-v3, fabric-menu-api-v1, fabric-message-api-v1, fabric-model-loading-api-v1, fabric-networking-api-v1, fabric-object-builder-api-v1, fabric-particles-v1, fabric-permission-api-v1, fabric-recipe-api-v1, fabric-registry-sync-v0, fabric-renderer-api-v1, fabric-renderer-indigo, fabric-rendering-fluids-v1, fabric-rendering-v1, fabric-resource-conditions-api-v1, fabric-resource-loader-v0]
[23:39:07] [Render thread/DEBUG] (net.fabricmc.fabric.impl.resource.pack.ModPackResourcesUtil) [Fabric] cur @ vanilla, auto-enabled fabric-resource-loader-v1, currently enabled: [vanilla, chunkpreload, cloth-config, fabric-api, fabric-api-base, fabric-api-lookup-api-v1, fabric-biome-api-v1, fabric-block-api-v1, fabric-block-getter-api-v2, fabric-client-gametest-api-v1, fabric-command-api-v2, fabric-content-registries-v0, fabric-convention-tags-v2, fabric-crash-report-info-v1, fabric-creative-tab-api-v1, fabric-data-attachment-api-v1, fabric-data-generation-api-v1, fabric-debug-api-v1, fabric-dimensions-v1, fabric-entity-events-v1, fabric-events-interaction-v0, fabric-game-rule-api-v1, fabric-gametest-api-v1, fabric-item-api-v1, fabric-key-mapping-api-v1, fabric-lifecycle-events-v1, fabric-loot-api-v3, fabric-menu-api-v1, fabric-message-api-v1, fabric-model-loading-api-v1, fabric-networking-api-v1, fabric-object-builder-api-v1, fabric-particles-v1, fabric-permission-api-v1, fabric-recipe-api-v1, fabric-registry-sync-v0, fabric-renderer-api-v1, fabric-renderer-indigo, fabric-rendering-fluids-v1, fabric-rendering-v1, fabric-resource-conditions-api-v1, fabric-resource-loader-v0, fabric-resource-loader-v1]
[23:39:07] [Render thread/DEBUG] (net.fabricmc.fabric.impl.resource.pack.ModPackResourcesUtil) [Fabric] cur @ vanilla, auto-enabled fabric-screen-api-v1, currently enabled: [vanilla, chunkpreload, cloth-config, fabric-api, fabric-api-base, fabric-api-lookup-api-v1, fabric-biome-api-v1, fabric-block-api-v1, fabric-block-getter-api-v2, fabric-client-gametest-api-v1, fabric-command-api-v2, fabric-content-registries-v0, fabric-convention-tags-v2, fabric-crash-report-info-v1, fabric-creative-tab-api-v1, fabric-data-attachment-api-v1, fabric-data-generation-api-v1, fabric-debug-api-v1, fabric-dimensions-v1, fabric-entity-events-v1, fabric-events-interaction-v0, fabric-game-rule-api-v1, fabric-gametest-api-v1, fabric-item-api-v1, fabric-key-mapping-api-v1, fabric-lifecycle-events-v1, fabric-loot-api-v3, fabric-menu-api-v1, fabric-message-api-v1, fabric-model-loading-api-v1, fabric-networking-api-v1, fabric-object-builder-api-v1, fabric-particles-v1, fabric-permission-api-v1, fabric-recipe-api-v1, fabric-registry-sync-v0, fabric-renderer-api-v1, fabric-renderer-indigo, fabric-rendering-fluids-v1, fabric-rendering-v1, fabric-resource-conditions-api-v1, fabric-resource-loader-v0, fabric-resource-loader-v1, fabric-screen-api-v1]
[23:39:07] [Render thread/DEBUG] (net.fabricmc.fabric.impl.resource.pack.ModPackResourcesUtil) [Fabric] cur @ vanilla, auto-enabled fabric-serialization-api-v1, currently enabled: [vanilla, chunkpreload, cloth-config, fabric-api, fabric-api-base, fabric-api-lookup-api-v1, fabric-biome-api-v1, fabric-block-api-v1, fabric-block-getter-api-v2, fabric-client-gametest-api-v1, fabric-command-api-v2, fabric-content-registries-v0, fabric-convention-tags-v2, fabric-crash-report-info-v1, fabric-creative-tab-api-v1, fabric-data-attachment-api-v1, fabric-data-generation-api-v1, fabric-debug-api-v1, fabric-dimensions-v1, fabric-entity-events-v1, fabric-events-interaction-v0, fabric-game-rule-api-v1, fabric-gametest-api-v1, fabric-item-api-v1, fabric-key-mapping-api-v1, fabric-lifecycle-events-v1, fabric-loot-api-v3, fabric-menu-api-v1, fabric-message-api-v1, fabric-model-loading-api-v1, fabric-networking-api-v1, fabric-object-builder-api-v1, fabric-particles-v1, fabric-permission-api-v1, fabric-recipe-api-v1, fabric-registry-sync-v0, fabric-renderer-api-v1, fabric-renderer-indigo, fabric-rendering-fluids-v1, fabric-rendering-v1, fabric-resource-conditions-api-v1, fabric-resource-loader-v0, fabric-resource-loader-v1, fabric-screen-api-v1, fabric-serialization-api-v1]
[23:39:07] [Render thread/DEBUG] (net.fabricmc.fabric.impl.resource.pack.ModPackResourcesUtil) [Fabric] cur @ vanilla, auto-enabled fabric-sound-api-v1, currently enabled: [vanilla, chunkpreload, cloth-config, fabric-api, fabric-api-base, fabric-api-lookup-api-v1, fabric-biome-api-v1, fabric-block-api-v1, fabric-block-getter-api-v2, fabric-client-gametest-api-v1, fabric-command-api-v2, fabric-content-registries-v0, fabric-convention-tags-v2, fabric-crash-report-info-v1, fabric-creative-tab-api-v1, fabric-data-attachment-api-v1, fabric-data-generation-api-v1, fabric-debug-api-v1, fabric-dimensions-v1, fabric-entity-events-v1, fabric-events-interaction-v0, fabric-game-rule-api-v1, fabric-gametest-api-v1, fabric-item-api-v1, fabric-key-mapping-api-v1, fabric-lifecycle-events-v1, fabric-loot-api-v3, fabric-menu-api-v1, fabric-message-api-v1, fabric-model-loading-api-v1, fabric-networking-api-v1, fabric-object-builder-api-v1, fabric-particles-v1, fabric-permission-api-v1, fabric-recipe-api-v1, fabric-registry-sync-v0, fabric-renderer-api-v1, fabric-renderer-indigo, fabric-rendering-fluids-v1, fabric-rendering-v1, fabric-resource-conditions-api-v1, fabric-resource-loader-v0, fabric-resource-loader-v1, fabric-screen-api-v1, fabric-serialization-api-v1, fabric-sound-api-v1]
[23:39:07] [Render thread/DEBUG] (net.fabricmc.fabric.impl.resource.pack.ModPackResourcesUtil) [Fabric] cur @ vanilla, auto-enabled fabric-tag-api-v1, currently enabled: [vanilla, chunkpreload, cloth-config, fabric-api, fabric-api-base, fabric-api-lookup-api-v1, fabric-biome-api-v1, fabric-block-api-v1, fabric-block-getter-api-v2, fabric-client-gametest-api-v1, fabric-command-api-v2, fabric-content-registries-v0, fabric-convention-tags-v2, fabric-crash-report-info-v1, fabric-creative-tab-api-v1, fabric-data-attachment-api-v1, fabric-data-generation-api-v1, fabric-debug-api-v1, fabric-dimensions-v1, fabric-entity-events-v1, fabric-events-interaction-v0, fabric-game-rule-api-v1, fabric-gametest-api-v1, fabric-item-api-v1, fabric-key-mapping-api-v1, fabric-lifecycle-events-v1, fabric-loot-api-v3, fabric-menu-api-v1, fabric-message-api-v1, fabric-model-loading-api-v1, fabric-networking-api-v1, fabric-object-builder-api-v1, fabric-particles-v1, fabric-permission-api-v1, fabric-recipe-api-v1, fabric-registry-sync-v0, fabric-renderer-api-v1, fabric-renderer-indigo, fabric-rendering-fluids-v1, fabric-rendering-v1, fabric-resource-conditions-api-v1, fabric-resource-loader-v0, fabric-resource-loader-v1, fabric-screen-api-v1, fabric-serialization-api-v1, fabric-sound-api-v1, fabric-tag-api-v1]
[23:39:07] [Render thread/DEBUG] (net.fabricmc.fabric.impl.resource.pack.ModPackResourcesUtil) [Fabric] cur @ vanilla, auto-enabled fabric-transfer-api-v1, currently enabled: [vanilla, chunkpreload, cloth-config, fabric-api, fabric-api-base, fabric-api-lookup-api-v1, fabric-biome-api-v1, fabric-block-api-v1, fabric-block-getter-api-v2, fabric-client-gametest-api-v1, fabric-command-api-v2, fabric-content-registries-v0, fabric-convention-tags-v2, fabric-crash-report-info-v1, fabric-creative-tab-api-v1, fabric-data-attachment-api-v1, fabric-data-generation-api-v1, fabric-debug-api-v1, fabric-dimensions-v1, fabric-entity-events-v1, fabric-events-interaction-v0, fabric-game-rule-api-v1, fabric-gametest-api-v1, fabric-item-api-v1, fabric-key-mapping-api-v1, fabric-lifecycle-events-v1, fabric-loot-api-v3, fabric-menu-api-v1, fabric-message-api-v1, fabric-model-loading-api-v1, fabric-networking-api-v1, fabric-object-builder-api-v1, fabric-particles-v1, fabric-permission-api-v1, fabric-recipe-api-v1, fabric-registry-sync-v0, fabric-renderer-api-v1, fabric-renderer-indigo, fabric-rendering-fluids-v1, fabric-rendering-v1, fabric-resource-conditions-api-v1, fabric-resource-loader-v0, fabric-resource-loader-v1, fabric-screen-api-v1, fabric-serialization-api-v1, fabric-sound-api-v1, fabric-tag-api-v1, fabric-transfer-api-v1]
[23:39:07] [Render thread/DEBUG] (net.fabricmc.fabric.impl.resource.pack.ModPackResourcesUtil) [Fabric] cur @ vanilla, auto-enabled fabric-transitive-access-wideners-v1, currently enabled: [vanilla, chunkpreload, cloth-config, fabric-api, fabric-api-base, fabric-api-lookup-api-v1, fabric-biome-api-v1, fabric-block-api-v1, fabric-block-getter-api-v2, fabric-client-gametest-api-v1, fabric-command-api-v2, fabric-content-registries-v0, fabric-convention-tags-v2, fabric-crash-report-info-v1, fabric-creative-tab-api-v1, fabric-data-attachment-api-v1, fabric-data-generation-api-v1, fabric-debug-api-v1, fabric-dimensions-v1, fabric-entity-events-v1, fabric-events-interaction-v0, fabric-game-rule-api-v1, fabric-gametest-api-v1, fabric-item-api-v1, fabric-key-mapping-api-v1, fabric-lifecycle-events-v1, fabric-loot-api-v3, fabric-menu-api-v1, fabric-message-api-v1, fabric-model-loading-api-v1, fabric-networking-api-v1, fabric-object-builder-api-v1, fabric-particles-v1, fabric-permission-api-v1, fabric-recipe-api-v1, fabric-registry-sync-v0, fabric-renderer-api-v1, fabric-renderer-indigo, fabric-rendering-fluids-v1, fabric-rendering-v1, fabric-resource-conditions-api-v1, fabric-resource-loader-v0, fabric-resource-loader-v1, fabric-screen-api-v1, fabric-serialization-api-v1, fabric-sound-api-v1, fabric-tag-api-v1, fabric-transfer-api-v1, fabric-transitive-access-wideners-v1]
[23:39:07] [Render thread/DEBUG] (net.fabricmc.fabric.impl.resource.pack.ModPackResourcesUtil) [Fabric] cur @ vanilla, auto-enabled fabricloader, currently enabled: [vanilla, chunkpreload, cloth-config, fabric-api, fabric-api-base, fabric-api-lookup-api-v1, fabric-biome-api-v1, fabric-block-api-v1, fabric-block-getter-api-v2, fabric-client-gametest-api-v1, fabric-command-api-v2, fabric-content-registries-v0, fabric-convention-tags-v2, fabric-crash-report-info-v1, fabric-creative-tab-api-v1, fabric-data-attachment-api-v1, fabric-data-generation-api-v1, fabric-debug-api-v1, fabric-dimensions-v1, fabric-entity-events-v1, fabric-events-interaction-v0, fabric-game-rule-api-v1, fabric-gametest-api-v1, fabric-item-api-v1, fabric-key-mapping-api-v1, fabric-lifecycle-events-v1, fabric-loot-api-v3, fabric-menu-api-v1, fabric-message-api-v1, fabric-model-loading-api-v1, fabric-networking-api-v1, fabric-object-builder-api-v1, fabric-particles-v1, fabric-permission-api-v1, fabric-recipe-api-v1, fabric-registry-sync-v0, fabric-renderer-api-v1, fabric-renderer-indigo, fabric-rendering-fluids-v1, fabric-rendering-v1, fabric-resource-conditions-api-v1, fabric-resource-loader-v0, fabric-resource-loader-v1, fabric-screen-api-v1, fabric-serialization-api-v1, fabric-sound-api-v1, fabric-tag-api-v1, fabric-transfer-api-v1, fabric-transitive-access-wideners-v1, fabricloader]
[23:39:07] [Render thread/DEBUG] (net.fabricmc.fabric.impl.resource.pack.ModPackResourcesUtil) [Fabric] Final sorting result: [vanilla, chunkpreload, cloth-config, fabric-api, fabric-api-base, fabric-api-lookup-api-v1, fabric-biome-api-v1, fabric-block-api-v1, fabric-block-getter-api-v2, fabric-client-gametest-api-v1, fabric-command-api-v2, fabric-content-registries-v0, fabric-convention-tags-v2, fabric-crash-report-info-v1, fabric-creative-tab-api-v1, fabric-data-attachment-api-v1, fabric-data-generation-api-v1, fabric-debug-api-v1, fabric-dimensions-v1, fabric-entity-events-v1, fabric-events-interaction-v0, fabric-game-rule-api-v1, fabric-gametest-api-v1, fabric-item-api-v1, fabric-key-mapping-api-v1, fabric-lifecycle-events-v1, fabric-loot-api-v3, fabric-menu-api-v1, fabric-message-api-v1, fabric-model-loading-api-v1, fabric-networking-api-v1, fabric-object-builder-api-v1, fabric-particles-v1, fabric-permission-api-v1, fabric-recipe-api-v1, fabric-registry-sync-v0, fabric-renderer-api-v1, fabric-renderer-indigo, fabric-rendering-fluids-v1, fabric-rendering-v1, fabric-resource-conditions-api-v1, fabric-resource-loader-v0, fabric-resource-loader-v1, fabric-screen-api-v1, fabric-serialization-api-v1, fabric-sound-api-v1, fabric-tag-api-v1, fabric-transfer-api-v1, fabric-transitive-access-wideners-v1, fabricloader]
[23:39:07] [Render thread/DEBUG] (net.fabricmc.fabric.impl.resource.pack.ModPackResourcesUtil) [Fabric] Starting internal pack sorting with: [vanilla, chunkpreload, cloth-config, fabric-api, fabric-api-base, fabric-api-lookup-api-v1, fabric-biome-api-v1, fabric-block-api-v1, fabric-block-getter-api-v2, fabric-client-gametest-api-v1, fabric-command-api-v2, fabric-content-registries-v0, fabric-convention-tags-v2, fabric-crash-report-info-v1, fabric-creative-tab-api-v1, fabric-creative-tab-api-v1_programmer_art, fabric-data-attachment-api-v1, fabric-data-generation-api-v1, fabric-debug-api-v1, fabric-dimensions-v1, fabric-entity-events-v1, fabric-events-interaction-v0, fabric-game-rule-api-v1, fabric-gametest-api-v1, fabric-item-api-v1, fabric-key-mapping-api-v1, fabric-lifecycle-events-v1, fabric-loot-api-v3, fabric-menu-api-v1, fabric-message-api-v1, fabric-model-loading-api-v1, fabric-networking-api-v1, fabric-object-builder-api-v1, fabric-particles-v1, fabric-permission-api-v1, fabric-recipe-api-v1, fabric-registry-sync-v0, fabric-renderer-api-v1, fabric-renderer-indigo, fabric-rendering-fluids-v1, fabric-rendering-v1, fabric-resource-conditions-api-v1, fabric-resource-loader-v0, fabric-resource-loader-v1, fabric-screen-api-v1, fabric-serialization-api-v1, fabric-sound-api-v1, fabric-tag-api-v1, fabric-transfer-api-v1, fabric-transitive-access-wideners-v1, fabricloader]
[23:39:07] [Render thread/DEBUG] (net.fabricmc.fabric.impl.resource.pack.ModPackResourcesUtil) [Fabric] Removed all internal packs, result: [vanilla]
[23:39:07] [Render thread/DEBUG] (net.fabricmc.fabric.impl.resource.pack.ModPackResourcesUtil) [Fabric] cur @ vanilla, auto-enabled chunkpreload, currently enabled: [vanilla, chunkpreload]
[23:39:07] [Render thread/DEBUG] (net.fabricmc.fabric.impl.resource.pack.ModPackResourcesUtil) [Fabric] cur @ vanilla, auto-enabled cloth-config, currently enabled: [vanilla, chunkpreload, cloth-config]
[23:39:07] [Render thread/DEBUG] (net.fabricmc.fabric.impl.resource.pack.ModPackResourcesUtil) [Fabric] cur @ vanilla, auto-enabled fabric-api, currently enabled: [vanilla, chunkpreload, cloth-config, fabric-api]
[23:39:07] [Render thread/DEBUG] (net.fabricmc.fabric.impl.resource.pack.ModPackResourcesUtil) [Fabric] cur @ vanilla, auto-enabled fabric-api-base, currently enabled: [vanilla, chunkpreload, cloth-config, fabric-api, fabric-api-base]
[23:39:07] [Render thread/DEBUG] (net.fabricmc.fabric.impl.resource.pack.ModPackResourcesUtil) [Fabric] cur @ vanilla, auto-enabled fabric-api-lookup-api-v1, currently enabled: [vanilla, chunkpreload, cloth-config, fabric-api, fabric-api-base, fabric-api-lookup-api-v1]
[23:39:07] [Render thread/DEBUG] (net.fabricmc.fabric.impl.resource.pack.ModPackResourcesUtil) [Fabric] cur @ vanilla, auto-enabled fabric-biome-api-v1, currently enabled: [vanilla, chunkpreload, cloth-config, fabric-api, fabric-api-base, fabric-api-lookup-api-v1, fabric-biome-api-v1]
[23:39:07] [Render thread/DEBUG] (net.fabricmc.fabric.impl.resource.pack.ModPackResourcesUtil) [Fabric] cur @ vanilla, auto-enabled fabric-block-api-v1, currently enabled: [vanilla, chunkpreload, cloth-config, fabric-api, fabric-api-base, fabric-api-lookup-api-v1, fabric-biome-api-v1, fabric-block-api-v1]
[23:39:07] [Render thread/DEBUG] (net.fabricmc.fabric.impl.resource.pack.ModPackResourcesUtil) [Fabric] cur @ vanilla, auto-enabled fabric-block-getter-api-v2, currently enabled: [vanilla, chunkpreload, cloth-config, fabric-api, fabric-api-base, fabric-api-lookup-api-v1, fabric-biome-api-v1, fabric-block-api-v1, fabric-block-getter-api-v2]
[23:39:07] [Render thread/DEBUG] (net.fabricmc.fabric.impl.resource.pack.ModPackResourcesUtil) [Fabric] cur @ vanilla, auto-enabled fabric-client-gametest-api-v1, currently enabled: [vanilla, chunkpreload, cloth-config, fabric-api, fabric-api-base, fabric-api-lookup-api-v1, fabric-biome-api-v1, fabric-block-api-v1, fabric-block-getter-api-v2, fabric-client-gametest-api-v1]
[23:39:07] [Render thread/DEBUG] (net.fabricmc.fabric.impl.resource.pack.ModPackResourcesUtil) [Fabric] cur @ vanilla, auto-enabled fabric-command-api-v2, currently enabled: [vanilla, chunkpreload, cloth-config, fabric-api, fabric-api-base, fabric-api-lookup-api-v1, fabric-biome-api-v1, fabric-block-api-v1, fabric-block-getter-api-v2, fabric-client-gametest-api-v1, fabric-command-api-v2]
[23:39:07] [Render thread/DEBUG] (net.fabricmc.fabric.impl.resource.pack.ModPackResourcesUtil) [Fabric] cur @ vanilla, auto-enabled fabric-content-registries-v0, currently enabled: [vanilla, chunkpreload, cloth-config, fabric-api, fabric-api-base, fabric-api-lookup-api-v1, fabric-biome-api-v1, fabric-block-api-v1, fabric-block-getter-api-v2, fabric-client-gametest-api-v1, fabric-command-api-v2, fabric-content-registries-v0]
[23:39:07] [Render thread/DEBUG] (net.fabricmc.fabric.impl.resource.pack.ModPackResourcesUtil) [Fabric] cur @ vanilla, auto-enabled fabric-convention-tags-v2, currently enabled: [vanilla, chunkpreload, cloth-config, fabric-api, fabric-api-base, fabric-api-lookup-api-v1, fabric-biome-api-v1, fabric-block-api-v1, fabric-block-getter-api-v2, fabric-client-gametest-api-v1, fabric-command-api-v2, fabric-content-registries-v0, fabric-convention-tags-v2]
[23:39:07] [Render thread/DEBUG] (net.fabricmc.fabric.impl.resource.pack.ModPackResourcesUtil) [Fabric] cur @ vanilla, auto-enabled fabric-crash-report-info-v1, currently enabled: [vanilla, chunkpreload, cloth-config, fabric-api, fabric-api-base, fabric-api-lookup-api-v1, fabric-biome-api-v1, fabric-block-api-v1, fabric-block-getter-api-v2, fabric-client-gametest-api-v1, fabric-command-api-v2, fabric-content-registries-v0, fabric-convention-tags-v2, fabric-crash-report-info-v1]
[23:39:07] [Render thread/DEBUG] (net.fabricmc.fabric.impl.resource.pack.ModPackResourcesUtil) [Fabric] cur @ vanilla, auto-enabled fabric-creative-tab-api-v1, currently enabled: [vanilla, chunkpreload, cloth-config, fabric-api, fabric-api-base, fabric-api-lookup-api-v1, fabric-biome-api-v1, fabric-block-api-v1, fabric-block-getter-api-v2, fabric-client-gametest-api-v1, fabric-command-api-v2, fabric-content-registries-v0, fabric-convention-tags-v2, fabric-crash-report-info-v1, fabric-creative-tab-api-v1]
[23:39:07] [Render thread/DEBUG] (net.fabricmc.fabric.impl.resource.pack.ModPackResourcesUtil) [Fabric] cur @ vanilla, auto-enabled fabric-data-attachment-api-v1, currently enabled: [vanilla, chunkpreload, cloth-config, fabric-api, fabric-api-base, fabric-api-lookup-api-v1, fabric-biome-api-v1, fabric-block-api-v1, fabric-block-getter-api-v2, fabric-client-gametest-api-v1, fabric-command-api-v2, fabric-content-registries-v0, fabric-convention-tags-v2, fabric-crash-report-info-v1, fabric-creative-tab-api-v1, fabric-data-attachment-api-v1]
[23:39:07] [Render thread/DEBUG] (net.fabricmc.fabric.impl.resource.pack.ModPackResourcesUtil) [Fabric] cur @ vanilla, auto-enabled fabric-data-generation-api-v1, currently enabled: [vanilla, chunkpreload, cloth-config, fabric-api, fabric-api-base, fabric-api-lookup-api-v1, fabric-biome-api-v1, fabric-block-api-v1, fabric-block-getter-api-v2, fabric-client-gametest-api-v1, fabric-command-api-v2, fabric-content-registries-v0, fabric-convention-tags-v2, fabric-crash-report-info-v1, fabric-creative-tab-api-v1, fabric-data-attachment-api-v1, fabric-data-generation-api-v1]
[23:39:07] [Render thread/DEBUG] (net.fabricmc.fabric.impl.resource.pack.ModPackResourcesUtil) [Fabric] cur @ vanilla, auto-enabled fabric-debug-api-v1, currently enabled: [vanilla, chunkpreload, cloth-config, fabric-api, fabric-api-base, fabric-api-lookup-api-v1, fabric-biome-api-v1, fabric-block-api-v1, fabric-block-getter-api-v2, fabric-client-gametest-api-v1, fabric-command-api-v2, fabric-content-registries-v0, fabric-convention-tags-v2, fabric-crash-report-info-v1, fabric-creative-tab-api-v1, fabric-data-attachment-api-v1, fabric-data-generation-api-v1, fabric-debug-api-v1]
[23:39:07] [Render thread/DEBUG] (net.fabricmc.fabric.impl.resource.pack.ModPackResourcesUtil) [Fabric] cur @ vanilla, auto-enabled fabric-dimensions-v1, currently enabled: [vanilla, chunkpreload, cloth-config, fabric-api, fabric-api-base, fabric-api-lookup-api-v1, fabric-biome-api-v1, fabric-block-api-v1, fabric-block-getter-api-v2, fabric-client-gametest-api-v1, fabric-command-api-v2, fabric-content-registries-v0, fabric-convention-tags-v2, fabric-crash-report-info-v1, fabric-creative-tab-api-v1, fabric-data-attachment-api-v1, fabric-data-generation-api-v1, fabric-debug-api-v1, fabric-dimensions-v1]
[23:39:07] [Render thread/DEBUG] (net.fabricmc.fabric.impl.resource.pack.ModPackResourcesUtil) [Fabric] cur @ vanilla, auto-enabled fabric-entity-events-v1, currently enabled: [vanilla, chunkpreload, cloth-config, fabric-api, fabric-api-base, fabric-api-lookup-api-v1, fabric-biome-api-v1, fabric-block-api-v1, fabric-block-getter-api-v2, fabric-client-gametest-api-v1, fabric-command-api-v2, fabric-content-registries-v0, fabric-convention-tags-v2, fabric-crash-report-info-v1, fabric-creative-tab-api-v1, fabric-data-attachment-api-v1, fabric-data-generation-api-v1, fabric-debug-api-v1, fabric-dimensions-v1, fabric-entity-events-v1]
[23:39:07] [Render thread/DEBUG] (net.fabricmc.fabric.impl.resource.pack.ModPackResourcesUtil) [Fabric] cur @ vanilla, auto-enabled fabric-events-interaction-v0, currently enabled: [vanilla, chunkpreload, cloth-config, fabric-api, fabric-api-base, fabric-api-lookup-api-v1, fabric-biome-api-v1, fabric-block-api-v1, fabric-block-getter-api-v2, fabric-client-gametest-api-v1, fabric-command-api-v2, fabric-content-registries-v0, fabric-convention-tags-v2, fabric-crash-report-info-v1, fabric-creative-tab-api-v1, fabric-data-attachment-api-v1, fabric-data-generation-api-v1, fabric-debug-api-v1, fabric-dimensions-v1, fabric-entity-events-v1, fabric-events-interaction-v0]
[23:39:07] [Render thread/DEBUG] (net.fabricmc.fabric.impl.resource.pack.ModPackResourcesUtil) [Fabric] cur @ vanilla, auto-enabled fabric-game-rule-api-v1, currently enabled: [vanilla, chunkpreload, cloth-config, fabric-api, fabric-api-base, fabric-api-lookup-api-v1, fabric-biome-api-v1, fabric-block-api-v1, fabric-block-getter-api-v2, fabric-client-gametest-api-v1, fabric-command-api-v2, fabric-content-registries-v0, fabric-convention-tags-v2, fabric-crash-report-info-v1, fabric-creative-tab-api-v1, fabric-data-attachment-api-v1, fabric-data-generation-api-v1, fabric-debug-api-v1, fabric-dimensions-v1, fabric-entity-events-v1, fabric-events-interaction-v0, fabric-game-rule-api-v1]
[23:39:07] [Render thread/DEBUG] (net.fabricmc.fabric.impl.resource.pack.ModPackResourcesUtil) [Fabric] cur @ vanilla, auto-enabled fabric-gametest-api-v1, currently enabled: [vanilla, chunkpreload, cloth-config, fabric-api, fabric-api-base, fabric-api-lookup-api-v1, fabric-biome-api-v1, fabric-block-api-v1, fabric-block-getter-api-v2, fabric-client-gametest-api-v1, fabric-command-api-v2, fabric-content-registries-v0, fabric-convention-tags-v2, fabric-crash-report-info-v1, fabric-creative-tab-api-v1, fabric-data-attachment-api-v1, fabric-data-generation-api-v1, fabric-debug-api-v1, fabric-dimensions-v1, fabric-entity-events-v1, fabric-events-interaction-v0, fabric-game-rule-api-v1, fabric-gametest-api-v1]
[23:39:07] [Render thread/DEBUG] (net.fabricmc.fabric.impl.resource.pack.ModPackResourcesUtil) [Fabric] cur @ vanilla, auto-enabled fabric-item-api-v1, currently enabled: [vanilla, chunkpreload, cloth-config, fabric-api, fabric-api-base, fabric-api-lookup-api-v1, fabric-biome-api-v1, fabric-block-api-v1, fabric-block-getter-api-v2, fabric-client-gametest-api-v1, fabric-command-api-v2, fabric-content-registries-v0, fabric-convention-tags-v2, fabric-crash-report-info-v1, fabric-creative-tab-api-v1, fabric-data-attachment-api-v1, fabric-data-generation-api-v1, fabric-debug-api-v1, fabric-dimensions-v1, fabric-entity-events-v1, fabric-events-interaction-v0, fabric-game-rule-api-v1, fabric-gametest-api-v1, fabric-item-api-v1]
[23:39:07] [Render thread/DEBUG] (net.fabricmc.fabric.impl.resource.pack.ModPackResourcesUtil) [Fabric] cur @ vanilla, auto-enabled fabric-key-mapping-api-v1, currently enabled: [vanilla, chunkpreload, cloth-config, fabric-api, fabric-api-base, fabric-api-lookup-api-v1, fabric-biome-api-v1, fabric-block-api-v1, fabric-block-getter-api-v2, fabric-client-gametest-api-v1, fabric-command-api-v2, fabric-content-registries-v0, fabric-convention-tags-v2, fabric-crash-report-info-v1, fabric-creative-tab-api-v1, fabric-data-attachment-api-v1, fabric-data-generation-api-v1, fabric-debug-api-v1, fabric-dimensions-v1, fabric-entity-events-v1, fabric-events-interaction-v0, fabric-game-rule-api-v1, fabric-gametest-api-v1, fabric-item-api-v1, fabric-key-mapping-api-v1]
[23:39:07] [Render thread/DEBUG] (net.fabricmc.fabric.impl.resource.pack.ModPackResourcesUtil) [Fabric] cur @ vanilla, auto-enabled fabric-lifecycle-events-v1, currently enabled: [vanilla, chunkpreload, cloth-config, fabric-api, fabric-api-base, fabric-api-lookup-api-v1, fabric-biome-api-v1, fabric-block-api-v1, fabric-block-getter-api-v2, fabric-client-gametest-api-v1, fabric-command-api-v2, fabric-content-registries-v0, fabric-convention-tags-v2, fabric-crash-report-info-v1, fabric-creative-tab-api-v1, fabric-data-attachment-api-v1, fabric-data-generation-api-v1, fabric-debug-api-v1, fabric-dimensions-v1, fabric-entity-events-v1, fabric-events-interaction-v0, fabric-game-rule-api-v1, fabric-gametest-api-v1, fabric-item-api-v1, fabric-key-mapping-api-v1, fabric-lifecycle-events-v1]
[23:39:07] [Render thread/DEBUG] (net.fabricmc.fabric.impl.resource.pack.ModPackResourcesUtil) [Fabric] cur @ vanilla, auto-enabled fabric-loot-api-v3, currently enabled: [vanilla, chunkpreload, cloth-config, fabric-api, fabric-api-base, fabric-api-lookup-api-v1, fabric-biome-api-v1, fabric-block-api-v1, fabric-block-getter-api-v2, fabric-client-gametest-api-v1, fabric-command-api-v2, fabric-content-registries-v0, fabric-convention-tags-v2, fabric-crash-report-info-v1, fabric-creative-tab-api-v1, fabric-data-attachment-api-v1, fabric-data-generation-api-v1, fabric-debug-api-v1, fabric-dimensions-v1, fabric-entity-events-v1, fabric-events-interaction-v0, fabric-game-rule-api-v1, fabric-gametest-api-v1, fabric-item-api-v1, fabric-key-mapping-api-v1, fabric-lifecycle-events-v1, fabric-loot-api-v3]
[23:39:07] [Render thread/DEBUG] (net.fabricmc.fabric.impl.resource.pack.ModPackResourcesUtil) [Fabric] cur @ vanilla, auto-enabled fabric-menu-api-v1, currently enabled: [vanilla, chunkpreload, cloth-config, fabric-api, fabric-api-base, fabric-api-lookup-api-v1, fabric-biome-api-v1, fabric-block-api-v1, fabric-block-getter-api-v2, fabric-client-gametest-api-v1, fabric-command-api-v2, fabric-content-registries-v0, fabric-convention-tags-v2, fabric-crash-report-info-v1, fabric-creative-tab-api-v1, fabric-data-attachment-api-v1, fabric-data-generation-api-v1, fabric-debug-api-v1, fabric-dimensions-v1, fabric-entity-events-v1, fabric-events-interaction-v0, fabric-game-rule-api-v1, fabric-gametest-api-v1, fabric-item-api-v1, fabric-key-mapping-api-v1, fabric-lifecycle-events-v1, fabric-loot-api-v3, fabric-menu-api-v1]
[23:39:07] [Render thread/DEBUG] (net.fabricmc.fabric.impl.resource.pack.ModPackResourcesUtil) [Fabric] cur @ vanilla, auto-enabled fabric-message-api-v1, currently enabled: [vanilla, chunkpreload, cloth-config, fabric-api, fabric-api-base, fabric-api-lookup-api-v1, fabric-biome-api-v1, fabric-block-api-v1, fabric-block-getter-api-v2, fabric-client-gametest-api-v1, fabric-command-api-v2, fabric-content-registries-v0, fabric-convention-tags-v2, fabric-crash-report-info-v1, fabric-creative-tab-api-v1, fabric-data-attachment-api-v1, fabric-data-generation-api-v1, fabric-debug-api-v1, fabric-dimensions-v1, fabric-entity-events-v1, fabric-events-interaction-v0, fabric-game-rule-api-v1, fabric-gametest-api-v1, fabric-item-api-v1, fabric-key-mapping-api-v1, fabric-lifecycle-events-v1, fabric-loot-api-v3, fabric-menu-api-v1, fabric-message-api-v1]
[23:39:07] [Render thread/DEBUG] (net.fabricmc.fabric.impl.resource.pack.ModPackResourcesUtil) [Fabric] cur @ vanilla, auto-enabled fabric-model-loading-api-v1, currently enabled: [vanilla, chunkpreload, cloth-config, fabric-api, fabric-api-base, fabric-api-lookup-api-v1, fabric-biome-api-v1, fabric-block-api-v1, fabric-block-getter-api-v2, fabric-client-gametest-api-v1, fabric-command-api-v2, fabric-content-registries-v0, fabric-convention-tags-v2, fabric-crash-report-info-v1, fabric-creative-tab-api-v1, fabric-data-attachment-api-v1, fabric-data-generation-api-v1, fabric-debug-api-v1, fabric-dimensions-v1, fabric-entity-events-v1, fabric-events-interaction-v0, fabric-game-rule-api-v1, fabric-gametest-api-v1, fabric-item-api-v1, fabric-key-mapping-api-v1, fabric-lifecycle-events-v1, fabric-loot-api-v3, fabric-menu-api-v1, fabric-message-api-v1, fabric-model-loading-api-v1]
[23:39:07] [Render thread/DEBUG] (net.fabricmc.fabric.impl.resource.pack.ModPackResourcesUtil) [Fabric] cur @ vanilla, auto-enabled fabric-networking-api-v1, currently enabled: [vanilla, chunkpreload, cloth-config, fabric-api, fabric-api-base, fabric-api-lookup-api-v1, fabric-biome-api-v1, fabric-block-api-v1, fabric-block-getter-api-v2, fabric-client-gametest-api-v1, fabric-command-api-v2, fabric-content-registries-v0, fabric-convention-tags-v2, fabric-crash-report-info-v1, fabric-creative-tab-api-v1, fabric-data-attachment-api-v1, fabric-data-generation-api-v1, fabric-debug-api-v1, fabric-dimensions-v1, fabric-entity-events-v1, fabric-events-interaction-v0, fabric-game-rule-api-v1, fabric-gametest-api-v1, fabric-item-api-v1, fabric-key-mapping-api-v1, fabric-lifecycle-events-v1, fabric-loot-api-v3, fabric-menu-api-v1, fabric-message-api-v1, fabric-model-loading-api-v1, fabric-networking-api-v1]
[23:39:07] [Render thread/DEBUG] (net.fabricmc.fabric.impl.resource.pack.ModPackResourcesUtil) [Fabric] cur @ vanilla, auto-enabled fabric-object-builder-api-v1, currently enabled: [vanilla, chunkpreload, cloth-config, fabric-api, fabric-api-base, fabric-api-lookup-api-v1, fabric-biome-api-v1, fabric-block-api-v1, fabric-block-getter-api-v2, fabric-client-gametest-api-v1, fabric-command-api-v2, fabric-content-registries-v0, fabric-convention-tags-v2, fabric-crash-report-info-v1, fabric-creative-tab-api-v1, fabric-data-attachment-api-v1, fabric-data-generation-api-v1, fabric-debug-api-v1, fabric-dimensions-v1, fabric-entity-events-v1, fabric-events-interaction-v0, fabric-game-rule-api-v1, fabric-gametest-api-v1, fabric-item-api-v1, fabric-key-mapping-api-v1, fabric-lifecycle-events-v1, fabric-loot-api-v3, fabric-menu-api-v1, fabric-message-api-v1, fabric-model-loading-api-v1, fabric-networking-api-v1, fabric-object-builder-api-v1]
[23:39:07] [Render thread/DEBUG] (net.fabricmc.fabric.impl.resource.pack.ModPackResourcesUtil) [Fabric] cur @ vanilla, auto-enabled fabric-particles-v1, currently enabled: [vanilla, chunkpreload, cloth-config, fabric-api, fabric-api-base, fabric-api-lookup-api-v1, fabric-biome-api-v1, fabric-block-api-v1, fabric-block-getter-api-v2, fabric-client-gametest-api-v1, fabric-command-api-v2, fabric-content-registries-v0, fabric-convention-tags-v2, fabric-crash-report-info-v1, fabric-creative-tab-api-v1, fabric-data-attachment-api-v1, fabric-data-generation-api-v1, fabric-debug-api-v1, fabric-dimensions-v1, fabric-entity-events-v1, fabric-events-interaction-v0, fabric-game-rule-api-v1, fabric-gametest-api-v1, fabric-item-api-v1, fabric-key-mapping-api-v1, fabric-lifecycle-events-v1, fabric-loot-api-v3, fabric-menu-api-v1, fabric-message-api-v1, fabric-model-loading-api-v1, fabric-networking-api-v1, fabric-object-builder-api-v1, fabric-particles-v1]
[23:39:07] [Render thread/DEBUG] (net.fabricmc.fabric.impl.resource.pack.ModPackResourcesUtil) [Fabric] cur @ vanilla, auto-enabled fabric-permission-api-v1, currently enabled: [vanilla, chunkpreload, cloth-config, fabric-api, fabric-api-base, fabric-api-lookup-api-v1, fabric-biome-api-v1, fabric-block-api-v1, fabric-block-getter-api-v2, fabric-client-gametest-api-v1, fabric-command-api-v2, fabric-content-registries-v0, fabric-convention-tags-v2, fabric-crash-report-info-v1, fabric-creative-tab-api-v1, fabric-data-attachment-api-v1, fabric-data-generation-api-v1, fabric-debug-api-v1, fabric-dimensions-v1, fabric-entity-events-v1, fabric-events-interaction-v0, fabric-game-rule-api-v1, fabric-gametest-api-v1, fabric-item-api-v1, fabric-key-mapping-api-v1, fabric-lifecycle-events-v1, fabric-loot-api-v3, fabric-menu-api-v1, fabric-message-api-v1, fabric-model-loading-api-v1, fabric-networking-api-v1, fabric-object-builder-api-v1, fabric-particles-v1, fabric-permission-api-v1]
[23:39:07] [Render thread/DEBUG] (net.fabricmc.fabric.impl.resource.pack.ModPackResourcesUtil) [Fabric] cur @ vanilla, auto-enabled fabric-recipe-api-v1, currently enabled: [vanilla, chunkpreload, cloth-config, fabric-api, fabric-api-base, fabric-api-lookup-api-v1, fabric-biome-api-v1, fabric-block-api-v1, fabric-block-getter-api-v2, fabric-client-gametest-api-v1, fabric-command-api-v2, fabric-content-registries-v0, fabric-convention-tags-v2, fabric-crash-report-info-v1, fabric-creative-tab-api-v1, fabric-data-attachment-api-v1, fabric-data-generation-api-v1, fabric-debug-api-v1, fabric-dimensions-v1, fabric-entity-events-v1, fabric-events-interaction-v0, fabric-game-rule-api-v1, fabric-gametest-api-v1, fabric-item-api-v1, fabric-key-mapping-api-v1, fabric-lifecycle-events-v1, fabric-loot-api-v3, fabric-menu-api-v1, fabric-message-api-v1, fabric-model-loading-api-v1, fabric-networking-api-v1, fabric-object-builder-api-v1, fabric-particles-v1, fabric-permission-api-v1, fabric-recipe-api-v1]
[23:39:07] [Render thread/DEBUG] (net.fabricmc.fabric.impl.resource.pack.ModPackResourcesUtil) [Fabric] cur @ vanilla, auto-enabled fabric-registry-sync-v0, currently enabled: [vanilla, chunkpreload, cloth-config, fabric-api, fabric-api-base, fabric-api-lookup-api-v1, fabric-biome-api-v1, fabric-block-api-v1, fabric-block-getter-api-v2, fabric-client-gametest-api-v1, fabric-command-api-v2, fabric-content-registries-v0, fabric-convention-tags-v2, fabric-crash-report-info-v1, fabric-creative-tab-api-v1, fabric-data-attachment-api-v1, fabric-data-generation-api-v1, fabric-debug-api-v1, fabric-dimensions-v1, fabric-entity-events-v1, fabric-events-interaction-v0, fabric-game-rule-api-v1, fabric-gametest-api-v1, fabric-item-api-v1, fabric-key-mapping-api-v1, fabric-lifecycle-events-v1, fabric-loot-api-v3, fabric-menu-api-v1, fabric-message-api-v1, fabric-model-loading-api-v1, fabric-networking-api-v1, fabric-object-builder-api-v1, fabric-particles-v1, fabric-permission-api-v1, fabric-recipe-api-v1, fabric-registry-sync-v0]
[23:39:07] [Render thread/DEBUG] (net.fabricmc.fabric.impl.resource.pack.ModPackResourcesUtil) [Fabric] cur @ vanilla, auto-enabled fabric-renderer-api-v1, currently enabled: [vanilla, chunkpreload, cloth-config, fabric-api, fabric-api-base, fabric-api-lookup-api-v1, fabric-biome-api-v1, fabric-block-api-v1, fabric-block-getter-api-v2, fabric-client-gametest-api-v1, fabric-command-api-v2, fabric-content-registries-v0, fabric-convention-tags-v2, fabric-crash-report-info-v1, fabric-creative-tab-api-v1, fabric-data-attachment-api-v1, fabric-data-generation-api-v1, fabric-debug-api-v1, fabric-dimensions-v1, fabric-entity-events-v1, fabric-events-interaction-v0, fabric-game-rule-api-v1, fabric-gametest-api-v1, fabric-item-api-v1, fabric-key-mapping-api-v1, fabric-lifecycle-events-v1, fabric-loot-api-v3, fabric-menu-api-v1, fabric-message-api-v1, fabric-model-loading-api-v1, fabric-networking-api-v1, fabric-object-builder-api-v1, fabric-particles-v1, fabric-permission-api-v1, fabric-recipe-api-v1, fabric-registry-sync-v0, fabric-renderer-api-v1]
[23:39:07] [Render thread/DEBUG] (net.fabricmc.fabric.impl.resource.pack.ModPackResourcesUtil) [Fabric] cur @ vanilla, auto-enabled fabric-renderer-indigo, currently enabled: [vanilla, chunkpreload, cloth-config, fabric-api, fabric-api-base, fabric-api-lookup-api-v1, fabric-biome-api-v1, fabric-block-api-v1, fabric-block-getter-api-v2, fabric-client-gametest-api-v1, fabric-command-api-v2, fabric-content-registries-v0, fabric-convention-tags-v2, fabric-crash-report-info-v1, fabric-creative-tab-api-v1, fabric-data-attachment-api-v1, fabric-data-generation-api-v1, fabric-debug-api-v1, fabric-dimensions-v1, fabric-entity-events-v1, fabric-events-interaction-v0, fabric-game-rule-api-v1, fabric-gametest-api-v1, fabric-item-api-v1, fabric-key-mapping-api-v1, fabric-lifecycle-events-v1, fabric-loot-api-v3, fabric-menu-api-v1, fabric-message-api-v1, fabric-model-loading-api-v1, fabric-networking-api-v1, fabric-object-builder-api-v1, fabric-particles-v1, fabric-permission-api-v1, fabric-recipe-api-v1, fabric-registry-sync-v0, fabric-renderer-api-v1, fabric-renderer-indigo]
[23:39:07] [Render thread/DEBUG] (net.fabricmc.fabric.impl.resource.pack.ModPackResourcesUtil) [Fabric] cur @ vanilla, auto-enabled fabric-rendering-fluids-v1, currently enabled: [vanilla, chunkpreload, cloth-config, fabric-api, fabric-api-base, fabric-api-lookup-api-v1, fabric-biome-api-v1, fabric-block-api-v1, fabric-block-getter-api-v2, fabric-client-gametest-api-v1, fabric-command-api-v2, fabric-content-registries-v0, fabric-convention-tags-v2, fabric-crash-report-info-v1, fabric-creative-tab-api-v1, fabric-data-attachment-api-v1, fabric-data-generation-api-v1, fabric-debug-api-v1, fabric-dimensions-v1, fabric-entity-events-v1, fabric-events-interaction-v0, fabric-game-rule-api-v1, fabric-gametest-api-v1, fabric-item-api-v1, fabric-key-mapping-api-v1, fabric-lifecycle-events-v1, fabric-loot-api-v3, fabric-menu-api-v1, fabric-message-api-v1, fabric-model-loading-api-v1, fabric-networking-api-v1, fabric-object-builder-api-v1, fabric-particles-v1, fabric-permission-api-v1, fabric-recipe-api-v1, fabric-registry-sync-v0, fabric-renderer-api-v1, fabric-renderer-indigo, fabric-rendering-fluids-v1]
[23:39:07] [Render thread/DEBUG] (net.fabricmc.fabric.impl.resource.pack.ModPackResourcesUtil) [Fabric] cur @ vanilla, auto-enabled fabric-rendering-v1, currently enabled: [vanilla, chunkpreload, cloth-config, fabric-api, fabric-api-base, fabric-api-lookup-api-v1, fabric-biome-api-v1, fabric-block-api-v1, fabric-block-getter-api-v2, fabric-client-gametest-api-v1, fabric-command-api-v2, fabric-content-registries-v0, fabric-convention-tags-v2, fabric-crash-report-info-v1, fabric-creative-tab-api-v1, fabric-data-attachment-api-v1, fabric-data-generation-api-v1, fabric-debug-api-v1, fabric-dimensions-v1, fabric-entity-events-v1, fabric-events-interaction-v0, fabric-game-rule-api-v1, fabric-gametest-api-v1, fabric-item-api-v1, fabric-key-mapping-api-v1, fabric-lifecycle-events-v1, fabric-loot-api-v3, fabric-menu-api-v1, fabric-message-api-v1, fabric-model-loading-api-v1, fabric-networking-api-v1, fabric-object-builder-api-v1, fabric-particles-v1, fabric-permission-api-v1, fabric-recipe-api-v1, fabric-registry-sync-v0, fabric-renderer-api-v1, fabric-renderer-indigo, fabric-rendering-fluids-v1, fabric-rendering-v1]
[23:39:07] [Render thread/DEBUG] (net.fabricmc.fabric.impl.resource.pack.ModPackResourcesUtil) [Fabric] cur @ vanilla, auto-enabled fabric-resource-conditions-api-v1, currently enabled: [vanilla, chunkpreload, cloth-config, fabric-api, fabric-api-base, fabric-api-lookup-api-v1, fabric-biome-api-v1, fabric-block-api-v1, fabric-block-getter-api-v2, fabric-client-gametest-api-v1, fabric-command-api-v2, fabric-content-registries-v0, fabric-convention-tags-v2, fabric-crash-report-info-v1, fabric-creative-tab-api-v1, fabric-data-attachment-api-v1, fabric-data-generation-api-v1, fabric-debug-api-v1, fabric-dimensions-v1, fabric-entity-events-v1, fabric-events-interaction-v0, fabric-game-rule-api-v1, fabric-gametest-api-v1, fabric-item-api-v1, fabric-key-mapping-api-v1, fabric-lifecycle-events-v1, fabric-loot-api-v3, fabric-menu-api-v1, fabric-message-api-v1, fabric-model-loading-api-v1, fabric-networking-api-v1, fabric-object-builder-api-v1, fabric-particles-v1, fabric-permission-api-v1, fabric-recipe-api-v1, fabric-registry-sync-v0, fabric-renderer-api-v1, fabric-renderer-indigo, fabric-rendering-fluids-v1, fabric-rendering-v1, fabric-resource-conditions-api-v1]
[23:39:07] [Render thread/DEBUG] (net.fabricmc.fabric.impl.resource.pack.ModPackResourcesUtil) [Fabric] cur @ vanilla, auto-enabled fabric-resource-loader-v0, currently enabled: [vanilla, chunkpreload, cloth-config, fabric-api, fabric-api-base, fabric-api-lookup-api-v1, fabric-biome-api-v1, fabric-block-api-v1, fabric-block-getter-api-v2, fabric-client-gametest-api-v1, fabric-command-api-v2, fabric-content-registries-v0, fabric-convention-tags-v2, fabric-crash-report-info-v1, fabric-creative-tab-api-v1, fabric-data-attachment-api-v1, fabric-data-generation-api-v1, fabric-debug-api-v1, fabric-dimensions-v1, fabric-entity-events-v1, fabric-events-interaction-v0, fabric-game-rule-api-v1, fabric-gametest-api-v1, fabric-item-api-v1, fabric-key-mapping-api-v1, fabric-lifecycle-events-v1, fabric-loot-api-v3, fabric-menu-api-v1, fabric-message-api-v1, fabric-model-loading-api-v1, fabric-networking-api-v1, fabric-object-builder-api-v1, fabric-particles-v1, fabric-permission-api-v1, fabric-recipe-api-v1, fabric-registry-sync-v0, fabric-renderer-api-v1, fabric-renderer-indigo, fabric-rendering-fluids-v1, fabric-rendering-v1, fabric-resource-conditions-api-v1, fabric-resource-loader-v0]
[23:39:07] [Render thread/DEBUG] (net.fabricmc.fabric.impl.resource.pack.ModPackResourcesUtil) [Fabric] cur @ vanilla, auto-enabled fabric-resource-loader-v1, currently enabled: [vanilla, chunkpreload, cloth-config, fabric-api, fabric-api-base, fabric-api-lookup-api-v1, fabric-biome-api-v1, fabric-block-api-v1, fabric-block-getter-api-v2, fabric-client-gametest-api-v1, fabric-command-api-v2, fabric-content-registries-v0, fabric-convention-tags-v2, fabric-crash-report-info-v1, fabric-creative-tab-api-v1, fabric-data-attachment-api-v1, fabric-data-generation-api-v1, fabric-debug-api-v1, fabric-dimensions-v1, fabric-entity-events-v1, fabric-events-interaction-v0, fabric-game-rule-api-v1, fabric-gametest-api-v1, fabric-item-api-v1, fabric-key-mapping-api-v1, fabric-lifecycle-events-v1, fabric-loot-api-v3, fabric-menu-api-v1, fabric-message-api-v1, fabric-model-loading-api-v1, fabric-networking-api-v1, fabric-object-builder-api-v1, fabric-particles-v1, fabric-permission-api-v1, fabric-recipe-api-v1, fabric-registry-sync-v0, fabric-renderer-api-v1, fabric-renderer-indigo, fabric-rendering-fluids-v1, fabric-rendering-v1, fabric-resource-conditions-api-v1, fabric-resource-loader-v0, fabric-resource-loader-v1]
[23:39:07] [Render thread/DEBUG] (net.fabricmc.fabric.impl.resource.pack.ModPackResourcesUtil) [Fabric] cur @ vanilla, auto-enabled fabric-screen-api-v1, currently enabled: [vanilla, chunkpreload, cloth-config, fabric-api, fabric-api-base, fabric-api-lookup-api-v1, fabric-biome-api-v1, fabric-block-api-v1, fabric-block-getter-api-v2, fabric-client-gametest-api-v1, fabric-command-api-v2, fabric-content-registries-v0, fabric-convention-tags-v2, fabric-crash-report-info-v1, fabric-creative-tab-api-v1, fabric-data-attachment-api-v1, fabric-data-generation-api-v1, fabric-debug-api-v1, fabric-dimensions-v1, fabric-entity-events-v1, fabric-events-interaction-v0, fabric-game-rule-api-v1, fabric-gametest-api-v1, fabric-item-api-v1, fabric-key-mapping-api-v1, fabric-lifecycle-events-v1, fabric-loot-api-v3, fabric-menu-api-v1, fabric-message-api-v1, fabric-model-loading-api-v1, fabric-networking-api-v1, fabric-object-builder-api-v1, fabric-particles-v1, fabric-permission-api-v1, fabric-recipe-api-v1, fabric-registry-sync-v0, fabric-renderer-api-v1, fabric-renderer-indigo, fabric-rendering-fluids-v1, fabric-rendering-v1, fabric-resource-conditions-api-v1, fabric-resource-loader-v0, fabric-resource-loader-v1, fabric-screen-api-v1]
[23:39:07] [Render thread/DEBUG] (net.fabricmc.fabric.impl.resource.pack.ModPackResourcesUtil) [Fabric] cur @ vanilla, auto-enabled fabric-serialization-api-v1, currently enabled: [vanilla, chunkpreload, cloth-config, fabric-api, fabric-api-base, fabric-api-lookup-api-v1, fabric-biome-api-v1, fabric-block-api-v1, fabric-block-getter-api-v2, fabric-client-gametest-api-v1, fabric-command-api-v2, fabric-content-registries-v0, fabric-convention-tags-v2, fabric-crash-report-info-v1, fabric-creative-tab-api-v1, fabric-data-attachment-api-v1, fabric-data-generation-api-v1, fabric-debug-api-v1, fabric-dimensions-v1, fabric-entity-events-v1, fabric-events-interaction-v0, fabric-game-rule-api-v1, fabric-gametest-api-v1, fabric-item-api-v1, fabric-key-mapping-api-v1, fabric-lifecycle-events-v1, fabric-loot-api-v3, fabric-menu-api-v1, fabric-message-api-v1, fabric-model-loading-api-v1, fabric-networking-api-v1, fabric-object-builder-api-v1, fabric-particles-v1, fabric-permission-api-v1, fabric-recipe-api-v1, fabric-registry-sync-v0, fabric-renderer-api-v1, fabric-renderer-indigo, fabric-rendering-fluids-v1, fabric-rendering-v1, fabric-resource-conditions-api-v1, fabric-resource-loader-v0, fabric-resource-loader-v1, fabric-screen-api-v1, fabric-serialization-api-v1]
[23:39:07] [Render thread/DEBUG] (net.fabricmc.fabric.impl.resource.pack.ModPackResourcesUtil) [Fabric] cur @ vanilla, auto-enabled fabric-sound-api-v1, currently enabled: [vanilla, chunkpreload, cloth-config, fabric-api, fabric-api-base, fabric-api-lookup-api-v1, fabric-biome-api-v1, fabric-block-api-v1, fabric-block-getter-api-v2, fabric-client-gametest-api-v1, fabric-command-api-v2, fabric-content-registries-v0, fabric-convention-tags-v2, fabric-crash-report-info-v1, fabric-creative-tab-api-v1, fabric-data-attachment-api-v1, fabric-data-generation-api-v1, fabric-debug-api-v1, fabric-dimensions-v1, fabric-entity-events-v1, fabric-events-interaction-v0, fabric-game-rule-api-v1, fabric-gametest-api-v1, fabric-item-api-v1, fabric-key-mapping-api-v1, fabric-lifecycle-events-v1, fabric-loot-api-v3, fabric-menu-api-v1, fabric-message-api-v1, fabric-model-loading-api-v1, fabric-networking-api-v1, fabric-object-builder-api-v1, fabric-particles-v1, fabric-permission-api-v1, fabric-recipe-api-v1, fabric-registry-sync-v0, fabric-renderer-api-v1, fabric-renderer-indigo, fabric-rendering-fluids-v1, fabric-rendering-v1, fabric-resource-conditions-api-v1, fabric-resource-loader-v0, fabric-resource-loader-v1, fabric-screen-api-v1, fabric-serialization-api-v1, fabric-sound-api-v1]
[23:39:07] [Render thread/DEBUG] (net.fabricmc.fabric.impl.resource.pack.ModPackResourcesUtil) [Fabric] cur @ vanilla, auto-enabled fabric-tag-api-v1, currently enabled: [vanilla, chunkpreload, cloth-config, fabric-api, fabric-api-base, fabric-api-lookup-api-v1, fabric-biome-api-v1, fabric-block-api-v1, fabric-block-getter-api-v2, fabric-client-gametest-api-v1, fabric-command-api-v2, fabric-content-registries-v0, fabric-convention-tags-v2, fabric-crash-report-info-v1, fabric-creative-tab-api-v1, fabric-data-attachment-api-v1, fabric-data-generation-api-v1, fabric-debug-api-v1, fabric-dimensions-v1, fabric-entity-events-v1, fabric-events-interaction-v0, fabric-game-rule-api-v1, fabric-gametest-api-v1, fabric-item-api-v1, fabric-key-mapping-api-v1, fabric-lifecycle-events-v1, fabric-loot-api-v3, fabric-menu-api-v1, fabric-message-api-v1, fabric-model-loading-api-v1, fabric-networking-api-v1, fabric-object-builder-api-v1, fabric-particles-v1, fabric-permission-api-v1, fabric-recipe-api-v1, fabric-registry-sync-v0, fabric-renderer-api-v1, fabric-renderer-indigo, fabric-rendering-fluids-v1, fabric-rendering-v1, fabric-resource-conditions-api-v1, fabric-resource-loader-v0, fabric-resource-loader-v1, fabric-screen-api-v1, fabric-serialization-api-v1, fabric-sound-api-v1, fabric-tag-api-v1]
[23:39:07] [Render thread/DEBUG] (net.fabricmc.fabric.impl.resource.pack.ModPackResourcesUtil) [Fabric] cur @ vanilla, auto-enabled fabric-transfer-api-v1, currently enabled: [vanilla, chunkpreload, cloth-config, fabric-api, fabric-api-base, fabric-api-lookup-api-v1, fabric-biome-api-v1, fabric-block-api-v1, fabric-block-getter-api-v2, fabric-client-gametest-api-v1, fabric-command-api-v2, fabric-content-registries-v0, fabric-convention-tags-v2, fabric-crash-report-info-v1, fabric-creative-tab-api-v1, fabric-data-attachment-api-v1, fabric-data-generation-api-v1, fabric-debug-api-v1, fabric-dimensions-v1, fabric-entity-events-v1, fabric-events-interaction-v0, fabric-game-rule-api-v1, fabric-gametest-api-v1, fabric-item-api-v1, fabric-key-mapping-api-v1, fabric-lifecycle-events-v1, fabric-loot-api-v3, fabric-menu-api-v1, fabric-message-api-v1, fabric-model-loading-api-v1, fabric-networking-api-v1, fabric-object-builder-api-v1, fabric-particles-v1, fabric-permission-api-v1, fabric-recipe-api-v1, fabric-registry-sync-v0, fabric-renderer-api-v1, fabric-renderer-indigo, fabric-rendering-fluids-v1, fabric-rendering-v1, fabric-resource-conditions-api-v1, fabric-resource-loader-v0, fabric-resource-loader-v1, fabric-screen-api-v1, fabric-serialization-api-v1, fabric-sound-api-v1, fabric-tag-api-v1, fabric-transfer-api-v1]
[23:39:07] [Render thread/DEBUG] (net.fabricmc.fabric.impl.resource.pack.ModPackResourcesUtil) [Fabric] cur @ vanilla, auto-enabled fabric-transitive-access-wideners-v1, currently enabled: [vanilla, chunkpreload, cloth-config, fabric-api, fabric-api-base, fabric-api-lookup-api-v1, fabric-biome-api-v1, fabric-block-api-v1, fabric-block-getter-api-v2, fabric-client-gametest-api-v1, fabric-command-api-v2, fabric-content-registries-v0, fabric-convention-tags-v2, fabric-crash-report-info-v1, fabric-creative-tab-api-v1, fabric-data-attachment-api-v1, fabric-data-generation-api-v1, fabric-debug-api-v1, fabric-dimensions-v1, fabric-entity-events-v1, fabric-events-interaction-v0, fabric-game-rule-api-v1, fabric-gametest-api-v1, fabric-item-api-v1, fabric-key-mapping-api-v1, fabric-lifecycle-events-v1, fabric-loot-api-v3, fabric-menu-api-v1, fabric-message-api-v1, fabric-model-loading-api-v1, fabric-networking-api-v1, fabric-object-builder-api-v1, fabric-particles-v1, fabric-permission-api-v1, fabric-recipe-api-v1, fabric-registry-sync-v0, fabric-renderer-api-v1, fabric-renderer-indigo, fabric-rendering-fluids-v1, fabric-rendering-v1, fabric-resource-conditions-api-v1, fabric-resource-loader-v0, fabric-resource-loader-v1, fabric-screen-api-v1, fabric-serialization-api-v1, fabric-sound-api-v1, fabric-tag-api-v1, fabric-transfer-api-v1, fabric-transitive-access-wideners-v1]
[23:39:07] [Render thread/DEBUG] (net.fabricmc.fabric.impl.resource.pack.ModPackResourcesUtil) [Fabric] cur @ vanilla, auto-enabled fabricloader, currently enabled: [vanilla, chunkpreload, cloth-config, fabric-api, fabric-api-base, fabric-api-lookup-api-v1, fabric-biome-api-v1, fabric-block-api-v1, fabric-block-getter-api-v2, fabric-client-gametest-api-v1, fabric-command-api-v2, fabric-content-registries-v0, fabric-convention-tags-v2, fabric-crash-report-info-v1, fabric-creative-tab-api-v1, fabric-data-attachment-api-v1, fabric-data-generation-api-v1, fabric-debug-api-v1, fabric-dimensions-v1, fabric-entity-events-v1, fabric-events-interaction-v0, fabric-game-rule-api-v1, fabric-gametest-api-v1, fabric-item-api-v1, fabric-key-mapping-api-v1, fabric-lifecycle-events-v1, fabric-loot-api-v3, fabric-menu-api-v1, fabric-message-api-v1, fabric-model-loading-api-v1, fabric-networking-api-v1, fabric-object-builder-api-v1, fabric-particles-v1, fabric-permission-api-v1, fabric-recipe-api-v1, fabric-registry-sync-v0, fabric-renderer-api-v1, fabric-renderer-indigo, fabric-rendering-fluids-v1, fabric-rendering-v1, fabric-resource-conditions-api-v1, fabric-resource-loader-v0, fabric-resource-loader-v1, fabric-screen-api-v1, fabric-serialization-api-v1, fabric-sound-api-v1, fabric-tag-api-v1, fabric-transfer-api-v1, fabric-transitive-access-wideners-v1, fabricloader]
[23:39:07] [Render thread/DEBUG] (net.fabricmc.fabric.impl.resource.pack.ModPackResourcesUtil) [Fabric] Final sorting result: [vanilla, chunkpreload, cloth-config, fabric-api, fabric-api-base, fabric-api-lookup-api-v1, fabric-biome-api-v1, fabric-block-api-v1, fabric-block-getter-api-v2, fabric-client-gametest-api-v1, fabric-command-api-v2, fabric-content-registries-v0, fabric-convention-tags-v2, fabric-crash-report-info-v1, fabric-creative-tab-api-v1, fabric-data-attachment-api-v1, fabric-data-generation-api-v1, fabric-debug-api-v1, fabric-dimensions-v1, fabric-entity-events-v1, fabric-events-interaction-v0, fabric-game-rule-api-v1, fabric-gametest-api-v1, fabric-item-api-v1, fabric-key-mapping-api-v1, fabric-lifecycle-events-v1, fabric-loot-api-v3, fabric-menu-api-v1, fabric-message-api-v1, fabric-model-loading-api-v1, fabric-networking-api-v1, fabric-object-builder-api-v1, fabric-particles-v1, fabric-permission-api-v1, fabric-recipe-api-v1, fabric-registry-sync-v0, fabric-renderer-api-v1, fabric-renderer-indigo, fabric-rendering-fluids-v1, fabric-rendering-v1, fabric-resource-conditions-api-v1, fabric-resource-loader-v0, fabric-resource-loader-v1, fabric-screen-api-v1, fabric-serialization-api-v1, fabric-sound-api-v1, fabric-tag-api-v1, fabric-transfer-api-v1, fabric-transitive-access-wideners-v1, fabricloader]
[23:39:07] [Render thread/DEBUG] (FabricLoader/Mixin) Mixing KeyedClientResourceReloadListenerMixin from fabric-resource-loader-v1.client.mixins.json into net.minecraft.client.resources.language.LanguageManager
[23:39:07] [Render thread/DEBUG] (FabricLoader/Mixin) Mixing KeyedClientResourceReloadListenerMixin from fabric-resource-loader-v1.client.mixins.json into net.minecraft.client.renderer.texture.TextureManager
[23:39:07] [Render thread/DEBUG] (FabricLoader/Mixin) Mixing KeyedClientResourceReloadListenerMixin from fabric-resource-loader-v1.client.mixins.json into net.minecraft.client.renderer.ShaderManager
[23:39:07] [Render thread/DEBUG] (FabricLoader/Mixin) Mixing KeyedClientResourceReloadListenerMixin from fabric-resource-loader-v1.client.mixins.json into net.minecraft.client.sounds.SoundManager
[23:39:07] [Render thread/DEBUG] (FabricLoader/Mixin) Mixing SoundEngineMixin from fabric-sound-api-v1.mixins.json into net.minecraft.client.sounds.SoundEngine
[23:39:07] [Render thread/DEBUG] (com.mojang.blaze3d.audio.Library) Using SOFT_system_events callback for tracking audio device changes
[23:39:07] [Render thread/DEBUG] (FabricLoader/Mixin) Mixing KeyedClientResourceReloadListenerMixin from fabric-resource-loader-v1.client.mixins.json into net.minecraft.client.resources.model.sprite.AtlasManager
[23:39:07] [Render thread/DEBUG] (FabricLoader/Mixin) Mixing AtlasManagerAccessor from fabric-rendering-v1.mixins.json into net.minecraft.client.resources.model.sprite.AtlasManager
[23:39:07] [Render thread/DEBUG] (FabricLoader/Mixin) Renaming @Accessor method getKnownAtlases()Ljava/util/List; to getKnownAtlases$fabric-rendering-v1_$md$7baf8b$0 in fabric-rendering-v1.mixins.json:AtlasManagerAccessor from mod fabric-rendering-v1
[23:39:07] [Render thread/DEBUG] (FabricLoader/Mixin) Mixing AtlasManagerMixin from fabric-rendering-v1.mixins.json into net.minecraft.client.resources.model.sprite.AtlasManager
[23:39:07] [Render thread/DEBUG] (FabricLoader/Mixin) Mixing sprite.TextureAtlasMixin from fabric-renderer-api-v1.mixins.json into net.minecraft.client.renderer.texture.TextureAtlas
[23:39:07] [Render thread/DEBUG] (FabricLoader/Mixin) fabric-renderer-api-v1.mixins.json:sprite.TextureAtlasMixin from mod fabric-renderer-api-v1->@Inject::uploadHook(Lnet/minecraft/client/renderer/texture/SpriteLoader$Preparations;Lorg/spongepowered/asm/mixin/injection/callback/CallbackInfo;)V doesn't use it's CallbackInfo
[23:39:07] [Render thread/DEBUG] (FabricLoader/Mixin) fabric-renderer-api-v1.mixins.json:sprite.TextureAtlasMixin from mod fabric-renderer-api-v1->@Inject::uploadHook(Lnet/minecraft/client/renderer/texture/SpriteLoader$Preparations;Lorg/spongepowered/asm/mixin/injection/callback/CallbackInfo;)V has 0 override(s) in child classes
[23:39:07] [Render thread/DEBUG] (FabricLoader/Mixin) fabric-renderer-api-v1.mixins.json:sprite.TextureAtlasMixin from mod fabric-renderer-api-v1->@Inject::uploadHook(Lnet/minecraft/client/renderer/texture/SpriteLoader$Preparations;Lorg/spongepowered/asm/mixin/injection/callback/CallbackInfo;)V won't be passed a CallbackInfo as a result
[23:39:07] [Render thread/DEBUG] (FabricLoader/Mixin) Mixing RenderPipelineSnippetMixin from fabric-rendering-v1.mixins.json into com.mojang.blaze3d.pipeline.RenderPipeline$Snippet
[23:39:07] [Render thread/DEBUG] (FabricLoader/Mixin) Mixing RenderPipelineMixin from fabric-rendering-v1.mixins.json into com.mojang.blaze3d.pipeline.RenderPipeline
[23:39:07] [Render thread/DEBUG] (FabricLoader/Mixin) Mixing RenderPipelineBuilderMixin from fabric-rendering-v1.mixins.json into com.mojang.blaze3d.pipeline.RenderPipeline$Builder
[23:39:07] [Render thread/DEBUG] (FabricLoader/Mixin) Renaming synthetic method lambda$copyUsePipelineDrawModeForGuiToSnippet$0(Lcom/llamalad7/mixinextras/injector/wrapoperation/Operation;Ljava/util/Optional;Ljava/util/Optional;Ljava/util/Optional;Ljava/util/Optional;[Lcom/mojang/blaze3d/pipeline/ColorTargetState;ILjava/util/Optional;Ljava/util/Optional;Ljava/util/Optional;[Lcom/mojang/blaze3d/vertex/VertexFormat;Ljava/util/Optional;)Lcom/mojang/blaze3d/pipeline/RenderPipeline$Snippet; to md7baf8b$fabric-rendering-v1$lambda$copyUsePipelineDrawModeForGuiToSnippet$0$0 in fabric-rendering-v1.mixins.json:RenderPipelineBuilderMixin from mod fabric-rendering-v1
[23:39:07] [Render thread/DEBUG] (FabricLoader/Mixin) Renaming synthetic method lambda$copyUsePipelineDrawModeForGuiFromSnippet$0(Ljava/lang/Boolean;)V to md7baf8b$fabric-rendering-v1$lambda$copyUsePipelineDrawModeForGuiFromSnippet$0$1 in fabric-rendering-v1.mixins.json:RenderPipelineBuilderMixin from mod fabric-rendering-v1
[23:39:07] [Render thread/DEBUG] (FabricLoader/Mixin) fabric-rendering-v1.mixins.json:RenderPipelineBuilderMixin from mod fabric-rendering-v1->@Inject::copyUsePipelineDrawModeForGuiFromSnippet(Lcom/mojang/blaze3d/pipeline/RenderPipeline$Snippet;Lorg/spongepowered/asm/mixin/injection/callback/CallbackInfo;)V doesn't use it's CallbackInfo
[23:39:07] [Render thread/DEBUG] (FabricLoader/Mixin) fabric-rendering-v1.mixins.json:RenderPipelineBuilderMixin from mod fabric-rendering-v1->@Inject::copyUsePipelineDrawModeForGuiFromSnippet(Lcom/mojang/blaze3d/pipeline/RenderPipeline$Snippet;Lorg/spongepowered/asm/mixin/injection/callback/CallbackInfo;)V has 0 override(s) in child classes
[23:39:07] [Render thread/DEBUG] (FabricLoader/Mixin) fabric-rendering-v1.mixins.json:RenderPipelineBuilderMixin from mod fabric-rendering-v1->@Inject::copyUsePipelineDrawModeForGuiFromSnippet(Lcom/mojang/blaze3d/pipeline/RenderPipeline$Snippet;Lorg/spongepowered/asm/mixin/injection/callback/CallbackInfo;)V won't be passed a CallbackInfo as a result
[23:39:07] [Render thread/DEBUG] (FabricLoader/Mixin) Mixing ItemFeatureRendererAccessor from fabric-renderer-indigo.mixins.json into net.minecraft.client.renderer.feature.ItemFeatureRenderer
[23:39:07] [Render thread/DEBUG] (FabricLoader/Mixin) Renaming @Invoker method fabric_computeFoilDecalPose(Lnet/minecraft/world/item/ItemDisplayContext;Lcom/mojang/blaze3d/vertex/PoseStack$Pose;)Lcom/mojang/blaze3d/vertex/PoseStack$Pose; to fabric_computeFoilDecalPose$fabric-renderer-indigo_$md$7baf8b$0 in fabric-renderer-indigo.mixins.json:ItemFeatureRendererAccessor from mod fabric-renderer-indigo
[23:39:07] [Render thread/DEBUG] (FabricLoader/Mixin) Renaming @Invoker method fabric_useTransparentGlint(Lnet/minecraft/client/renderer/rendertype/RenderType;)Z to fabric_useTransparentGlint$fabric-renderer-indigo_$md$7baf8b$1 in fabric-renderer-indigo.mixins.json:ItemFeatureRendererAccessor from mod fabric-renderer-indigo
[23:39:07] [Render thread/DEBUG] (FabricLoader/Mixin) Mixing renderstate.RenderStateMixin from fabric-rendering-v1.mixins.json into net.minecraft.client.renderer.blockentity.state.BlockEntityRenderState
[23:39:07] [Render thread/DEBUG] (FabricLoader/Mixin) Mixing KeyedClientResourceReloadListenerMixin from fabric-resource-loader-v1.client.mixins.json into net.minecraft.client.gui.font.FontManager
[23:39:07] [Render thread/DEBUG] (FabricLoader/Mixin) Mixing KeyedClientResourceReloadListenerMixin from fabric-resource-loader-v1.client.mixins.json into net.minecraft.client.resources.GrassColorReloadListener
[23:39:07] [Render thread/DEBUG] (FabricLoader/Mixin) Mixing KeyedClientResourceReloadListenerMixin from fabric-resource-loader-v1.client.mixins.json into net.minecraft.client.resources.FoliageColorReloadListener
[23:39:07] [Render thread/DEBUG] (FabricLoader/Mixin) Mixing KeyedClientResourceReloadListenerMixin from fabric-resource-loader-v1.client.mixins.json into net.minecraft.client.resources.DryFoliageColorReloadListener
[23:39:07] [Render thread/DEBUG] (FabricLoader/Mixin) Mixing BlockColorsMixin from fabric-rendering-v1.mixins.json into net.minecraft.client.color.block.BlockColors
[23:39:07] [Render thread/DEBUG] (FabricLoader/Mixin) fabric-rendering-v1.mixins.json:BlockColorsMixin from mod fabric-rendering-v1->@Inject::create(Lorg/spongepowered/asm/mixin/injection/callback/CallbackInfoReturnable;)V does use it's CallbackInfoReturnable
[23:39:07] [Render thread/DEBUG] (FabricLoader/Mixin) Mixing ModelManagerMixin from fabric-model-loading-api-v1.mixins.json into net.minecraft.client.resources.model.ModelManager
[23:39:07] [Render thread/DEBUG] (FabricLoader/Mixin) Renaming synthetic method lambda$withModelDispatcher$0(Ljava/util/concurrent/CompletableFuture;Ljava/util/function/Function;Ljava/lang/Object;)Ljava/lang/Object; to md7baf8b$fabric-model-loading-api-v1$lambda$withModelDispatcher$0$0 in fabric-model-loading-api-v1.mixins.json:ModelManagerMixin from mod fabric-model-loading-api-v1
[23:39:07] [Render thread/DEBUG] (FabricLoader/Mixin) Renaming synthetic method lambda$hookBlockStateModels$0(Lnet/minecraft/client/resources/model/BlockStateModelLoader$LoadedModels;Lnet/fabricmc/fabric/impl/client/model/loading/ModelLoadingEventDispatcher;)Lnet/minecraft/client/resources/model/BlockStateModelLoader$LoadedModels; to md7baf8b$fabric-model-loading-api-v1$lambda$hookBlockStateModels$0$1 in fabric-model-loading-api-v1.mixins.json:ModelManagerMixin from mod fabric-model-loading-api-v1
[23:39:07] [Render thread/DEBUG] (FabricLoader/Mixin) Renaming synthetic method lambda$hookModels$0(Ljava/util/Map;Lnet/fabricmc/fabric/impl/client/model/loading/ModelLoadingEventDispatcher;)Ljava/util/Map; to md7baf8b$fabric-model-loading-api-v1$lambda$hookModels$0$2 in fabric-model-loading-api-v1.mixins.json:ModelManagerMixin from mod fabric-model-loading-api-v1
[23:39:07] [Render thread/DEBUG] (FabricLoader/Mixin) Renaming synthetic method lambda$resetEventDispatcherFuture$0(Ljava/lang/Void;)Ljava/lang/Void; to md7baf8b$fabric-model-loading-api-v1$lambda$resetEventDispatcherFuture$0$3 in fabric-model-loading-api-v1.mixins.json:ModelManagerMixin from mod fabric-model-loading-api-v1
[23:39:07] [Render thread/DEBUG] (FabricLoader/Mixin) Mixing KeyedClientResourceReloadListenerMixin from fabric-resource-loader-v1.client.mixins.json into net.minecraft.client.resources.model.ModelManager
[23:39:07] [Render thread/DEBUG] (FabricLoader/Mixin) fabric-model-loading-api-v1.mixins.json:ModelManagerMixin from mod fabric-model-loading-api-v1->@Inject::onHeadReload(Lnet/minecraft/server/packs/resources/PreparableReloadListener$SharedState;Ljava/util/concurrent/Executor;Lnet/minecraft/server/packs/resources/PreparableReloadListener$PreparationBarrier;Ljava/util/concurrent/Executor;Lorg/spongepowered/asm/mixin/injection/callback/CallbackInfoReturnable;)V doesn't use it's CallbackInfoReturnable
[23:39:07] [Render thread/DEBUG] (FabricLoader/Mixin) fabric-model-loading-api-v1.mixins.json:ModelManagerMixin from mod fabric-model-loading-api-v1->@Inject::onHeadReload(Lnet/minecraft/server/packs/resources/PreparableReloadListener$SharedState;Ljava/util/concurrent/Executor;Lnet/minecraft/server/packs/resources/PreparableReloadListener$PreparationBarrier;Ljava/util/concurrent/Executor;Lorg/spongepowered/asm/mixin/injection/callback/CallbackInfoReturnable;)V has 0 override(s) in child classes
[23:39:07] [Render thread/DEBUG] (FabricLoader/Mixin) fabric-model-loading-api-v1.mixins.json:ModelManagerMixin from mod fabric-model-loading-api-v1->@Inject::onHeadReload(Lnet/minecraft/server/packs/resources/PreparableReloadListener$SharedState;Ljava/util/concurrent/Executor;Lnet/minecraft/server/packs/resources/PreparableReloadListener$PreparationBarrier;Ljava/util/concurrent/Executor;Lorg/spongepowered/asm/mixin/injection/callback/CallbackInfoReturnable;)V won't be passed a CallbackInfoReturnable as a result
[23:39:07] [Render thread/DEBUG] (FabricLoader/Mixin) fabric-model-loading-api-v1.mixins.json:ModelManagerMixin from mod fabric-model-loading-api-v1->@Inject::resolveExtraModels(Ljava/util/Map;Lnet/minecraft/client/resources/model/BlockStateModelLoader$LoadedModels;Lnet/minecraft/client/resources/model/ClientItemInfoLoader$LoadedClientInfos;Lorg/spongepowered/asm/mixin/injection/callback/CallbackInfoReturnable;)V doesn't use it's CallbackInfoReturnable
[23:39:07] [Render thread/DEBUG] (FabricLoader/Mixin) fabric-model-loading-api-v1.mixins.json:ModelManagerMixin from mod fabric-model-loading-api-v1->@Inject::onReturnUpload(Lorg/spongepowered/asm/mixin/injection/callback/CallbackInfo;)V doesn't use it's CallbackInfo
[23:39:07] [Render thread/DEBUG] (FabricLoader/Mixin) fabric-model-loading-api-v1.mixins.json:ModelManagerMixin from mod fabric-model-loading-api-v1->@Inject::onReturnUpload(Lorg/spongepowered/asm/mixin/injection/callback/CallbackInfo;)V has 0 override(s) in child classes
[23:39:07] [Render thread/DEBUG] (FabricLoader/Mixin) fabric-model-loading-api-v1.mixins.json:ModelManagerMixin from mod fabric-model-loading-api-v1->@Inject::onReturnUpload(Lorg/spongepowered/asm/mixin/injection/callback/CallbackInfo;)V won't be passed a CallbackInfo as a result
[23:39:07] [Render thread/DEBUG] (FabricLoader/Mixin) Mixing sprite.MaterialBakerMixin from fabric-renderer-api-v1.mixins.json into net.minecraft.client.resources.model.sprite.MaterialBaker
[23:39:07] [Render thread/DEBUG] (FabricLoader/Mixin) Mixing sprite.ModelManagerCombinedBlockItemMaterialBakerMixin from fabric-renderer-api-v1.mixins.json into net.minecraft.client.resources.model.ModelManager$CombinedBlockItemMaterialBaker
[23:39:07] [Render thread/DEBUG] (FabricLoader/Mixin) Mixing sprite.ModelManagerBlockOnlyMaterialBakerMixin from fabric-renderer-api-v1.mixins.json into net.minecraft.client.resources.model.ModelManager$BlockOnlyMaterialBaker
[23:39:07] [Render thread/DEBUG] (FabricLoader/Mixin) Mixing KeyedClientResourceReloadListenerMixin from fabric-resource-loader-v1.client.mixins.json into net.minecraft.client.resources.model.EquipmentAssetManager
[23:39:07] [Render thread/DEBUG] (FabricLoader/Mixin) Mixing SimpleJsonResourceReloadListenerMixin from fabric-resource-conditions-api-v1.mixins.json into net.minecraft.server.packs.resources.SimpleJsonResourceReloadListener
[23:39:07] [Render thread/DEBUG] (FabricLoader/Mixin) Mixing SimpleJsonResourceReloadListenerMixin from fabric-loot-api-v3.mixins.json into net.minecraft.server.packs.resources.SimpleJsonResourceReloadListener
[23:39:07] [Render thread/DEBUG] (FabricLoader/Mixin) fabric-resource-conditions-api-v1.mixins.json:SimpleJsonResourceReloadListenerMixin from mod fabric-resource-conditions-api-v1->@Inject::skipData(Ljava/util/Map;Lnet/minecraft/resources/Identifier;Ljava/lang/Object;Lorg/spongepowered/asm/mixin/injection/callback/CallbackInfo;)V does use it's CallbackInfo
[23:39:07] [Render thread/DEBUG] (FabricLoader/Mixin) fabric-loot-api-v3.mixins.json:SimpleJsonResourceReloadListenerMixin from mod fabric-loot-api-v3->@Inject::fillSourceMap(Lnet/minecraft/server/packs/resources/ResourceManager;Lnet/minecraft/resources/FileToIdConverter;Lcom/mojang/serialization/DynamicOps;Lcom/mojang/serialization/Codec;Ljava/util/Map;Lorg/spongepowered/asm/mixin/injection/callback/CallbackInfo;)V doesn't use it's CallbackInfo
[23:39:07] [Render thread/DEBUG] (FabricLoader/Mixin) Mixing KeyedClientResourceReloadListenerMixin from fabric-resource-loader-v1.client.mixins.json into net.minecraft.client.renderer.entity.EntityRenderDispatcher
[23:39:07] [Render thread/DEBUG] (FabricLoader/Mixin) Mixing EntityRenderDispatcherMixin from fabric-rendering-v1.mixins.json into net.minecraft.client.renderer.entity.EntityRenderDispatcher
[23:39:07] [Render thread/DEBUG] (FabricLoader/Mixin) fabric-rendering-v1.mixins.json:EntityRenderDispatcherMixin from mod fabric-rendering-v1->@Inject::createArmorRenderers(Lnet/minecraft/server/packs/resources/ResourceManager;Lorg/spongepowered/asm/mixin/injection/callback/CallbackInfo;)V doesn't use it's CallbackInfo
[23:39:07] [Render thread/DEBUG] (FabricLoader/Mixin) fabric-rendering-v1.mixins.json:EntityRenderDispatcherMixin from mod fabric-rendering-v1->@Inject::createArmorRenderers(Lnet/minecraft/server/packs/resources/ResourceManager;Lorg/spongepowered/asm/mixin/injection/callback/CallbackInfo;)V has 0 override(s) in child classes
[23:39:07] [Render thread/DEBUG] (FabricLoader/Mixin) fabric-rendering-v1.mixins.json:EntityRenderDispatcherMixin from mod fabric-rendering-v1->@Inject::createArmorRenderers(Lnet/minecraft/server/packs/resources/ResourceManager;Lorg/spongepowered/asm/mixin/injection/callback/CallbackInfo;)V won't be passed a CallbackInfo as a result
[23:39:07] [Render thread/DEBUG] (FabricLoader/Mixin) Mixing LivingEntityRendererAccessor from fabric-rendering-v1.mixins.json into net.minecraft.client.renderer.entity.LivingEntityRenderer
[23:39:07] [Render thread/DEBUG] (FabricLoader/Mixin) Mixing LivingEntityRendererMixin from fabric-rendering-v1.mixins.json into net.minecraft.client.renderer.entity.LivingEntityRenderer
[23:39:07] [Render thread/DEBUG] (FabricLoader/Mixin) Mixing ItemInHandRendererMixin from fabric-item-api-v1.client.mixins.json into net.minecraft.client.renderer.ItemInHandRenderer
[23:39:07] [Render thread/DEBUG] (FabricLoader/Mixin) fabric-item-api-v1.client.mixins.json:ItemInHandRendererMixin from mod fabric-item-api-v1->@Inject::modifyProgressAnimation(Lorg/spongepowered/asm/mixin/injection/callback/CallbackInfo;)V doesn't use it's CallbackInfo
[23:39:07] [Render thread/DEBUG] (FabricLoader/Mixin) fabric-item-api-v1.client.mixins.json:ItemInHandRendererMixin from mod fabric-item-api-v1->@Inject::modifyProgressAnimation(Lorg/spongepowered/asm/mixin/injection/callback/CallbackInfo;)V has 0 override(s) in child classes
[23:39:07] [Render thread/DEBUG] (FabricLoader/Mixin) fabric-item-api-v1.client.mixins.json:ItemInHandRendererMixin from mod fabric-item-api-v1->@Inject::modifyProgressAnimation(Lorg/spongepowered/asm/mixin/injection/callback/CallbackInfo;)V won't be passed a CallbackInfo as a result
[23:39:07] [Render thread/DEBUG] (FabricLoader/Mixin) Mixing renderstate.RenderStateMixin from fabric-rendering-v1.mixins.json into net.minecraft.client.renderer.state.MapRenderState
[23:39:07] [Render thread/DEBUG] (FabricLoader/Mixin) Mixing KeyedClientResourceReloadListenerMixin from fabric-resource-loader-v1.client.mixins.json into net.minecraft.client.renderer.blockentity.BlockEntityRenderDispatcher
[23:39:07] [Render thread/DEBUG] (FabricLoader/Mixin) Mixing ParticleResourcesMixin from fabric-registry-sync-v0.client.mixins.json into net.minecraft.client.particle.ParticleResources
[23:39:07] [Render thread/DEBUG] (FabricLoader/Mixin) Mixing KeyedClientResourceReloadListenerMixin from fabric-resource-loader-v1.client.mixins.json into net.minecraft.client.particle.ParticleResources
[23:39:07] [Render thread/DEBUG] (FabricLoader/Mixin) Mixing ParticleResourcesMixin from fabric-particles-v1.client.mixins.json into net.minecraft.client.particle.ParticleResources
[23:39:07] [Render thread/DEBUG] (FabricLoader/Mixin) fabric-registry-sync-v0.client.mixins.json:ParticleResourcesMixin from mod fabric-registry-sync-v0->@Inject::onInit(Lorg/spongepowered/asm/mixin/injection/callback/CallbackInfo;)V doesn't use it's CallbackInfo
[23:39:07] [Render thread/DEBUG] (FabricLoader/Mixin) fabric-registry-sync-v0.client.mixins.json:ParticleResourcesMixin from mod fabric-registry-sync-v0->@Inject::onInit(Lorg/spongepowered/asm/mixin/injection/callback/CallbackInfo;)V has 0 override(s) in child classes
[23:39:07] [Render thread/DEBUG] (FabricLoader/Mixin) fabric-registry-sync-v0.client.mixins.json:ParticleResourcesMixin from mod fabric-registry-sync-v0->@Inject::onInit(Lorg/spongepowered/asm/mixin/injection/callback/CallbackInfo;)V won't be passed a CallbackInfo as a result
[23:39:07] [Render thread/DEBUG] (FabricLoader/Mixin) fabric-particles-v1.client.mixins.json:ParticleResourcesMixin from mod fabric-particles-v1->@Inject::onRegisterDefaultFactories(Lorg/spongepowered/asm/mixin/injection/callback/CallbackInfo;)V doesn't use it's CallbackInfo
[23:39:07] [Render thread/DEBUG] (FabricLoader/Mixin) fabric-particles-v1.client.mixins.json:ParticleResourcesMixin from mod fabric-particles-v1->@Inject::onRegisterDefaultFactories(Lorg/spongepowered/asm/mixin/injection/callback/CallbackInfo;)V has 0 override(s) in child classes
[23:39:07] [Render thread/DEBUG] (FabricLoader/Mixin) fabric-particles-v1.client.mixins.json:ParticleResourcesMixin from mod fabric-particles-v1->@Inject::onRegisterDefaultFactories(Lorg/spongepowered/asm/mixin/injection/callback/CallbackInfo;)V won't be passed a CallbackInfo as a result
[23:39:07] [Render thread/DEBUG] (FabricLoader/Mixin) Mixing block.particle.BlockMarkerMixin from fabric-renderer-api-v1.mixins.json into net.minecraft.client.particle.BlockMarker
[23:39:07] [Render thread/DEBUG] (FabricLoader/Mixin) Mixing block.particle.TerrainParticleMixin from fabric-renderer-api-v1.mixins.json into net.minecraft.client.particle.TerrainParticle
[23:39:07] [Render thread/DEBUG] (FabricLoader/Mixin) Mixing TerrainParticleMixin from fabric-particles-v1.client.mixins.json into net.minecraft.client.particle.TerrainParticle
[23:39:08] [Render thread/DEBUG] (FabricLoader/Mixin) Mixing item.ItemStackRenderStateMixin from fabric-renderer-api-v1.mixins.json into net.minecraft.client.renderer.item.ItemStackRenderState
[23:39:08] [Render thread/DEBUG] (FabricLoader/Mixin) Mixing renderstate.ItemStackRenderStateMixin from fabric-rendering-v1.mixins.json into net.minecraft.client.renderer.item.ItemStackRenderState
[23:39:08] [Render thread/DEBUG] (FabricLoader/Mixin) Mixing renderstate.RenderStateMixin from fabric-rendering-v1.mixins.json into net.minecraft.client.renderer.item.ItemStackRenderState
[23:39:08] [Render thread/DEBUG] (FabricLoader/Mixin) fabric-renderer-api-v1.mixins.json:item.ItemStackRenderStateMixin from mod fabric-renderer-api-v1->@Inject::afterInitVecLoad(Ljava/util/function/Consumer;Lorg/spongepowered/asm/mixin/injection/callback/CallbackInfo;)V doesn't use it's CallbackInfo
[23:39:08] [Render thread/DEBUG] (FabricLoader/Mixin) fabric-renderer-api-v1.mixins.json:item.ItemStackRenderStateMixin from mod fabric-renderer-api-v1->@Inject::afterInitVecLoad(Ljava/util/function/Consumer;Lorg/spongepowered/asm/mixin/injection/callback/CallbackInfo;)V has 0 override(s) in child classes
[23:39:08] [Render thread/DEBUG] (FabricLoader/Mixin) fabric-renderer-api-v1.mixins.json:item.ItemStackRenderStateMixin from mod fabric-renderer-api-v1->@Inject::afterInitVecLoad(Ljava/util/function/Consumer;Lorg/spongepowered/asm/mixin/injection/callback/CallbackInfo;)V won't be passed a CallbackInfo as a result
[23:39:08] [Render thread/DEBUG] (FabricLoader/Mixin) fabric-renderer-api-v1.mixins.json:item.ItemStackRenderStateMixin from mod fabric-renderer-api-v1->@Inject::afterLayerLoad(Ljava/util/function/Consumer;Lorg/spongepowered/asm/mixin/injection/callback/CallbackInfo;)V doesn't use it's CallbackInfo
[23:39:08] [Render thread/DEBUG] (FabricLoader/Mixin) fabric-renderer-api-v1.mixins.json:item.ItemStackRenderStateMixin from mod fabric-renderer-api-v1->@Inject::afterLayerLoad(Ljava/util/function/Consumer;Lorg/spongepowered/asm/mixin/injection/callback/CallbackInfo;)V has 0 override(s) in child classes
[23:39:08] [Render thread/DEBUG] (FabricLoader/Mixin) fabric-renderer-api-v1.mixins.json:item.ItemStackRenderStateMixin from mod fabric-renderer-api-v1->@Inject::afterLayerLoad(Ljava/util/function/Consumer;Lorg/spongepowered/asm/mixin/injection/callback/CallbackInfo;)V won't be passed a CallbackInfo as a result
[23:39:08] [Render thread/DEBUG] (FabricLoader/Mixin) fabric-rendering-v1.mixins.json:renderstate.ItemStackRenderStateMixin from mod fabric-rendering-v1->@Inject::clearExtraRenderData(Lorg/spongepowered/asm/mixin/injection/callback/CallbackInfo;)V doesn't use it's CallbackInfo
[23:39:08] [Render thread/DEBUG] (FabricLoader/Mixin) fabric-rendering-v1.mixins.json:renderstate.ItemStackRenderStateMixin from mod fabric-rendering-v1->@Inject::clearExtraRenderData(Lorg/spongepowered/asm/mixin/injection/callback/CallbackInfo;)V has 0 override(s) in child classes
[23:39:08] [Render thread/DEBUG] (FabricLoader/Mixin) fabric-rendering-v1.mixins.json:renderstate.ItemStackRenderStateMixin from mod fabric-rendering-v1->@Inject::clearExtraRenderData(Lorg/spongepowered/asm/mixin/injection/callback/CallbackInfo;)V won't be passed a CallbackInfo as a result
[23:39:08] [Render thread/DEBUG] (FabricLoader/Mixin) Mixing item.ItemStackRenderStateLayerRenderStateMixin from fabric-renderer-api-v1.mixins.json into net.minecraft.client.renderer.item.ItemStackRenderState$LayerRenderState
[23:39:08] [Render thread/DEBUG] (FabricLoader/Mixin) Mixing renderstate.ItemStackRenderStateLayerRenderStateMixin from fabric-rendering-v1.mixins.json into net.minecraft.client.renderer.item.ItemStackRenderState$LayerRenderState
[23:39:08] [Render thread/DEBUG] (FabricLoader/Mixin) Mixing renderstate.RenderStateMixin from fabric-rendering-v1.mixins.json into net.minecraft.client.renderer.item.ItemStackRenderState$LayerRenderState
[23:39:08] [Render thread/DEBUG] (FabricLoader/Mixin) fabric-renderer-api-v1.mixins.json:item.ItemStackRenderStateLayerRenderStateMixin from mod fabric-renderer-api-v1->@Inject::onReturnClear(Lorg/spongepowered/asm/mixin/injection/callback/CallbackInfo;)V doesn't use it's CallbackInfo
[23:39:08] [Render thread/DEBUG] (FabricLoader/Mixin) fabric-renderer-api-v1.mixins.json:item.ItemStackRenderStateLayerRenderStateMixin from mod fabric-renderer-api-v1->@Inject::onReturnClear(Lorg/spongepowered/asm/mixin/injection/callback/CallbackInfo;)V has 0 override(s) in child classes
[23:39:08] [Render thread/DEBUG] (FabricLoader/Mixin) fabric-renderer-api-v1.mixins.json:item.ItemStackRenderStateLayerRenderStateMixin from mod fabric-renderer-api-v1->@Inject::onReturnClear(Lorg/spongepowered/asm/mixin/injection/callback/CallbackInfo;)V won't be passed a CallbackInfo as a result
[23:39:08] [Render thread/DEBUG] (FabricLoader/Mixin) fabric-rendering-v1.mixins.json:renderstate.ItemStackRenderStateLayerRenderStateMixin from mod fabric-rendering-v1->@Inject::clearExtraRenderData(Lorg/spongepowered/asm/mixin/injection/callback/CallbackInfo;)V doesn't use it's CallbackInfo
[23:39:08] [Render thread/DEBUG] (FabricLoader/Mixin) fabric-rendering-v1.mixins.json:renderstate.ItemStackRenderStateLayerRenderStateMixin from mod fabric-rendering-v1->@Inject::clearExtraRenderData(Lorg/spongepowered/asm/mixin/injection/callback/CallbackInfo;)V has 0 override(s) in child classes
[23:39:08] [Render thread/DEBUG] (FabricLoader/Mixin) fabric-rendering-v1.mixins.json:renderstate.ItemStackRenderStateLayerRenderStateMixin from mod fabric-rendering-v1->@Inject::clearExtraRenderData(Lorg/spongepowered/asm/mixin/injection/callback/CallbackInfo;)V won't be passed a CallbackInfo as a result
[23:39:08] [Render thread/DEBUG] (FabricLoader/Mixin) Mixing ParticleEngineAccessor from fabric-particles-v1.client.mixins.json into net.minecraft.client.particle.ParticleEngine
[23:39:08] [Render thread/DEBUG] (FabricLoader/Mixin) Renaming @Accessor method getParticleRenderTypes()Ljava/util/List; to getParticleRenderTypes$fabric-particles-v1_$md$7baf8b$0 in fabric-particles-v1.client.mixins.json:ParticleEngineAccessor from mod fabric-particles-v1
[23:39:08] [Render thread/DEBUG] (FabricLoader/Mixin) Mixing ParticleEngineMixin from fabric-particles-v1.client.mixins.json into net.minecraft.client.particle.ParticleEngine
[23:39:08] [Render thread/DEBUG] (FabricLoader/Mixin) fabric-particles-v1.client.mixins.json:ParticleEngineMixin from mod fabric-particles-v1->@Inject::classInit(Lorg/spongepowered/asm/mixin/injection/callback/CallbackInfo;)V doesn't use it's CallbackInfo
[23:39:08] [Render thread/DEBUG] (FabricLoader/Mixin) fabric-particles-v1.client.mixins.json:ParticleEngineMixin from mod fabric-particles-v1->@Inject::createParticleGroup(Lnet/minecraft/client/particle/ParticleRenderType;Lorg/spongepowered/asm/mixin/injection/callback/CallbackInfoReturnable;)V does use it's CallbackInfoReturnable
[23:39:08] [Render thread/DEBUG] (FabricLoader/Mixin) Mixing GameRendererMixin from fabric-rendering-v1.mixins.json into net.minecraft.client.renderer.GameRenderer
[23:39:08] [Render thread/DEBUG] (FabricLoader/Mixin) fabric-rendering-v1.mixins.json:GameRendererMixin from mod fabric-rendering-v1->@Inject::guiRendererReady(Lnet/minecraft/client/Minecraft;Lnet/minecraft/client/renderer/ItemInHandRenderer;Lnet/minecraft/client/resources/model/ModelManager;Lorg/spongepowered/asm/mixin/injection/callback/CallbackInfo;)V doesn't use it's CallbackInfo
[23:39:08] [Render thread/DEBUG] (FabricLoader/Mixin) fabric-rendering-v1.mixins.json:GameRendererMixin from mod fabric-rendering-v1->@Inject::guiRendererReady(Lnet/minecraft/client/Minecraft;Lnet/minecraft/client/renderer/ItemInHandRenderer;Lnet/minecraft/client/resources/model/ModelManager;Lorg/spongepowered/asm/mixin/injection/callback/CallbackInfo;)V has 0 override(s) in child classes
[23:39:08] [Render thread/DEBUG] (FabricLoader/Mixin) fabric-rendering-v1.mixins.json:GameRendererMixin from mod fabric-rendering-v1->@Inject::guiRendererReady(Lnet/minecraft/client/Minecraft;Lnet/minecraft/client/renderer/ItemInHandRenderer;Lnet/minecraft/client/resources/model/ModelManager;Lorg/spongepowered/asm/mixin/injection/callback/CallbackInfo;)V won't be passed a CallbackInfo as a result
[23:39:08] [Render thread/DEBUG] (FabricLoader/Mixin) fabric-rendering-v1.mixins.json:GameRendererMixin from mod fabric-rendering-v1->@Inject::beforeExtract(Lnet/minecraft/client/DeltaTracker;ZLorg/spongepowered/asm/mixin/injection/callback/CallbackInfo;)V doesn't use it's CallbackInfo
[23:39:08] [Render thread/DEBUG] (FabricLoader/Mixin) fabric-rendering-v1.mixins.json:GameRendererMixin from mod fabric-rendering-v1->@Inject::beforeExtract(Lnet/minecraft/client/DeltaTracker;ZLorg/spongepowered/asm/mixin/injection/callback/CallbackInfo;)V has 0 override(s) in child classes
[23:39:08] [Render thread/DEBUG] (FabricLoader/Mixin) fabric-rendering-v1.mixins.json:GameRendererMixin from mod fabric-rendering-v1->@Inject::beforeExtract(Lnet/minecraft/client/DeltaTracker;ZLorg/spongepowered/asm/mixin/injection/callback/CallbackInfo;)V won't be passed a CallbackInfo as a result
[23:39:08] [Render thread/DEBUG] (FabricLoader/Mixin) Mixing submit.OrderedSubmitNodeCollectorMixin from fabric-renderer-api-v1.mixins.json into net.minecraft.client.renderer.OrderedSubmitNodeCollector
[23:39:08] [Render thread/DEBUG] (FabricLoader/Mixin) Mixing renderstate.RenderStateMixin from fabric-rendering-v1.mixins.json into net.minecraft.client.renderer.state.GameRenderState
[23:39:08] [Render thread/DEBUG] (FabricLoader/Mixin) Mixing renderstate.LevelRenderStateMixin from fabric-rendering-v1.mixins.json into net.minecraft.client.renderer.state.level.LevelRenderState
[23:39:08] [Render thread/DEBUG] (FabricLoader/Mixin) Mixing renderstate.RenderStateMixin from fabric-rendering-v1.mixins.json into net.minecraft.client.renderer.state.level.LevelRenderState
[23:39:08] [Render thread/DEBUG] (FabricLoader/Mixin) fabric-rendering-v1.mixins.json:renderstate.LevelRenderStateMixin from mod fabric-rendering-v1->@Inject::clearExtraRenderData(Lorg/spongepowered/asm/mixin/injection/callback/CallbackInfo;)V doesn't use it's CallbackInfo
[23:39:08] [Render thread/DEBUG] (FabricLoader/Mixin) fabric-rendering-v1.mixins.json:renderstate.LevelRenderStateMixin from mod fabric-rendering-v1->@Inject::clearExtraRenderData(Lorg/spongepowered/asm/mixin/injection/callback/CallbackInfo;)V has 0 override(s) in child classes
[23:39:08] [Render thread/DEBUG] (FabricLoader/Mixin) fabric-rendering-v1.mixins.json:renderstate.LevelRenderStateMixin from mod fabric-rendering-v1->@Inject::clearExtraRenderData(Lorg/spongepowered/asm/mixin/injection/callback/CallbackInfo;)V won't be passed a CallbackInfo as a result
[23:39:08] [Render thread/DEBUG] (FabricLoader/Mixin) Mixing renderstate.RenderStateMixin from fabric-rendering-v1.mixins.json into net.minecraft.client.renderer.state.level.CameraRenderState
[23:39:08] [Render thread/DEBUG] (FabricLoader/Mixin) Mixing renderstate.RenderStateMixin from fabric-rendering-v1.mixins.json into net.minecraft.client.renderer.fog.FogData
[23:39:08] [Render thread/DEBUG] (FabricLoader/Mixin) Mixing renderstate.RenderStateMixin from fabric-rendering-v1.mixins.json into net.minecraft.client.renderer.state.level.CameraEntityRenderState
[23:39:08] [Render thread/DEBUG] (FabricLoader/Mixin) Mixing renderstate.RenderStateMixin from fabric-rendering-v1.mixins.json into net.minecraft.client.renderer.state.level.WeatherRenderState
[23:39:08] [Render thread/DEBUG] (FabricLoader/Mixin) Mixing renderstate.WeatherRenderStateMixin from fabric-rendering-v1.mixins.json into net.minecraft.client.renderer.state.level.WeatherRenderState
[23:39:08] [Render thread/DEBUG] (FabricLoader/Mixin) fabric-rendering-v1.mixins.json:renderstate.WeatherRenderStateMixin from mod fabric-rendering-v1->@Inject::clearExtraRenderData(Lorg/spongepowered/asm/mixin/injection/callback/CallbackInfo;)V doesn't use it's CallbackInfo
[23:39:08] [Render thread/DEBUG] (FabricLoader/Mixin) fabric-rendering-v1.mixins.json:renderstate.WeatherRenderStateMixin from mod fabric-rendering-v1->@Inject::clearExtraRenderData(Lorg/spongepowered/asm/mixin/injection/callback/CallbackInfo;)V has 0 override(s) in child classes
[23:39:08] [Render thread/DEBUG] (FabricLoader/Mixin) fabric-rendering-v1.mixins.json:renderstate.WeatherRenderStateMixin from mod fabric-rendering-v1->@Inject::clearExtraRenderData(Lorg/spongepowered/asm/mixin/injection/callback/CallbackInfo;)V won't be passed a CallbackInfo as a result
[23:39:08] [Render thread/DEBUG] (FabricLoader/Mixin) Mixing renderstate.RenderStateMixin from fabric-rendering-v1.mixins.json into net.minecraft.client.renderer.state.level.WorldBorderRenderState
[23:39:08] [Render thread/DEBUG] (FabricLoader/Mixin) Mixing renderstate.WorldBorderRenderStateMixin from fabric-rendering-v1.mixins.json into net.minecraft.client.renderer.state.level.WorldBorderRenderState
[23:39:08] [Render thread/DEBUG] (FabricLoader/Mixin) fabric-rendering-v1.mixins.json:renderstate.WorldBorderRenderStateMixin from mod fabric-rendering-v1->@Inject::clearExtraRenderData(Lorg/spongepowered/asm/mixin/injection/callback/CallbackInfo;)V doesn't use it's CallbackInfo
[23:39:08] [Render thread/DEBUG] (FabricLoader/Mixin) fabric-rendering-v1.mixins.json:renderstate.WorldBorderRenderStateMixin from mod fabric-rendering-v1->@Inject::clearExtraRenderData(Lorg/spongepowered/asm/mixin/injection/callback/CallbackInfo;)V has 0 override(s) in child classes
[23:39:08] [Render thread/DEBUG] (FabricLoader/Mixin) fabric-rendering-v1.mixins.json:renderstate.WorldBorderRenderStateMixin from mod fabric-rendering-v1->@Inject::clearExtraRenderData(Lorg/spongepowered/asm/mixin/injection/callback/CallbackInfo;)V won't be passed a CallbackInfo as a result
[23:39:08] [Render thread/DEBUG] (FabricLoader/Mixin) Mixing renderstate.RenderStateMixin from fabric-rendering-v1.mixins.json into net.minecraft.client.renderer.state.level.SkyRenderState
[23:39:08] [Render thread/DEBUG] (FabricLoader/Mixin) Mixing renderstate.SkyRenderStateMixin from fabric-rendering-v1.mixins.json into net.minecraft.client.renderer.state.level.SkyRenderState
[23:39:08] [Render thread/DEBUG] (FabricLoader/Mixin) fabric-rendering-v1.mixins.json:renderstate.SkyRenderStateMixin from mod fabric-rendering-v1->@Inject::clearExtraRenderData(Lorg/spongepowered/asm/mixin/injection/callback/CallbackInfo;)V doesn't use it's CallbackInfo
[23:39:08] [Render thread/DEBUG] (FabricLoader/Mixin) fabric-rendering-v1.mixins.json:renderstate.SkyRenderStateMixin from mod fabric-rendering-v1->@Inject::clearExtraRenderData(Lorg/spongepowered/asm/mixin/injection/callback/CallbackInfo;)V has 0 override(s) in child classes
[23:39:08] [Render thread/DEBUG] (FabricLoader/Mixin) fabric-rendering-v1.mixins.json:renderstate.SkyRenderStateMixin from mod fabric-rendering-v1->@Inject::clearExtraRenderData(Lorg/spongepowered/asm/mixin/injection/callback/CallbackInfo;)V won't be passed a CallbackInfo as a result
[23:39:08] [Render thread/DEBUG] (FabricLoader/Mixin) Mixing renderstate.ParticlesRenderStateMixin from fabric-rendering-v1.mixins.json into net.minecraft.client.renderer.state.level.ParticlesRenderState
[23:39:08] [Render thread/DEBUG] (FabricLoader/Mixin) Mixing renderstate.RenderStateMixin from fabric-rendering-v1.mixins.json into net.minecraft.client.renderer.state.level.ParticlesRenderState
[23:39:08] [Render thread/DEBUG] (FabricLoader/Mixin) fabric-rendering-v1.mixins.json:renderstate.ParticlesRenderStateMixin from mod fabric-rendering-v1->@Inject::clearExtraRenderData(Lorg/spongepowered/asm/mixin/injection/callback/CallbackInfo;)V doesn't use it's CallbackInfo
[23:39:08] [Render thread/DEBUG] (FabricLoader/Mixin) fabric-rendering-v1.mixins.json:renderstate.ParticlesRenderStateMixin from mod fabric-rendering-v1->@Inject::clearExtraRenderData(Lorg/spongepowered/asm/mixin/injection/callback/CallbackInfo;)V has 0 override(s) in child classes
[23:39:08] [Render thread/DEBUG] (FabricLoader/Mixin) fabric-rendering-v1.mixins.json:renderstate.ParticlesRenderStateMixin from mod fabric-rendering-v1->@Inject::clearExtraRenderData(Lorg/spongepowered/asm/mixin/injection/callback/CallbackInfo;)V won't be passed a CallbackInfo as a result
[23:39:08] [Render thread/DEBUG] (FabricLoader/Mixin) Mixing renderstate.RenderStateMixin from fabric-rendering-v1.mixins.json into net.minecraft.client.renderer.state.LightmapRenderState
[23:39:08] [Render thread/DEBUG] (FabricLoader/Mixin) Mixing renderstate.GuiRenderStateMixin from fabric-rendering-v1.mixins.json into net.minecraft.client.renderer.state.gui.GuiRenderState
[23:39:08] [Render thread/DEBUG] (FabricLoader/Mixin) Mixing renderstate.RenderStateMixin from fabric-rendering-v1.mixins.json into net.minecraft.client.renderer.state.gui.GuiRenderState
[23:39:08] [Render thread/DEBUG] (FabricLoader/Mixin) fabric-rendering-v1.mixins.json:renderstate.GuiRenderStateMixin from mod fabric-rendering-v1->@Inject::clearExtraRenderData(Lorg/spongepowered/asm/mixin/injection/callback/CallbackInfo;)V doesn't use it's CallbackInfo
[23:39:08] [Render thread/DEBUG] (FabricLoader/Mixin) fabric-rendering-v1.mixins.json:renderstate.GuiRenderStateMixin from mod fabric-rendering-v1->@Inject::clearExtraRenderData(Lorg/spongepowered/asm/mixin/injection/callback/CallbackInfo;)V has 0 override(s) in child classes
[23:39:08] [Render thread/DEBUG] (FabricLoader/Mixin) fabric-rendering-v1.mixins.json:renderstate.GuiRenderStateMixin from mod fabric-rendering-v1->@Inject::clearExtraRenderData(Lorg/spongepowered/asm/mixin/injection/callback/CallbackInfo;)V won't be passed a CallbackInfo as a result
[23:39:08] [Render thread/DEBUG] (FabricLoader/Mixin) Mixing renderstate.RenderStateMixin from fabric-rendering-v1.mixins.json into net.minecraft.client.renderer.state.OptionsRenderState
[23:39:08] [Render thread/DEBUG] (FabricLoader/Mixin) Mixing renderstate.RenderStateMixin from fabric-rendering-v1.mixins.json into net.minecraft.client.renderer.state.WindowRenderState
[23:39:08] [Render thread/DEBUG] (FabricLoader/Mixin) Mixing submit.SubmitNodeStorageMixin from fabric-renderer-api-v1.mixins.json into net.minecraft.client.renderer.SubmitNodeStorage
[23:39:08] [Render thread/DEBUG] (FabricLoader/Mixin) Mixing SubmitNodeStorageMixin from fabric-rendering-v1.mixins.json into net.minecraft.client.renderer.SubmitNodeStorage
[23:39:08] [Render thread/DEBUG] (FabricLoader/Mixin) Mixing FeatureRenderDispatcherMixin from fabric-rendering-v1.mixins.json into net.minecraft.client.renderer.feature.FeatureRenderDispatcher
[23:39:08] [Render thread/DEBUG] (FabricLoader/Mixin) fabric-rendering-v1.mixins.json:FeatureRenderDispatcherMixin from mod fabric-rendering-v1->@Inject::registerExtendedFeatureRenderers(Lorg/spongepowered/asm/mixin/injection/callback/CallbackInfo;)V doesn't use it's CallbackInfo
[23:39:08] [Render thread/DEBUG] (FabricLoader/Mixin) fabric-rendering-v1.mixins.json:FeatureRenderDispatcherMixin from mod fabric-rendering-v1->@Inject::registerExtendedFeatureRenderers(Lorg/spongepowered/asm/mixin/injection/callback/CallbackInfo;)V has 0 override(s) in child classes
[23:39:08] [Render thread/DEBUG] (FabricLoader/Mixin) fabric-rendering-v1.mixins.json:FeatureRenderDispatcherMixin from mod fabric-rendering-v1->@Inject::registerExtendedFeatureRenderers(Lorg/spongepowered/asm/mixin/injection/callback/CallbackInfo;)V won't be passed a CallbackInfo as a result
[23:39:08] [Render thread/DEBUG] (FabricLoader/Mixin) Mixing block.render.MovingBlockFeatureRendererMixin from fabric-renderer-api-v1.mixins.json into net.minecraft.client.renderer.feature.MovingBlockFeatureRenderer
[23:39:08] [Render thread/DEBUG] (FabricLoader/Mixin) Renaming synthetic method access$000(Lnet/minecraft/client/renderer/feature/MovingBlockFeatureRenderer;Lnet/minecraft/client/renderer/rendertype/RenderType;)Lcom/mojang/blaze3d/vertex/VertexConsumer; to md7baf8b$fabric-renderer-api-v1$access$000$0 in fabric-renderer-api-v1.mixins.json:block.render.MovingBlockFeatureRendererMixin from mod fabric-renderer-api-v1
[23:39:08] [Render thread/DEBUG] (FabricLoader/Mixin) Renaming synthetic method access$100(Lnet/minecraft/client/renderer/feature/MovingBlockFeatureRenderer;Lnet/minecraft/client/renderer/rendertype/RenderType;)Lcom/mojang/blaze3d/vertex/VertexConsumer; to md7baf8b$fabric-renderer-api-v1$access$100$1 in fabric-renderer-api-v1.mixins.json:block.render.MovingBlockFeatureRendererMixin from mod fabric-renderer-api-v1
[23:39:08] [Render thread/DEBUG] (FabricLoader/Mixin) fabric-renderer-api-v1.mixins.json:block.render.MovingBlockFeatureRendererMixin from mod fabric-renderer-api-v1->@Inject::beforeInitBlockRenderer(Lnet/minecraft/client/renderer/feature/FeatureFrameContext;Ljava/util/List;Lorg/spongepowered/asm/mixin/injection/callback/CallbackInfo;)V doesn't use it's CallbackInfo
[23:39:08] [Render thread/DEBUG] (FabricLoader/Mixin) fabric-renderer-api-v1.mixins.json:block.render.MovingBlockFeatureRendererMixin from mod fabric-renderer-api-v1->@Inject::beforeInitBlockRenderer(Lnet/minecraft/client/renderer/feature/FeatureFrameContext;Ljava/util/List;Lorg/spongepowered/asm/mixin/injection/callback/CallbackInfo;)V has 0 override(s) in child classes
[23:39:08] [Render thread/DEBUG] (FabricLoader/Mixin) fabric-renderer-api-v1.mixins.json:block.render.MovingBlockFeatureRendererMixin from mod fabric-renderer-api-v1->@Inject::beforeInitBlockRenderer(Lnet/minecraft/client/renderer/feature/FeatureFrameContext;Ljava/util/List;Lorg/spongepowered/asm/mixin/injection/callback/CallbackInfo;)V won't be passed a CallbackInfo as a result
[23:39:08] [Render thread/DEBUG] (FabricLoader/Mixin) Mixing GuiRendererMixin from fabric-rendering-v1.mixins.json into net.minecraft.client.gui.render.GuiRenderer
[23:39:08] [Render thread/DEBUG] (FabricLoader/Mixin) Renaming synthetic method lambda$substituteSpecialElementRenderer$0(Ljava/lang/Class;)Lnet/fabricmc/fabric/impl/client/rendering/PictureInPictureRendererPool; to md7baf8b$fabric-rendering-v1$lambda$substituteSpecialElementRenderer$0$0 in fabric-rendering-v1.mixins.json:GuiRendererMixin from mod fabric-rendering-v1
[23:39:08] [Render thread/DEBUG] (FabricLoader/Mixin) fabric-rendering-v1.mixins.json:GuiRendererMixin from mod fabric-rendering-v1->@Inject::mutableSpecialElementRenderers(Lnet/minecraft/client/renderer/state/gui/GuiRenderState;Lnet/minecraft/client/renderer/feature/FeatureRenderDispatcher;Ljava/util/List;Lorg/spongepowered/asm/mixin/injection/callback/CallbackInfo;)V doesn't use it's CallbackInfo
[23:39:08] [Render thread/DEBUG] (FabricLoader/Mixin) fabric-rendering-v1.mixins.json:GuiRendererMixin from mod fabric-rendering-v1->@Inject::mutableSpecialElementRenderers(Lnet/minecraft/client/renderer/state/gui/GuiRenderState;Lnet/minecraft/client/renderer/feature/FeatureRenderDispatcher;Ljava/util/List;Lorg/spongepowered/asm/mixin/injection/callback/CallbackInfo;)V has 0 override(s) in child classes
[23:39:08] [Render thread/DEBUG] (FabricLoader/Mixin) fabric-rendering-v1.mixins.json:GuiRendererMixin from mod fabric-rendering-v1->@Inject::mutableSpecialElementRenderers(Lnet/minecraft/client/renderer/state/gui/GuiRenderState;Lnet/minecraft/client/renderer/feature/FeatureRenderDispatcher;Ljava/util/List;Lorg/spongepowered/asm/mixin/injection/callback/CallbackInfo;)V won't be passed a CallbackInfo as a result
[23:39:08] [Render thread/DEBUG] (FabricLoader/Mixin) fabric-rendering-v1.mixins.json:GuiRendererMixin from mod fabric-rendering-v1->@Inject::prePrepareSpecialElements(Lorg/spongepowered/asm/mixin/injection/callback/CallbackInfo;)V doesn't use it's CallbackInfo
[23:39:08] [Render thread/DEBUG] (FabricLoader/Mixin) fabric-rendering-v1.mixins.json:GuiRendererMixin from mod fabric-rendering-v1->@Inject::prePrepareSpecialElements(Lorg/spongepowered/asm/mixin/injection/callback/CallbackInfo;)V has 0 override(s) in child classes
[23:39:08] [Render thread/DEBUG] (FabricLoader/Mixin) fabric-rendering-v1.mixins.json:GuiRendererMixin from mod fabric-rendering-v1->@Inject::prePrepareSpecialElements(Lorg/spongepowered/asm/mixin/injection/callback/CallbackInfo;)V won't be passed a CallbackInfo as a result
[23:39:08] [Render thread/DEBUG] (FabricLoader/Mixin) fabric-rendering-v1.mixins.json:GuiRendererMixin from mod fabric-rendering-v1->@Inject::postPrepareSpecialElements(Lorg/spongepowered/asm/mixin/injection/callback/CallbackInfo;)V doesn't use it's CallbackInfo
[23:39:08] [Render thread/DEBUG] (FabricLoader/Mixin) fabric-rendering-v1.mixins.json:GuiRendererMixin from mod fabric-rendering-v1->@Inject::postPrepareSpecialElements(Lorg/spongepowered/asm/mixin/injection/callback/CallbackInfo;)V has 0 override(s) in child classes
[23:39:08] [Render thread/DEBUG] (FabricLoader/Mixin) fabric-rendering-v1.mixins.json:GuiRendererMixin from mod fabric-rendering-v1->@Inject::postPrepareSpecialElements(Lorg/spongepowered/asm/mixin/injection/callback/CallbackInfo;)V won't be passed a CallbackInfo as a result
[23:39:08] [Render thread/DEBUG] (FabricLoader/Mixin) fabric-rendering-v1.mixins.json:GuiRendererMixin from mod fabric-rendering-v1->@Inject::closeRendererPools(Lorg/spongepowered/asm/mixin/injection/callback/CallbackInfo;)V doesn't use it's CallbackInfo
[23:39:08] [Render thread/DEBUG] (FabricLoader/Mixin) fabric-rendering-v1.mixins.json:GuiRendererMixin from mod fabric-rendering-v1->@Inject::closeRendererPools(Lorg/spongepowered/asm/mixin/injection/callback/CallbackInfo;)V has 0 override(s) in child classes
[23:39:08] [Render thread/DEBUG] (FabricLoader/Mixin) fabric-rendering-v1.mixins.json:GuiRendererMixin from mod fabric-rendering-v1->@Inject::closeRendererPools(Lorg/spongepowered/asm/mixin/injection/callback/CallbackInfo;)V won't be passed a CallbackInfo as a result
[23:39:08] [Render thread/DEBUG] (FabricLoader/Mixin) Mixing block.particle.ScreenEffectRendererMixin from fabric-renderer-api-v1.mixins.json into net.minecraft.client.renderer.ScreenEffectRenderer
[23:39:08] [Render thread/DEBUG] (FabricLoader/Mixin) fabric-renderer-api-v1.mixins.json:block.particle.ScreenEffectRendererMixin from mod fabric-renderer-api-v1->@Inject::onReturnGetInWallBlockState(Lorg/spongepowered/asm/mixin/injection/callback/CallbackInfoReturnable;)V doesn't use it's CallbackInfoReturnable
[23:39:08] [Render thread/DEBUG] (FabricLoader/Mixin) Mixing block.render.LevelRendererMixin from fabric-renderer-api-v1.mixins.json into net.minecraft.client.renderer.LevelRenderer
[23:39:08] [Render thread/DEBUG] (FabricLoader/Mixin) Renaming synthetic method lambda$submitBreakingBlockModelProxy$0(Lnet/minecraft/core/Direction;)Z to md7baf8b$fabric-renderer-api-v1$lambda$submitBreakingBlockModelProxy$0$0 in fabric-renderer-api-v1.mixins.json:block.render.LevelRendererMixin from mod fabric-renderer-api-v1
[23:39:08] [Render thread/DEBUG] (FabricLoader/Mixin) Mixing KeyedClientResourceReloadListenerMixin from fabric-resource-loader-v1.client.mixins.json into net.minecraft.client.renderer.LevelRenderer
[23:39:08] [Render thread/DEBUG] (FabricLoader/Mixin) Mixing LevelRendererMixin from fabric-rendering-v1.mixins.json into net.minecraft.client.renderer.LevelRenderer
[23:39:08] [Render thread/DEBUG] (FabricLoader/Mixin) fabric-renderer-api-v1.mixins.json:block.render.LevelRendererMixin from mod fabric-renderer-api-v1->@Inject::beforeCreateRandom(Lorg/spongepowered/asm/mixin/injection/callback/CallbackInfo;)V doesn't use it's CallbackInfo
[23:39:08] [Render thread/DEBUG] (FabricLoader/Mixin) fabric-renderer-api-v1.mixins.json:block.render.LevelRendererMixin from mod fabric-renderer-api-v1->@Inject::beforeCreateRandom(Lorg/spongepowered/asm/mixin/injection/callback/CallbackInfo;)V has 0 override(s) in child classes
[23:39:08] [Render thread/DEBUG] (FabricLoader/Mixin) fabric-renderer-api-v1.mixins.json:block.render.LevelRendererMixin from mod fabric-renderer-api-v1->@Inject::beforeCreateRandom(Lorg/spongepowered/asm/mixin/injection/callback/CallbackInfo;)V won't be passed a CallbackInfo as a result
[23:39:08] [Render thread/DEBUG] (FabricLoader/Mixin) fabric-rendering-v1.mixins.json:LevelRendererMixin from mod fabric-rendering-v1->@Inject::beforeRender(Lcom/mojang/blaze3d/resource/GraphicsResourceAllocator;Lnet/minecraft/client/DeltaTracker;ZLnet/minecraft/client/renderer/state/level/CameraRenderState;Lorg/joml/Matrix4fc;Lcom/mojang/blaze3d/buffers/GpuBufferSlice;Lorg/joml/Vector4f;ZLorg/spongepowered/asm/mixin/injection/callback/CallbackInfo;)V doesn't use it's CallbackInfo
[23:39:08] [Render thread/DEBUG] (FabricLoader/Mixin) fabric-rendering-v1.mixins.json:LevelRendererMixin from mod fabric-rendering-v1->@Inject::beforeRender(Lcom/mojang/blaze3d/resource/GraphicsResourceAllocator;Lnet/minecraft/client/DeltaTracker;ZLnet/minecraft/client/renderer/state/level/CameraRenderState;Lorg/joml/Matrix4fc;Lcom/mojang/blaze3d/buffers/GpuBufferSlice;Lorg/joml/Vector4f;ZLorg/spongepowered/asm/mixin/injection/callback/CallbackInfo;)V has 0 override(s) in child classes
[23:39:08] [Render thread/DEBUG] (FabricLoader/Mixin) fabric-rendering-v1.mixins.json:LevelRendererMixin from mod fabric-rendering-v1->@Inject::beforeRender(Lcom/mojang/blaze3d/resource/GraphicsResourceAllocator;Lnet/minecraft/client/DeltaTracker;ZLnet/minecraft/client/renderer/state/level/CameraRenderState;Lorg/joml/Matrix4fc;Lcom/mojang/blaze3d/buffers/GpuBufferSlice;Lorg/joml/Vector4f;ZLorg/spongepowered/asm/mixin/injection/callback/CallbackInfo;)V won't be passed a CallbackInfo as a result
[23:39:08] [Render thread/DEBUG] (FabricLoader/Mixin) fabric-rendering-v1.mixins.json:LevelRendererMixin from mod fabric-rendering-v1->@Inject::prepareChunkRenders(Lorg/spongepowered/asm/mixin/injection/callback/CallbackInfoReturnable;)V does use it's CallbackInfoReturnable
[23:39:08] [Render thread/DEBUG] (FabricLoader/Mixin) fabric-rendering-v1.mixins.json:LevelRendererMixin from mod fabric-rendering-v1->@Inject::afterCollectSubmits(Lorg/spongepowered/asm/mixin/injection/callback/CallbackInfo;)V doesn't use it's CallbackInfo
[23:39:08] [Render thread/DEBUG] (FabricLoader/Mixin) fabric-rendering-v1.mixins.json:LevelRendererMixin from mod fabric-rendering-v1->@Inject::afterCollectSubmits(Lorg/spongepowered/asm/mixin/injection/callback/CallbackInfo;)V has 0 override(s) in child classes
[23:39:08] [Render thread/DEBUG] (FabricLoader/Mixin) fabric-rendering-v1.mixins.json:LevelRendererMixin from mod fabric-rendering-v1->@Inject::afterCollectSubmits(Lorg/spongepowered/asm/mixin/injection/callback/CallbackInfo;)V won't be passed a CallbackInfo as a result
[23:39:08] [Render thread/DEBUG] (FabricLoader/Mixin) fabric-rendering-v1.mixins.json:LevelRendererMixin from mod fabric-rendering-v1->@Inject::afterRenderSolidFeatures(Lorg/spongepowered/asm/mixin/injection/callback/CallbackInfo;)V doesn't use it's CallbackInfo
[23:39:08] [Render thread/DEBUG] (FabricLoader/Mixin) fabric-rendering-v1.mixins.json:LevelRendererMixin from mod fabric-rendering-v1->@Inject::afterRenderSolidFeatures(Lorg/spongepowered/asm/mixin/injection/callback/CallbackInfo;)V has 0 override(s) in child classes
[23:39:08] [Render thread/DEBUG] (FabricLoader/Mixin) fabric-rendering-v1.mixins.json:LevelRendererMixin from mod fabric-rendering-v1->@Inject::afterRenderSolidFeatures(Lorg/spongepowered/asm/mixin/injection/callback/CallbackInfo;)V won't be passed a CallbackInfo as a result
[23:39:08] [Render thread/DEBUG] (FabricLoader/Mixin) fabric-rendering-v1.mixins.json:LevelRendererMixin from mod fabric-rendering-v1->@Inject::afterRenderTranslucentFeatures(Lorg/spongepowered/asm/mixin/injection/callback/CallbackInfo;)V doesn't use it's CallbackInfo
[23:39:08] [Render thread/DEBUG] (FabricLoader/Mixin) fabric-rendering-v1.mixins.json:LevelRendererMixin from mod fabric-rendering-v1->@Inject::afterRenderTranslucentFeatures(Lorg/spongepowered/asm/mixin/injection/callback/CallbackInfo;)V has 0 override(s) in child classes
[23:39:08] [Render thread/DEBUG] (FabricLoader/Mixin) fabric-rendering-v1.mixins.json:LevelRendererMixin from mod fabric-rendering-v1->@Inject::afterRenderTranslucentFeatures(Lorg/spongepowered/asm/mixin/injection/callback/CallbackInfo;)V won't be passed a CallbackInfo as a result
[23:39:08] [Render thread/DEBUG] (FabricLoader/Mixin) fabric-rendering-v1.mixins.json:LevelRendererMixin from mod fabric-rendering-v1->@Inject::beforeRenderBlockOutline(Lcom/mojang/blaze3d/vertex/PoseStack;Lnet/minecraft/client/renderer/SubmitNodeCollector;Lnet/minecraft/client/renderer/state/level/LevelRenderState;Lorg/spongepowered/asm/mixin/injection/callback/CallbackInfo;)V does use it's CallbackInfo
[23:39:08] [Render thread/DEBUG] (FabricLoader/Mixin) fabric-rendering-v1.mixins.json:LevelRendererMixin from mod fabric-rendering-v1->@Inject::beforeCollectGizmos(Lorg/spongepowered/asm/mixin/injection/callback/CallbackInfo;)V doesn't use it's CallbackInfo
[23:39:08] [Render thread/DEBUG] (FabricLoader/Mixin) fabric-rendering-v1.mixins.json:LevelRendererMixin from mod fabric-rendering-v1->@Inject::beforeCollectGizmos(Lorg/spongepowered/asm/mixin/injection/callback/CallbackInfo;)V has 0 override(s) in child classes
[23:39:08] [Render thread/DEBUG] (FabricLoader/Mixin) fabric-rendering-v1.mixins.json:LevelRendererMixin from mod fabric-rendering-v1->@Inject::beforeCollectGizmos(Lorg/spongepowered/asm/mixin/injection/callback/CallbackInfo;)V won't be passed a CallbackInfo as a result
[23:39:08] [Render thread/DEBUG] (FabricLoader/Mixin) fabric-rendering-v1.mixins.json:LevelRendererMixin from mod fabric-rendering-v1->@Inject::endMainRender(Lorg/spongepowered/asm/mixin/injection/callback/CallbackInfo;)V doesn't use it's CallbackInfo
[23:39:08] [Render thread/DEBUG] (FabricLoader/Mixin) fabric-rendering-v1.mixins.json:LevelRendererMixin from mod fabric-rendering-v1->@Inject::endMainRender(Lorg/spongepowered/asm/mixin/injection/callback/CallbackInfo;)V has 0 override(s) in child classes
[23:39:08] [Render thread/DEBUG] (FabricLoader/Mixin) fabric-rendering-v1.mixins.json:LevelRendererMixin from mod fabric-rendering-v1->@Inject::endMainRender(Lorg/spongepowered/asm/mixin/injection/callback/CallbackInfo;)V won't be passed a CallbackInfo as a result
[23:39:08] [Render thread/DEBUG] (FabricLoader/Mixin) Mixing KeyedClientResourceReloadListenerMixin from fabric-resource-loader-v1.client.mixins.json into net.minecraft.client.renderer.CloudRenderer
[23:39:08] [Render thread/DEBUG] (FabricLoader/Mixin) Mixing block.render.LevelExtractorMixin from fabric-renderer-api-v1.mixins.json into net.minecraft.client.renderer.extract.LevelExtractor
[23:39:08] [Render thread/DEBUG] (FabricLoader/Mixin) Mixing KeyedClientResourceReloadListenerMixin from fabric-resource-loader-v1.client.mixins.json into net.minecraft.client.renderer.extract.LevelExtractor
[23:39:08] [Render thread/DEBUG] (FabricLoader/Mixin) Mixing LevelExtractorMixin from fabric-rendering-v1.mixins.json into net.minecraft.client.renderer.extract.LevelExtractor
[23:39:08] [Render thread/DEBUG] (FabricLoader/Mixin) fabric-rendering-v1.mixins.json:LevelExtractorMixin from mod fabric-rendering-v1->@Inject::afterBlockOutlineExtraction(Lnet/minecraft/client/Camera;Lnet/minecraft/client/renderer/state/level/LevelRenderState;Lorg/spongepowered/asm/mixin/injection/callback/CallbackInfo;)V doesn't use it's CallbackInfo
[23:39:08] [Render thread/DEBUG] (FabricLoader/Mixin) fabric-rendering-v1.mixins.json:LevelExtractorMixin from mod fabric-rendering-v1->@Inject::afterBlockOutlineExtraction(Lnet/minecraft/client/Camera;Lnet/minecraft/client/renderer/state/level/LevelRenderState;Lorg/spongepowered/asm/mixin/injection/callback/CallbackInfo;)V has 0 override(s) in child classes
[23:39:08] [Render thread/DEBUG] (FabricLoader/Mixin) fabric-rendering-v1.mixins.json:LevelExtractorMixin from mod fabric-rendering-v1->@Inject::afterBlockOutlineExtraction(Lnet/minecraft/client/Camera;Lnet/minecraft/client/renderer/state/level/LevelRenderState;Lorg/spongepowered/asm/mixin/injection/callback/CallbackInfo;)V won't be passed a CallbackInfo as a result
[23:39:08] [Render thread/DEBUG] (FabricLoader/Mixin) fabric-rendering-v1.mixins.json:LevelExtractorMixin from mod fabric-rendering-v1->@Inject::afterBlockOutlineExtraction(Lnet/minecraft/client/Camera;Lnet/minecraft/client/renderer/state/level/LevelRenderState;Lorg/spongepowered/asm/mixin/injection/callback/CallbackInfo;)V doesn't use it's CallbackInfo
[23:39:08] [Render thread/DEBUG] (FabricLoader/Mixin) fabric-rendering-v1.mixins.json:LevelExtractorMixin from mod fabric-rendering-v1->@Inject::afterBlockOutlineExtraction(Lnet/minecraft/client/Camera;Lnet/minecraft/client/renderer/state/level/LevelRenderState;Lorg/spongepowered/asm/mixin/injection/callback/CallbackInfo;)V has 0 override(s) in child classes
[23:39:08] [Render thread/DEBUG] (FabricLoader/Mixin) fabric-rendering-v1.mixins.json:LevelExtractorMixin from mod fabric-rendering-v1->@Inject::afterBlockOutlineExtraction(Lnet/minecraft/client/Camera;Lnet/minecraft/client/renderer/state/level/LevelRenderState;Lorg/spongepowered/asm/mixin/injection/callback/CallbackInfo;)V won't be passed a CallbackInfo as a result
[23:39:08] [Render thread/DEBUG] (FabricLoader/Mixin) fabric-rendering-v1.mixins.json:LevelExtractorMixin from mod fabric-rendering-v1->@Inject::afterBlockOutlineExtraction(Lnet/minecraft/client/Camera;Lnet/minecraft/client/renderer/state/level/LevelRenderState;Lorg/spongepowered/asm/mixin/injection/callback/CallbackInfo;)V doesn't use it's CallbackInfo
[23:39:08] [Render thread/DEBUG] (FabricLoader/Mixin) fabric-rendering-v1.mixins.json:LevelExtractorMixin from mod fabric-rendering-v1->@Inject::afterBlockOutlineExtraction(Lnet/minecraft/client/Camera;Lnet/minecraft/client/renderer/state/level/LevelRenderState;Lorg/spongepowered/asm/mixin/injection/callback/CallbackInfo;)V has 0 override(s) in child classes
[23:39:08] [Render thread/DEBUG] (FabricLoader/Mixin) fabric-rendering-v1.mixins.json:LevelExtractorMixin from mod fabric-rendering-v1->@Inject::afterBlockOutlineExtraction(Lnet/minecraft/client/Camera;Lnet/minecraft/client/renderer/state/level/LevelRenderState;Lorg/spongepowered/asm/mixin/injection/callback/CallbackInfo;)V won't be passed a CallbackInfo as a result
[23:39:08] [Render thread/DEBUG] (FabricLoader/Mixin) fabric-rendering-v1.mixins.json:LevelExtractorMixin from mod fabric-rendering-v1->@Inject::afterExtractLevel(Lnet/minecraft/client/DeltaTracker;Lnet/minecraft/client/Camera;FLorg/spongepowered/asm/mixin/injection/callback/CallbackInfo;)V doesn't use it's CallbackInfo
[23:39:08] [Render thread/DEBUG] (FabricLoader/Mixin) fabric-rendering-v1.mixins.json:LevelExtractorMixin from mod fabric-rendering-v1->@Inject::afterExtractLevel(Lnet/minecraft/client/DeltaTracker;Lnet/minecraft/client/Camera;FLorg/spongepowered/asm/mixin/injection/callback/CallbackInfo;)V has 0 override(s) in child classes
[23:39:08] [Render thread/DEBUG] (FabricLoader/Mixin) fabric-rendering-v1.mixins.json:LevelExtractorMixin from mod fabric-rendering-v1->@Inject::afterExtractLevel(Lnet/minecraft/client/DeltaTracker;Lnet/minecraft/client/Camera;FLorg/spongepowered/asm/mixin/injection/callback/CallbackInfo;)V won't be passed a CallbackInfo as a result
[23:39:08] [Render thread/DEBUG] (FabricLoader/Mixin) fabric-rendering-v1.mixins.json:LevelExtractorMixin from mod fabric-rendering-v1->@Inject::onReload(Lorg/spongepowered/asm/mixin/injection/callback/CallbackInfo;)V doesn't use it's CallbackInfo
[23:39:08] [Render thread/DEBUG] (FabricLoader/Mixin) fabric-rendering-v1.mixins.json:LevelExtractorMixin from mod fabric-rendering-v1->@Inject::onReload(Lorg/spongepowered/asm/mixin/injection/callback/CallbackInfo;)V has 0 override(s) in child classes
[23:39:08] [Render thread/DEBUG] (FabricLoader/Mixin) fabric-rendering-v1.mixins.json:LevelExtractorMixin from mod fabric-rendering-v1->@Inject::onReload(Lorg/spongepowered/asm/mixin/injection/callback/CallbackInfo;)V won't be passed a CallbackInfo as a result
[23:39:08] [Render thread/DEBUG] (FabricLoader/Mixin) Mixing DebugRendererMixin from fabric-debug-api-v1.client.mixins.json into net.minecraft.client.renderer.debug.DebugRenderer
[23:39:08] [Render thread/DEBUG] (FabricLoader/Mixin) fabric-debug-api-v1.client.mixins.json:DebugRendererMixin from mod fabric-debug-api-v1->@Inject::registerRenderers(Lorg/spongepowered/asm/mixin/injection/callback/CallbackInfo;)V doesn't use it's CallbackInfo
[23:39:08] [Render thread/DEBUG] (FabricLoader/Mixin) fabric-debug-api-v1.client.mixins.json:DebugRendererMixin from mod fabric-debug-api-v1->@Inject::registerRenderers(Lorg/spongepowered/asm/mixin/injection/callback/CallbackInfo;)V has 0 override(s) in child classes
[23:39:08] [Render thread/DEBUG] (FabricLoader/Mixin) fabric-debug-api-v1.client.mixins.json:DebugRendererMixin from mod fabric-debug-api-v1->@Inject::registerRenderers(Lorg/spongepowered/asm/mixin/injection/callback/CallbackInfo;)V won't be passed a CallbackInfo as a result
[23:39:08] [Render thread/DEBUG] (FabricLoader/Mixin) Mixing KeyedClientResourceReloadListenerMixin from fabric-resource-loader-v1.client.mixins.json into net.minecraft.client.renderer.GpuWarnlistManager
[23:39:08] [Render thread/DEBUG] (FabricLoader/Mixin) Mixing GuiMixin from fabric-screen-api-v1.mixins.json into net.minecraft.client.gui.Gui
[23:39:08] [Render thread/DEBUG] (FabricLoader/Mixin) Renaming @Unique field LOGGERLorg/slf4j/Logger; to fd7baf8b$fabric-screen-api-v1$LOGGER$0 in fabric-screen-api-v1.mixins.json:GuiMixin from mod fabric-screen-api-v1
[23:39:08] [Render thread/DEBUG] (FabricLoader/Mixin) fabric-screen-api-v1.mixins.json:GuiMixin from mod fabric-screen-api-v1->@Inject::checkThreadOnDev(Lnet/minecraft/client/gui/screens/Screen;Lorg/spongepowered/asm/mixin/injection/callback/CallbackInfo;)V doesn't use it's CallbackInfo
[23:39:08] [Render thread/DEBUG] (FabricLoader/Mixin) fabric-screen-api-v1.mixins.json:GuiMixin from mod fabric-screen-api-v1->@Inject::checkThreadOnDev(Lnet/minecraft/client/gui/screens/Screen;Lorg/spongepowered/asm/mixin/injection/callback/CallbackInfo;)V has 0 override(s) in child classes
[23:39:08] [Render thread/DEBUG] (FabricLoader/Mixin) fabric-screen-api-v1.mixins.json:GuiMixin from mod fabric-screen-api-v1->@Inject::checkThreadOnDev(Lnet/minecraft/client/gui/screens/Screen;Lorg/spongepowered/asm/mixin/injection/callback/CallbackInfo;)V won't be passed a CallbackInfo as a result
[23:39:08] [Render thread/DEBUG] (FabricLoader/Mixin) fabric-screen-api-v1.mixins.json:GuiMixin from mod fabric-screen-api-v1->@Inject::onScreenRemove(Lnet/minecraft/client/gui/screens/Screen;Lorg/spongepowered/asm/mixin/injection/callback/CallbackInfo;)V doesn't use it's CallbackInfo
[23:39:08] [Render thread/DEBUG] (FabricLoader/Mixin) fabric-screen-api-v1.mixins.json:GuiMixin from mod fabric-screen-api-v1->@Inject::onScreenRemove(Lnet/minecraft/client/gui/screens/Screen;Lorg/spongepowered/asm/mixin/injection/callback/CallbackInfo;)V has 0 override(s) in child classes
[23:39:08] [Render thread/DEBUG] (FabricLoader/Mixin) fabric-screen-api-v1.mixins.json:GuiMixin from mod fabric-screen-api-v1->@Inject::onScreenRemove(Lnet/minecraft/client/gui/screens/Screen;Lorg/spongepowered/asm/mixin/injection/callback/CallbackInfo;)V won't be passed a CallbackInfo as a result
[23:39:08] [Render thread/DEBUG] (FabricLoader/Mixin) fabric-screen-api-v1.mixins.json:GuiMixin from mod fabric-screen-api-v1->@Inject::beforeScreenTick(Lorg/spongepowered/asm/mixin/injection/callback/CallbackInfo;)V doesn't use it's CallbackInfo
[23:39:08] [Render thread/DEBUG] (FabricLoader/Mixin) fabric-screen-api-v1.mixins.json:GuiMixin from mod fabric-screen-api-v1->@Inject::beforeScreenTick(Lorg/spongepowered/asm/mixin/injection/callback/CallbackInfo;)V has 0 override(s) in child classes
[23:39:08] [Render thread/DEBUG] (FabricLoader/Mixin) fabric-screen-api-v1.mixins.json:GuiMixin from mod fabric-screen-api-v1->@Inject::beforeScreenTick(Lorg/spongepowered/asm/mixin/injection/callback/CallbackInfo;)V won't be passed a CallbackInfo as a result
[23:39:08] [Render thread/DEBUG] (FabricLoader/Mixin) fabric-screen-api-v1.mixins.json:GuiMixin from mod fabric-screen-api-v1->@Inject::afterScreenTick(Lorg/spongepowered/asm/mixin/injection/callback/CallbackInfo;)V doesn't use it's CallbackInfo
[23:39:08] [Render thread/DEBUG] (FabricLoader/Mixin) fabric-screen-api-v1.mixins.json:GuiMixin from mod fabric-screen-api-v1->@Inject::afterScreenTick(Lorg/spongepowered/asm/mixin/injection/callback/CallbackInfo;)V has 0 override(s) in child classes
[23:39:08] [Render thread/DEBUG] (FabricLoader/Mixin) fabric-screen-api-v1.mixins.json:GuiMixin from mod fabric-screen-api-v1->@Inject::afterScreenTick(Lorg/spongepowered/asm/mixin/injection/callback/CallbackInfo;)V won't be passed a CallbackInfo as a result
[23:39:08] [Render thread/DEBUG] (FabricLoader/Mixin) Mixing advancement.AdvancementsScreenMixin from fabric-rendering-v1.mixins.json into net.minecraft.client.gui.screens.advancements.AdvancementsScreen
[23:39:08] [Render thread/DEBUG] (FabricLoader/Mixin) Renaming synthetic method lambda$wrapDrawIcon$0(Lcom/llamalad7/mixinextras/injector/wrapoperation/Operation;Lnet/minecraft/client/gui/screens/advancements/AdvancementTab;Lnet/minecraft/client/gui/GuiGraphicsExtractor;II)Ljava/lang/Void; to md7baf8b$fabric-rendering-v1$lambda$wrapDrawIcon$0$0 in fabric-rendering-v1.mixins.json:advancement.AdvancementsScreenMixin from mod fabric-rendering-v1
[23:39:08] [Render thread/DEBUG] (FabricLoader/Mixin) Mixing HudMixin from fabric-content-registries-v0.client.mixins.json into net.minecraft.client.gui.Hud
[23:39:08] [Render thread/DEBUG] (FabricLoader/Mixin) Mixing HudAccessor from fabric-rendering-v1.mixins.json into net.minecraft.client.gui.Hud
[23:39:08] [Render thread/DEBUG] (FabricLoader/Mixin) Mixing HudMixin from fabric-rendering-v1.mixins.json into net.minecraft.client.gui.Hud
[23:39:08] [Render thread/DEBUG] (FabricLoader/Mixin) Renaming synthetic method lambda$wrapPlayerList$0(Lcom/llamalad7/mixinextras/injector/wrapoperation/Operation;Lnet/minecraft/client/gui/Hud;Lnet/minecraft/client/gui/GuiGraphicsExtractor;Lnet/minecraft/client/DeltaTracker;)V to md7baf8b$fabric-rendering-v1$lambda$wrapPlayerList$0$0 in fabric-rendering-v1.mixins.json:HudMixin from mod fabric-rendering-v1
[23:39:08] [Render thread/DEBUG] (FabricLoader/Mixin) Renaming synthetic method lambda$wrapChat$0(Lcom/llamalad7/mixinextras/injector/wrapoperation/Operation;Lnet/minecraft/client/gui/Hud;Lnet/minecraft/client/gui/GuiGraphicsExtractor;Lnet/minecraft/client/DeltaTracker;)V to md7baf8b$fabric-rendering-v1$lambda$wrapChat$0$1 in fabric-rendering-v1.mixins.json:HudMixin from mod fabric-rendering-v1
[23:39:08] [Render thread/DEBUG] (FabricLoader/Mixin) Renaming synthetic method lambda$wrapTitleAndSubtitle$0(Lcom/llamalad7/mixinextras/injector/wrapoperation/Operation;Lnet/minecraft/client/gui/Hud;Lnet/minecraft/client/gui/GuiGraphicsExtractor;Lnet/minecraft/client/DeltaTracker;)V to md7baf8b$fabric-rendering-v1$lambda$wrapTitleAndSubtitle$0$2 in fabric-rendering-v1.mixins.json:HudMixin from mod fabric-rendering-v1
[23:39:08] [Render thread/DEBUG] (FabricLoader/Mixin) Renaming synthetic method lambda$wrapOverlayMessage$0(Lcom/llamalad7/mixinextras/injector/wrapoperation/Operation;Lnet/minecraft/client/gui/Hud;Lnet/minecraft/client/gui/GuiGraphicsExtractor;Lnet/minecraft/client/DeltaTracker;)V to md7baf8b$fabric-rendering-v1$lambda$wrapOverlayMessage$0$3 in fabric-rendering-v1.mixins.json:HudMixin from mod fabric-rendering-v1
[23:39:08] [Render thread/DEBUG] (FabricLoader/Mixin) Renaming synthetic method lambda$wrapScoreboardSidebar$0(Lcom/llamalad7/mixinextras/injector/wrapoperation/Operation;Lnet/minecraft/client/gui/Hud;Lnet/minecraft/client/gui/GuiGraphicsExtractor;Lnet/minecraft/client/DeltaTracker;)V to md7baf8b$fabric-rendering-v1$lambda$wrapScoreboardSidebar$0$4 in fabric-rendering-v1.mixins.json:HudMixin from mod fabric-rendering-v1
[23:39:08] [Render thread/DEBUG] (FabricLoader/Mixin) Renaming synthetic method lambda$wrapDemoTimer$0(Lcom/llamalad7/mixinextras/injector/wrapoperation/Operation;Lnet/minecraft/client/gui/Hud;Lnet/minecraft/client/gui/GuiGraphicsExtractor;Lnet/minecraft/client/DeltaTracker;)V to md7baf8b$fabric-rendering-v1$lambda$wrapDemoTimer$0$5 in fabric-rendering-v1.mixins.json:HudMixin from mod fabric-rendering-v1
[23:39:08] [Render thread/DEBUG] (FabricLoader/Mixin) Renaming synthetic method lambda$wrapSleepOverlay$0(Lcom/llamalad7/mixinextras/injector/wrapoperation/Operation;Lnet/minecraft/client/gui/Hud;Lnet/minecraft/client/gui/GuiGraphicsExtractor;Lnet/minecraft/client/DeltaTracker;)V to md7baf8b$fabric-rendering-v1$lambda$wrapSleepOverlay$0$6 in fabric-rendering-v1.mixins.json:HudMixin from mod fabric-rendering-v1
[23:39:08] [Render thread/DEBUG] (FabricLoader/Mixin) Renaming synthetic method lambda$wrapBossHealthOverlay$0(Lcom/llamalad7/mixinextras/injector/wrapoperation/Operation;Lnet/minecraft/client/gui/Hud;Lnet/minecraft/client/gui/GuiGraphicsExtractor;Lnet/minecraft/client/DeltaTracker;)V to md7baf8b$fabric-rendering-v1$lambda$wrapBossHealthOverlay$0$7 in fabric-rendering-v1.mixins.json:HudMixin from mod fabric-rendering-v1
[23:39:08] [Render thread/DEBUG] (FabricLoader/Mixin) Renaming synthetic method lambda$wrapMobEffectOverlay$0(Lcom/llamalad7/mixinextras/injector/wrapoperation/Operation;Lnet/minecraft/client/gui/Hud;Lnet/minecraft/client/gui/GuiGraphicsExtractor;Lnet/minecraft/client/DeltaTracker;)V to md7baf8b$fabric-rendering-v1$lambda$wrapMobEffectOverlay$0$8 in fabric-rendering-v1.mixins.json:HudMixin from mod fabric-rendering-v1
[23:39:08] [Render thread/DEBUG] (FabricLoader/Mixin) Renaming synthetic method lambda$wrapExtractSpectatorGui$0(Lcom/llamalad7/mixinextras/injector/wrapoperation/Operation;Lnet/minecraft/client/gui/components/spectator/SpectatorGui;Lnet/minecraft/client/gui/GuiGraphicsExtractor;Lnet/minecraft/client/DeltaTracker;)V to md7baf8b$fabric-rendering-v1$lambda$wrapExtractSpectatorGui$0$9 in fabric-rendering-v1.mixins.json:HudMixin from mod fabric-rendering-v1
[23:39:08] [Render thread/DEBUG] (FabricLoader/Mixin) Renaming synthetic method lambda$wrapHeldItemTooltip$0(Lcom/llamalad7/mixinextras/injector/wrapoperation/Operation;Lnet/minecraft/client/gui/Hud;Lnet/minecraft/client/gui/GuiGraphicsExtractor;Lnet/minecraft/client/DeltaTracker;)V to md7baf8b$fabric-rendering-v1$lambda$wrapHeldItemTooltip$0$a in fabric-rendering-v1.mixins.json:HudMixin from mod fabric-rendering-v1
[23:39:08] [Render thread/DEBUG] (FabricLoader/Mixin) Renaming synthetic method lambda$wrapExperienceLevel$0(Lcom/llamalad7/mixinextras/injector/wrapoperation/Operation;Lnet/minecraft/client/gui/Font;ILnet/minecraft/client/gui/GuiGraphicsExtractor;Lnet/minecraft/client/DeltaTracker;)V to md7baf8b$fabric-rendering-v1$lambda$wrapExperienceLevel$0$b in fabric-rendering-v1.mixins.json:HudMixin from mod fabric-rendering-v1
[23:39:08] [Render thread/DEBUG] (FabricLoader/Mixin) Renaming synthetic method lambda$wrapExtractInfoBar$0(Lcom/llamalad7/mixinextras/injector/wrapoperation/Operation;Lnet/minecraft/client/gui/contextualbar/ContextualBar;Lnet/minecraft/client/gui/GuiGraphicsExtractor;Lnet/minecraft/client/DeltaTracker;)V to md7baf8b$fabric-rendering-v1$lambda$wrapExtractInfoBar$0$c in fabric-rendering-v1.mixins.json:HudMixin from mod fabric-rendering-v1
[23:39:08] [Render thread/DEBUG] (FabricLoader/Mixin) Renaming synthetic method lambda$wrapMountHealth$0(Lcom/llamalad7/mixinextras/injector/wrapoperation/Operation;Lnet/minecraft/client/gui/Hud;Lnet/minecraft/client/gui/GuiGraphicsExtractor;Lnet/minecraft/client/DeltaTracker;)V to md7baf8b$fabric-rendering-v1$lambda$wrapMountHealth$0$d in fabric-rendering-v1.mixins.json:HudMixin from mod fabric-rendering-v1
[23:39:08] [Render thread/DEBUG] (FabricLoader/Mixin) Renaming synthetic method lambda$wrapAirBar$0(Lcom/llamalad7/mixinextras/injector/wrapoperation/Operation;Lnet/minecraft/client/gui/Hud;Lnet/minecraft/world/entity/player/Player;IIILnet/minecraft/client/gui/GuiGraphicsExtractor;Lnet/minecraft/client/DeltaTracker;)V to md7baf8b$fabric-rendering-v1$lambda$wrapAirBar$0$e in fabric-rendering-v1.mixins.json:HudMixin from mod fabric-rendering-v1
[23:39:08] [Render thread/DEBUG] (FabricLoader/Mixin) Renaming synthetic method lambda$wrapFoodBar$0(Lcom/llamalad7/mixinextras/injector/wrapoperation/Operation;Lnet/minecraft/client/gui/Hud;Lnet/minecraft/world/entity/player/Player;IILnet/minecraft/client/gui/GuiGraphicsExtractor;Lnet/minecraft/client/DeltaTracker;)V to md7baf8b$fabric-rendering-v1$lambda$wrapFoodBar$0$f in fabric-rendering-v1.mixins.json:HudMixin from mod fabric-rendering-v1
[23:39:08] [Render thread/DEBUG] (FabricLoader/Mixin) Renaming synthetic method lambda$wrapHealthBar$0(Lcom/llamalad7/mixinextras/injector/wrapoperation/Operation;Lnet/minecraft/client/gui/Hud;Lnet/minecraft/world/entity/player/Player;IIIIFIIIZLnet/minecraft/client/gui/GuiGraphicsExtractor;Lnet/minecraft/client/DeltaTracker;)V to md7baf8b$fabric-rendering-v1$lambda$wrapHealthBar$0$10 in fabric-rendering-v1.mixins.json:HudMixin from mod fabric-rendering-v1
[23:39:08] [Render thread/DEBUG] (FabricLoader/Mixin) Renaming synthetic method lambda$wrapArmorBar$0(Lcom/llamalad7/mixinextras/injector/wrapoperation/Operation;Lnet/minecraft/world/entity/player/Player;IIIILnet/minecraft/client/gui/GuiGraphicsExtractor;Lnet/minecraft/client/DeltaTracker;)V to md7baf8b$fabric-rendering-v1$lambda$wrapArmorBar$0$11 in fabric-rendering-v1.mixins.json:HudMixin from mod fabric-rendering-v1
[23:39:08] [Render thread/DEBUG] (FabricLoader/Mixin) Renaming synthetic method lambda$wrapHotbar$0(Lcom/llamalad7/mixinextras/injector/wrapoperation/Operation;Lnet/minecraft/client/gui/Hud;Lnet/minecraft/client/gui/GuiGraphicsExtractor;Lnet/minecraft/client/DeltaTracker;)V to md7baf8b$fabric-rendering-v1$lambda$wrapHotbar$0$12 in fabric-rendering-v1.mixins.json:HudMixin from mod fabric-rendering-v1
[23:39:08] [Render thread/DEBUG] (FabricLoader/Mixin) Renaming synthetic method lambda$wrapSpectatorMenu$0(Lcom/llamalad7/mixinextras/injector/wrapoperation/Operation;Lnet/minecraft/client/gui/components/spectator/SpectatorGui;Lnet/minecraft/client/gui/GuiGraphicsExtractor;Lnet/minecraft/client/DeltaTracker;)V to md7baf8b$fabric-rendering-v1$lambda$wrapSpectatorMenu$0$13 in fabric-rendering-v1.mixins.json:HudMixin from mod fabric-rendering-v1
[23:39:08] [Render thread/DEBUG] (FabricLoader/Mixin) Renaming synthetic method lambda$wrapCrosshair$0(Lcom/llamalad7/mixinextras/injector/wrapoperation/Operation;Lnet/minecraft/client/gui/Hud;Lnet/minecraft/client/gui/GuiGraphicsExtractor;Lnet/minecraft/client/DeltaTracker;)V to md7baf8b$fabric-rendering-v1$lambda$wrapCrosshair$0$14 in fabric-rendering-v1.mixins.json:HudMixin from mod fabric-rendering-v1
[23:39:08] [Render thread/DEBUG] (FabricLoader/Mixin) Renaming synthetic method lambda$wrapMiscOverlays$0(Lcom/llamalad7/mixinextras/injector/wrapoperation/Operation;Lnet/minecraft/client/gui/Hud;Lnet/minecraft/client/gui/GuiGraphicsExtractor;Lnet/minecraft/client/DeltaTracker;)V to md7baf8b$fabric-rendering-v1$lambda$wrapMiscOverlays$0$15 in fabric-rendering-v1.mixins.json:HudMixin from mod fabric-rendering-v1
[23:39:08] [Render thread/DEBUG] (FabricLoader/Mixin) Mixing KeyedClientResourceReloadListenerMixin from fabric-resource-loader-v1.client.mixins.json into net.minecraft.client.resources.WaypointStyleManager
[23:39:08] [Render thread/DEBUG] (FabricLoader/Mixin) Mixing SubtitleOverlayMixin from fabric-rendering-v1.mixins.json into net.minecraft.client.gui.components.SubtitleOverlay
[23:39:08] [Render thread/DEBUG] (FabricLoader/Mixin) Renaming synthetic method lambda$wrapExtractRenderState$0(Lcom/llamalad7/mixinextras/injector/wrapoperation/Operation;Lnet/minecraft/client/gui/GuiGraphicsExtractor;Lnet/minecraft/client/DeltaTracker;)V to md7baf8b$fabric-rendering-v1$lambda$wrapExtractRenderState$0$0 in fabric-rendering-v1.mixins.json:SubtitleOverlayMixin from mod fabric-rendering-v1
[23:39:08] [Render thread/DEBUG] (FabricLoader/Mixin) Mixing KeyedClientResourceReloadListenerMixin from fabric-resource-loader-v1.client.mixins.json into net.minecraft.client.resources.SplashManager
[23:39:08] [Render thread/DEBUG] (FabricLoader/Mixin) Mixing ChatListenerMixin from fabric-message-api-v1.client.mixins.json into net.minecraft.client.multiplayer.chat.ChatListener
[23:39:08] [Render thread/DEBUG] (FabricLoader/Mixin) fabric-message-api-v1.client.mixins.json:ChatListenerMixin from mod fabric-message-api-v1->@Inject::fabric_onSignedChatMessage(Lnet/minecraft/network/chat/ChatType$Bound;Lnet/minecraft/network/chat/PlayerChatMessage;Lnet/minecraft/network/chat/Component;Lcom/mojang/authlib/GameProfile;ZLjava/time/Instant;Lorg/spongepowered/asm/mixin/injection/callback/CallbackInfoReturnable;)V does use it's CallbackInfoReturnable
[23:39:08] [Render thread/DEBUG] (FabricLoader/Mixin) fabric-message-api-v1.client.mixins.json:ChatListenerMixin from mod fabric-message-api-v1->@Inject::fabric_onFilteredSignedChatMessage(Lnet/minecraft/network/chat/ChatType$Bound;Lnet/minecraft/network/chat/PlayerChatMessage;Lnet/minecraft/network/chat/Component;Lcom/mojang/authlib/GameProfile;ZLjava/time/Instant;Lorg/spongepowered/asm/mixin/injection/callback/CallbackInfoReturnable;)V does use it's CallbackInfoReturnable
[23:39:08] [Render thread/DEBUG] (FabricLoader/Mixin) fabric-message-api-v1.client.mixins.json:ChatListenerMixin from mod fabric-message-api-v1->@Inject::fabric_onProfilelessChatMessage(Lnet/minecraft/network/chat/ChatType$Bound;Lnet/minecraft/network/chat/Component;Ljava/time/Instant;Lorg/spongepowered/asm/mixin/injection/callback/CallbackInfoReturnable;)V does use it's CallbackInfoReturnable
[23:39:08] [Render thread/DEBUG] (FabricLoader/Mixin) fabric-message-api-v1.client.mixins.json:ChatListenerMixin from mod fabric-message-api-v1->@Inject::fabric_allowSystemMessage(Lnet/minecraft/network/chat/Component;ZLorg/spongepowered/asm/mixin/injection/callback/CallbackInfo;)V does use it's CallbackInfo
[23:39:08] [Render thread/DEBUG] (FabricLoader/Mixin) fabric-message-api-v1.client.mixins.json:ChatListenerMixin from mod fabric-message-api-v1->@Inject::fabric_allowOverlayMessage(Lnet/minecraft/network/chat/Component;Lorg/spongepowered/asm/mixin/injection/callback/CallbackInfo;)V does use it's CallbackInfo
[23:39:08] [Render thread/DEBUG] (FabricLoader/Mixin) Mixing ResourceMixin from fabric-resource-loader-v1.mixins.json into net.minecraft.server.packs.resources.Resource
[23:39:08] [Download-1/INFO] (com.mojang.realmsclient.client.RealmsClient) Could not authorize you against Realms server: java.lang.RuntimeException: Failed to parse into SignedJWT: FabricMC
[23:39:08] [Download-1/ERROR] (com.mojang.realmsclient.client.RealmsClient) Failed to fetch Realms feature flags
com.mojang.realmsclient.exception.RealmsServiceException: Realms authentication error with message 'java.lang.RuntimeException: Failed to parse into SignedJWT: FabricMC'
	at knot//com.mojang.realmsclient.client.RealmsClient.execute(RealmsClient.java:528)
	at knot//com.mojang.realmsclient.client.RealmsClient.fetchFeatureFlags(RealmsClient.java:187)
	at java.base/java.util.concurrent.CompletableFuture$AsyncSupply.run(Unknown Source)
	at java.base/java.util.concurrent.ThreadPoolExecutor.runWorker(Unknown Source)
	at java.base/java.util.concurrent.ThreadPoolExecutor$Worker.run(Unknown Source)
	at java.base/java.lang.Thread.run(Unknown Source)
[23:39:08] [Render thread/INFO] (net.minecraft.server.packs.resources.ReloadableResourceManager) Reloading ResourceManager: vanilla, chunkpreload, cloth-config, fabric-api, fabric-api-base, fabric-api-lookup-api-v1, fabric-biome-api-v1, fabric-block-api-v1, fabric-block-getter-api-v2, fabric-client-gametest-api-v1, fabric-command-api-v2, fabric-content-registries-v0, fabric-convention-tags-v2, fabric-crash-report-info-v1, fabric-creative-tab-api-v1, fabric-data-attachment-api-v1, fabric-data-generation-api-v1, fabric-debug-api-v1, fabric-dimensions-v1, fabric-entity-events-v1, fabric-events-interaction-v0, fabric-game-rule-api-v1, fabric-gametest-api-v1, fabric-item-api-v1, fabric-key-mapping-api-v1, fabric-lifecycle-events-v1, fabric-loot-api-v3, fabric-menu-api-v1, fabric-message-api-v1, fabric-model-loading-api-v1, fabric-networking-api-v1, fabric-object-builder-api-v1, fabric-particles-v1, fabric-permission-api-v1, fabric-recipe-api-v1, fabric-registry-sync-v0, fabric-renderer-api-v1, fabric-renderer-indigo, fabric-rendering-fluids-v1, fabric-rendering-v1, fabric-resource-conditions-api-v1, fabric-resource-loader-v0, fabric-resource-loader-v1, fabric-screen-api-v1, fabric-serialization-api-v1, fabric-sound-api-v1, fabric-tag-api-v1, fabric-transfer-api-v1, fabric-transitive-access-wideners-v1, fabricloader
[23:39:08] [Render thread/DEBUG] (FabricLoader/Mixin) Mixing SimpleReloadInstanceMixin from fabric-resource-loader-v1.mixins.json into net.minecraft.server.packs.resources.SimpleReloadInstance
[23:39:08] [Render thread/DEBUG] (FabricLoader/Mixin) Mixing sprite.SpriteLoaderPreparationsMixin from fabric-renderer-api-v1.mixins.json into net.minecraft.client.renderer.texture.SpriteLoader$Preparations
[23:39:08] [Render thread/DEBUG] (FabricLoader/Mixin) Mixing modification.RegistryAccessImmutableRegistryAccessMixin from fabric-biome-api-v1.mixins.json into net.minecraft.core.RegistryAccess$ImmutableRegistryAccess
[23:39:08] [Render thread/DEBUG] (FabricLoader/Mixin) Mixing RegistryAccessImmutableRegistryAccessMixin from fabric-dimensions-v1.mixins.json into net.minecraft.core.RegistryAccess$ImmutableRegistryAccess
[23:39:08] [Render thread/DEBUG] (FabricLoader/Mixin) Mixing StagedVertexBufferDrawAccessor from fabric-rendering-v1.mixins.json into net.minecraft.client.renderer.StagedVertexBuffer$Draw
[23:39:08] [Render thread/DEBUG] (FabricLoader/Mixin) Mixing GuiRendererDrawAccessor from fabric-rendering-v1.mixins.json into net.minecraft.client.gui.render.GuiRenderer$Draw
[23:39:08] [Render thread/DEBUG] (com.mojang.blaze3d.systems.RenderSystem) Growing IndexBuffer: Old limit 0, new limit 60.
[23:39:09] [Worker-Main-8/INFO] (net.minecraft.client.gui.font.providers.UnihexProvider) Found unifont_pua-17.0.01.hex, loading
[23:39:09] [Worker-Main-5/INFO] (net.minecraft.client.gui.font.providers.UnihexProvider) Found unifont_all_no_pua-17.0.01.hex, loading
[23:39:09] [Worker-Main-11/DEBUG] (FabricLoader/Mixin) Mixing LayerDefinitionsMixin from fabric-rendering-v1.mixins.json into net.minecraft.client.model.geom.LayerDefinitions
[23:39:09] [Worker-Main-11/DEBUG] (FabricLoader/Mixin) fabric-rendering-v1.mixins.json:LayerDefinitionsMixin from mod fabric-rendering-v1->@Inject::registerExtraModelData(Lorg/spongepowered/asm/mixin/injection/callback/CallbackInfoReturnable;)V doesn't use it's CallbackInfoReturnable
[23:39:09] [Worker-Main-10/DEBUG] (FabricLoader/Mixin) Mixing BuiltInBlockModelsMixin from fabric-rendering-v1.mixins.json into net.minecraft.client.renderer.block.BuiltInBlockModels
[23:39:09] [Worker-Main-10/DEBUG] (FabricLoader/Mixin) fabric-rendering-v1.mixins.json:BuiltInBlockModelsMixin from mod fabric-rendering-v1->@Inject::createBlockModels(Lorg/spongepowered/asm/mixin/injection/callback/CallbackInfoReturnable;)V doesn't use it's CallbackInfoReturnable
[23:39:09] [Worker-Main-4/DEBUG] (FabricLoader/Mixin) Mixing CuboidModelAccessor from fabric-model-loading-api-v1.mixins.json into net.minecraft.client.resources.model.cuboid.CuboidModel
[23:39:09] [Worker-Main-4/DEBUG] (FabricLoader/Mixin) Mixing CuboidModelMixin from fabric-model-loading-api-v1.mixins.json into net.minecraft.client.resources.model.cuboid.CuboidModel
[23:39:09] [Worker-Main-11/DEBUG] (FabricLoader/Mixin) Mixing renderstate.RenderStateMixin from fabric-rendering-v1.mixins.json into net.minecraft.client.renderer.entity.state.EntityRenderState
[23:39:09] [Worker-Main-10/DEBUG] (FabricLoader/Mixin) Mixing ModelLayersAccessor from fabric-rendering-v1.mixins.json into net.minecraft.client.model.geom.ModelLayers
[23:39:09] [Worker-Main-10/DEBUG] (FabricLoader/Mixin) Renaming @Accessor method getLayers()Ljava/util/Set; to getLayers$fabric-rendering-v1_$md$7baf8b$0 in fabric-rendering-v1.mixins.json:ModelLayersAccessor from mod fabric-rendering-v1
[23:39:09] [Worker-Main-1/INFO] (net.minecraft.client.gui.font.providers.UnihexProvider) Found unifont_jp_patch-17.0.01.hex, loading
[23:39:09] [Worker-Main-10/DEBUG] (FabricLoader/Mixin) Mixing block.model.MultiPartModelMixin from fabric-renderer-api-v1.mixins.json into net.minecraft.client.renderer.block.dispatch.multipart.MultiPartModel
[23:39:10] [Worker-Main-9/DEBUG] (FabricLoader/Mixin) Mixing block.model.WeightedVariantsMixin from fabric-renderer-api-v1.mixins.json into net.minecraft.client.renderer.block.dispatch.WeightedVariants
[23:39:10] [Worker-Main-9/DEBUG] (FabricLoader/Mixin) Mixing ModelBakeryMixin from fabric-model-loading-api-v1.mixins.json into net.minecraft.client.resources.model.ModelBakery
[23:39:10] [Worker-Main-9/DEBUG] (FabricLoader/Mixin) Renaming synthetic method lambda$withExtraModels$1(Lnet/minecraft/client/resources/model/ModelBakery$BakingResult;Ljava/util/Map;)Lnet/minecraft/client/resources/model/ModelBakery$BakingResult; to md7baf8b$fabric-model-loading-api-v1$lambda$withExtraModels$1$0 in fabric-model-loading-api-v1.mixins.json:ModelBakeryMixin from mod fabric-model-loading-api-v1
[23:39:10] [Worker-Main-9/DEBUG] (FabricLoader/Mixin) Renaming synthetic method lambda$withExtraModels$0(Lnet/minecraft/client/resources/model/ModelBakery$ModelBakerImpl;Lnet/fabricmc/fabric/api/client/model/loading/v1/ExtraModelKey;Lnet/fabricmc/fabric/api/client/model/loading/v1/UnbakedExtraModel;)Ljava/lang/Object; to md7baf8b$fabric-model-loading-api-v1$lambda$withExtraModels$0$1 in fabric-model-loading-api-v1.mixins.json:ModelBakeryMixin from mod fabric-model-loading-api-v1
[23:39:10] [Worker-Main-9/DEBUG] (FabricLoader/Mixin) Renaming synthetic method lambda$hookBlockModelBake$0(Ljava/util/function/BiFunction;Lnet/minecraft/world/level/block/state/BlockState;Lnet/minecraft/client/renderer/block/dispatch/BlockStateModel$UnbakedRoot;)Lnet/minecraft/client/renderer/block/dispatch/BlockStateModel; to md7baf8b$fabric-model-loading-api-v1$lambda$hookBlockModelBake$0$2 in fabric-model-loading-api-v1.mixins.json:ModelBakeryMixin from mod fabric-model-loading-api-v1
[23:39:10] [Worker-Main-9/DEBUG] (FabricLoader/Mixin) fabric-model-loading-api-v1.mixins.json:ModelBakeryMixin from mod fabric-model-loading-api-v1->@Inject::onReturnInit(Lorg/spongepowered/asm/mixin/injection/callback/CallbackInfo;)V doesn't use it's CallbackInfo
[23:39:10] [Worker-Main-9/DEBUG] (FabricLoader/Mixin) fabric-model-loading-api-v1.mixins.json:ModelBakeryMixin from mod fabric-model-loading-api-v1->@Inject::onReturnInit(Lorg/spongepowered/asm/mixin/injection/callback/CallbackInfo;)V has 0 override(s) in child classes
[23:39:10] [Worker-Main-9/DEBUG] (FabricLoader/Mixin) fabric-model-loading-api-v1.mixins.json:ModelBakeryMixin from mod fabric-model-loading-api-v1->@Inject::onReturnInit(Lorg/spongepowered/asm/mixin/injection/callback/CallbackInfo;)V won't be passed a CallbackInfo as a result
[23:39:10] [Worker-Main-9/DEBUG] (FabricLoader/Mixin) Mixing block.model.BlockStateModelPartMixin from fabric-renderer-api-v1.mixins.json into net.minecraft.client.renderer.block.dispatch.BlockStateModelPart
[23:39:10] [Worker-Main-9/DEBUG] (FabricLoader/Mixin) Mixing block.model.SimpleModelWrapperMixin from fabric-renderer-api-v1.mixins.json into net.minecraft.client.resources.model.SimpleModelWrapper
[23:39:10] [Worker-Main-9/DEBUG] (FabricLoader/Mixin) Renaming synthetic method lambda$emitQuads$0(Lnet/fabricmc/fabric/api/client/renderer/v1/mesh/MutableQuadView;)Z to md7baf8b$fabric-renderer-api-v1$lambda$emitQuads$0$0 in fabric-renderer-api-v1.mixins.json:block.model.SimpleModelWrapperMixin from mod fabric-renderer-api-v1
[23:39:10] [Worker-Main-9/DEBUG] (FabricLoader/Mixin) Renaming synthetic method lambda$analyzeMesh$0(Lcom/llamalad7/mixinextras/sugar/ref/LocalRef;Lnet/minecraft/client/resources/model/ModelBaker;Lnet/fabricmc/fabric/api/client/renderer/v1/mesh/QuadView;)V to md7baf8b$fabric-renderer-api-v1$lambda$analyzeMesh$0$1 in fabric-renderer-api-v1.mixins.json:block.model.SimpleModelWrapperMixin from mod fabric-renderer-api-v1
[23:39:10] [Worker-Main-9/DEBUG] (FabricLoader/Mixin) Renaming synthetic method lambda$storeModelBakery$0(Lcom/llamalad7/mixinextras/injector/wrapoperation/Operation;Lnet/minecraft/client/resources/model/geometry/QuadCollection;)Lcom/google/common/collect/Multimap; to md7baf8b$fabric-renderer-api-v1$lambda$storeModelBakery$0$2 in fabric-renderer-api-v1.mixins.json:block.model.SimpleModelWrapperMixin from mod fabric-renderer-api-v1
[23:39:10] [Worker-Main-9/DEBUG] (FabricLoader/Mixin) fabric-renderer-api-v1.mixins.json:block.model.SimpleModelWrapperMixin from mod fabric-renderer-api-v1->@Inject::analyzeMesh(Lnet/minecraft/client/resources/model/geometry/QuadCollection;Lorg/spongepowered/asm/mixin/injection/callback/CallbackInfoReturnable;)V doesn't use it's CallbackInfoReturnable
[23:39:10] [Worker-Main-10/DEBUG] (FabricLoader/Mixin) Mixing block.model.MultiPartModelSharedBakedStateAccessor from fabric-renderer-api-v1.mixins.json into net.minecraft.client.renderer.block.dispatch.multipart.MultiPartModel$SharedBakedState
[23:39:10] [Worker-Main-9/DEBUG] (FabricLoader/Mixin) Mixing ModelBakeryBakingResultMixin from fabric-model-loading-api-v1.mixins.json into net.minecraft.client.resources.model.ModelBakery$BakingResult
[23:39:10] [Worker-Main-3/DEBUG] (FabricLoader/Mixin) Mixing ModelPartAccessor from fabric-rendering-v1.mixins.json into net.minecraft.client.model.geom.ModelPart
[23:39:10] [Worker-Main-7/DEBUG] (FabricLoader/Mixin) Mixing block.render.BlockStateModelWrapperMixin from fabric-renderer-api-v1.mixins.json into net.minecraft.client.renderer.block.model.BlockStateModelWrapper
[23:39:10] [Worker-Main-7/DEBUG] (FabricLoader/Mixin) Renaming synthetic method lambda$update$0(Lnet/minecraft/core/Direction;)Z to md7baf8b$fabric-renderer-api-v1$lambda$update$0$0 in fabric-renderer-api-v1.mixins.json:block.render.BlockStateModelWrapperMixin from mod fabric-renderer-api-v1
[23:39:10] [Worker-Main-7/DEBUG] (FabricLoader/Mixin) Mixing FluidStateModelSetMixin from fabric-rendering-fluids-v1.mixins.json into net.minecraft.client.renderer.block.FluidStateModelSet
[23:39:10] [Worker-Main-7/DEBUG] (FabricLoader/Mixin) Renaming synthetic method lambda$bake$0(Ljava/util/Map$Entry;)Ljava/lang/String; to md7baf8b$fabric-rendering-fluids-v1$lambda$bake$0$0 in fabric-rendering-fluids-v1.mixins.json:FluidStateModelSetMixin from mod fabric-rendering-fluids-v1
[23:39:12] [Render thread/INFO] (com.mojang.blaze3d.audio.Library) OpenAL initialized on device OpenAL Soft on Headphones (WH304B)
[23:39:12] [Render thread/INFO] (net.minecraft.client.sounds.SoundEngine) Sound engine started
[23:39:12] [Render thread/INFO] (net.minecraft.client.renderer.texture.TextureAtlas) Created: 512x256x0 minecraft:textures/atlas/particles.png-atlas
[23:39:12] [Render thread/INFO] (net.minecraft.client.renderer.texture.TextureAtlas) Created: 128x128x0 minecraft:textures/atlas/decorated_pot.png-atlas
[23:39:12] [Render thread/INFO] (net.minecraft.client.renderer.texture.TextureAtlas) Created: 2048x1024x0 minecraft:textures/atlas/armor_trims.png-atlas
[23:39:12] [Render thread/INFO] (net.minecraft.client.renderer.texture.TextureAtlas) Created: 512x256x0 minecraft:textures/atlas/paintings.png-atlas
[23:39:12] [Render thread/INFO] (net.minecraft.client.renderer.texture.TextureAtlas) Created: 1024x512x0 minecraft:textures/atlas/shield_patterns.png-atlas
[23:39:12] [Render thread/INFO] (net.minecraft.client.renderer.texture.TextureAtlas) Created: 2048x2048x4 minecraft:textures/atlas/blocks.png-atlas
[23:39:12] [Render thread/INFO] (net.minecraft.client.renderer.texture.TextureAtlas) Created: 512x512x0 minecraft:textures/atlas/chest.png-atlas
[23:39:12] [Render thread/INFO] (net.minecraft.client.renderer.texture.TextureAtlas) Created: 256x128x0 minecraft:textures/atlas/celestials.png-atlas
[23:39:12] [Render thread/INFO] (net.minecraft.client.renderer.texture.TextureAtlas) Created: 1024x512x0 minecraft:textures/atlas/banner_patterns.png-atlas
[23:39:12] [Render thread/INFO] (net.minecraft.client.renderer.texture.TextureAtlas) Created: 1024x512x0 minecraft:textures/atlas/items.png-atlas
[23:39:12] [Render thread/INFO] (net.minecraft.client.renderer.texture.TextureAtlas) Created: 1024x1024x0 minecraft:textures/atlas/gui.png-atlas
[23:39:12] [Render thread/INFO] (net.minecraft.client.renderer.texture.TextureAtlas) Created: 128x64x0 minecraft:textures/atlas/map_decorations.png-atlas
[23:39:12] [Render thread/INFO] (net.minecraft.client.renderer.texture.TextureAtlas) Created: 512x512x0 minecraft:textures/atlas/shulker_boxes.png-atlas
[23:39:12] [Render thread/DEBUG] (FabricLoader/Mixin) Mixing block.particle.BlockStateModelSetMixin from fabric-renderer-api-v1.mixins.json into net.minecraft.client.renderer.block.BlockStateModelSet
[23:39:12] [Render thread/DEBUG] (FabricLoader/Mixin) Mixing EntityRenderersMixin from fabric-rendering-v1.mixins.json into net.minecraft.client.renderer.entity.EntityRenderers
[23:39:12] [Render thread/DEBUG] (FabricLoader/Mixin) Renaming synthetic method lambda$onRegisterRenderers$0(Lnet/minecraft/world/entity/EntityType;Lnet/minecraft/client/renderer/entity/EntityRendererProvider;)V to md7baf8b$fabric-rendering-v1$lambda$onRegisterRenderers$0$0 in fabric-rendering-v1.mixins.json:EntityRenderersMixin from mod fabric-rendering-v1
[23:39:12] [Render thread/DEBUG] (FabricLoader/Mixin) fabric-rendering-v1.mixins.json:EntityRenderersMixin from mod fabric-rendering-v1->@Inject::onRegisterRenderers(Lorg/spongepowered/asm/mixin/injection/callback/CallbackInfo;)V doesn't use it's CallbackInfo
[23:39:12] [Render thread/DEBUG] (FabricLoader/Mixin) Mixing HumanoidMobRendererMixin from fabric-rendering-v1.mixins.json into net.minecraft.client.renderer.entity.HumanoidMobRenderer
[23:39:12] [Render thread/DEBUG] (FabricLoader/Mixin) Mixing HumanoidArmorLayerMixin from fabric-rendering-v1.mixins.json into net.minecraft.client.renderer.entity.layers.HumanoidArmorLayer
[23:39:12] [Render thread/DEBUG] (FabricLoader/Mixin) fabric-rendering-v1.mixins.json:HumanoidArmorLayerMixin from mod fabric-rendering-v1->@Inject::render(Lcom/mojang/blaze3d/vertex/PoseStack;Lnet/minecraft/client/renderer/SubmitNodeCollector;ILnet/minecraft/client/renderer/entity/state/HumanoidRenderState;FFLorg/spongepowered/asm/mixin/injection/callback/CallbackInfo;)V doesn't use it's CallbackInfo
[23:39:12] [Render thread/DEBUG] (FabricLoader/Mixin) fabric-rendering-v1.mixins.json:HumanoidArmorLayerMixin from mod fabric-rendering-v1->@Inject::render(Lcom/mojang/blaze3d/vertex/PoseStack;Lnet/minecraft/client/renderer/SubmitNodeCollector;ILnet/minecraft/client/renderer/entity/state/HumanoidRenderState;FFLorg/spongepowered/asm/mixin/injection/callback/CallbackInfo;)V has 0 override(s) in child classes
[23:39:12] [Render thread/DEBUG] (FabricLoader/Mixin) fabric-rendering-v1.mixins.json:HumanoidArmorLayerMixin from mod fabric-rendering-v1->@Inject::render(Lcom/mojang/blaze3d/vertex/PoseStack;Lnet/minecraft/client/renderer/SubmitNodeCollector;ILnet/minecraft/client/renderer/entity/state/HumanoidRenderState;FFLorg/spongepowered/asm/mixin/injection/callback/CallbackInfo;)V won't be passed a CallbackInfo as a result
[23:39:12] [Render thread/DEBUG] (FabricLoader/Mixin) fabric-rendering-v1.mixins.json:HumanoidArmorLayerMixin from mod fabric-rendering-v1->@Inject::renderArmor(Lcom/mojang/blaze3d/vertex/PoseStack;Lnet/minecraft/client/renderer/SubmitNodeCollector;Lnet/minecraft/world/item/ItemStack;Lnet/minecraft/world/entity/EquipmentSlot;ILnet/minecraft/client/renderer/entity/state/HumanoidRenderState;Lorg/spongepowered/asm/mixin/injection/callback/CallbackInfo;)V does use it's CallbackInfo
[23:39:12] [Render thread/DEBUG] (FabricLoader/Mixin) Mixing block.render.BlockModelRenderStateMixin from fabric-renderer-api-v1.mixins.json into net.minecraft.client.renderer.block.BlockModelRenderState
[23:39:12] [Render thread/DEBUG] (FabricLoader/Mixin) Renaming synthetic method lambda$submitMesh$1(Lnet/minecraft/client/renderer/rendertype/RenderType;Lnet/minecraft/client/renderer/chunk/ChunkSectionLayer;)Lnet/minecraft/client/renderer/rendertype/RenderType; to md7baf8b$fabric-renderer-api-v1$lambda$submitMesh$1$0 in fabric-renderer-api-v1.mixins.json:block.render.BlockModelRenderStateMixin from mod fabric-renderer-api-v1
[23:39:12] [Render thread/DEBUG] (FabricLoader/Mixin) Renaming synthetic method lambda$submitMesh$0(Lnet/minecraft/client/renderer/rendertype/RenderType;Lnet/minecraft/client/renderer/chunk/ChunkSectionLayer;)Lnet/minecraft/client/renderer/rendertype/RenderType; to md7baf8b$fabric-renderer-api-v1$lambda$submitMesh$0$1 in fabric-renderer-api-v1.mixins.json:block.render.BlockModelRenderStateMixin from mod fabric-renderer-api-v1
[23:39:12] [Render thread/DEBUG] (FabricLoader/Mixin) Mixing renderstate.BlockModelRenderStateMixin from fabric-rendering-v1.mixins.json into net.minecraft.client.renderer.block.BlockModelRenderState
[23:39:12] [Render thread/DEBUG] (FabricLoader/Mixin) Mixing renderstate.RenderStateMixin from fabric-rendering-v1.mixins.json into net.minecraft.client.renderer.block.BlockModelRenderState
[23:39:12] [Render thread/DEBUG] (FabricLoader/Mixin) fabric-renderer-api-v1.mixins.json:block.render.BlockModelRenderStateMixin from mod fabric-renderer-api-v1->@Inject::onReturnClear(Lorg/spongepowered/asm/mixin/injection/callback/CallbackInfo;)V doesn't use it's CallbackInfo
[23:39:12] [Render thread/DEBUG] (FabricLoader/Mixin) fabric-renderer-api-v1.mixins.json:block.render.BlockModelRenderStateMixin from mod fabric-renderer-api-v1->@Inject::onReturnClear(Lorg/spongepowered/asm/mixin/injection/callback/CallbackInfo;)V has 0 override(s) in child classes
[23:39:12] [Render thread/DEBUG] (FabricLoader/Mixin) fabric-renderer-api-v1.mixins.json:block.render.BlockModelRenderStateMixin from mod fabric-renderer-api-v1->@Inject::onReturnClear(Lorg/spongepowered/asm/mixin/injection/callback/CallbackInfo;)V won't be passed a CallbackInfo as a result
[23:39:12] [Render thread/DEBUG] (FabricLoader/Mixin) fabric-renderer-api-v1.mixins.json:block.render.BlockModelRenderStateMixin from mod fabric-renderer-api-v1->@Inject::onReturnSetupModel(Lorg/spongepowered/asm/mixin/injection/callback/CallbackInfoReturnable;)V doesn't use it's CallbackInfoReturnable
[23:39:12] [Render thread/DEBUG] (FabricLoader/Mixin) fabric-renderer-api-v1.mixins.json:block.render.BlockModelRenderStateMixin from mod fabric-renderer-api-v1->@Inject::onReturnSetupModel(Lorg/spongepowered/asm/mixin/injection/callback/CallbackInfoReturnable;)V has 0 override(s) in child classes
[23:39:12] [Render thread/DEBUG] (FabricLoader/Mixin) fabric-renderer-api-v1.mixins.json:block.render.BlockModelRenderStateMixin from mod fabric-renderer-api-v1->@Inject::onReturnSetupModel(Lorg/spongepowered/asm/mixin/injection/callback/CallbackInfoReturnable;)V won't be passed a CallbackInfoReturnable as a result
[23:39:12] [Render thread/DEBUG] (FabricLoader/Mixin) fabric-renderer-api-v1.mixins.json:block.render.BlockModelRenderStateMixin from mod fabric-renderer-api-v1->@Inject::submitMesh(Lnet/minecraft/client/renderer/rendertype/RenderType;Lcom/mojang/blaze3d/vertex/PoseStack;Lnet/minecraft/client/renderer/SubmitNodeCollector;IIILorg/spongepowered/asm/mixin/injection/callback/CallbackInfo;)V does use it's CallbackInfo
[23:39:12] [Render thread/DEBUG] (FabricLoader/Mixin) fabric-rendering-v1.mixins.json:renderstate.BlockModelRenderStateMixin from mod fabric-rendering-v1->@Inject::clearExtraRenderData(Lorg/spongepowered/asm/mixin/injection/callback/CallbackInfo;)V doesn't use it's CallbackInfo
[23:39:12] [Render thread/DEBUG] (FabricLoader/Mixin) fabric-rendering-v1.mixins.json:renderstate.BlockModelRenderStateMixin from mod fabric-rendering-v1->@Inject::clearExtraRenderData(Lorg/spongepowered/asm/mixin/injection/callback/CallbackInfo;)V has 0 override(s) in child classes
[23:39:12] [Render thread/DEBUG] (FabricLoader/Mixin) fabric-rendering-v1.mixins.json:renderstate.BlockModelRenderStateMixin from mod fabric-rendering-v1->@Inject::clearExtraRenderData(Lorg/spongepowered/asm/mixin/injection/callback/CallbackInfo;)V won't be passed a CallbackInfo as a result
[23:39:12] [Render thread/DEBUG] (FabricLoader/Mixin) Mixing CapeLayerMixin from fabric-rendering-v1.mixins.json into net.minecraft.client.renderer.entity.layers.CapeLayer
[23:39:12] [Render thread/DEBUG] (FabricLoader/Mixin) fabric-rendering-v1.mixins.json:CapeLayerMixin from mod fabric-rendering-v1->@Inject::injectCapeRenderCheck(Lcom/mojang/blaze3d/vertex/PoseStack;Lnet/minecraft/client/renderer/SubmitNodeCollector;ILnet/minecraft/client/renderer/entity/state/AvatarRenderState;FFLorg/spongepowered/asm/mixin/injection/callback/CallbackInfo;)V does use it's CallbackInfo
[23:39:12] [Render thread/DEBUG] (FabricLoader/Mixin) Mixing BlockEntityRenderersMixin from fabric-rendering-v1.mixins.json into net.minecraft.client.renderer.blockentity.BlockEntityRenderers
[23:39:12] [Render thread/DEBUG] (FabricLoader/Mixin) Renaming synthetic method lambda$init$0(Lnet/minecraft/world/level/block/entity/BlockEntityType;Lnet/minecraft/client/renderer/blockentity/BlockEntityRendererProvider;)V to md7baf8b$fabric-rendering-v1$lambda$init$0$0 in fabric-rendering-v1.mixins.json:BlockEntityRenderersMixin from mod fabric-rendering-v1
[23:39:12] [Render thread/DEBUG] (FabricLoader/Mixin) fabric-rendering-v1.mixins.json:BlockEntityRenderersMixin from mod fabric-rendering-v1->@Inject::init(Lorg/spongepowered/asm/mixin/injection/callback/CallbackInfo;)V doesn't use it's CallbackInfo
[23:39:12] [Render thread/DEBUG] (io.netty.util.internal.ThreadLocalRandom) -Dio.netty.initialSeedUniquifier: 0xc57f6e77e7156705
[23:39:13] [Download-1/INFO] (com.mojang.realmsclient.client.RealmsClient) Could not authorize you against Realms server: java.lang.RuntimeException: Failed to parse into SignedJWT: FabricMC
[23:39:13] [Download-1/ERROR] (com.mojang.realmsclient.RealmsAvailability) Couldn't connect to realms
com.mojang.realmsclient.exception.RealmsServiceException: Realms authentication error with message 'java.lang.RuntimeException: Failed to parse into SignedJWT: FabricMC'
	at knot//com.mojang.realmsclient.client.RealmsClient.execute(RealmsClient.java:528)
	at knot//com.mojang.realmsclient.client.RealmsClient.clientCompatible(RealmsClient.java:308)
	at knot//com.mojang.realmsclient.RealmsAvailability.lambda$check$0(RealmsAvailability.java:48)
	at java.base/java.util.concurrent.CompletableFuture$AsyncSupply.run(Unknown Source)
	at java.base/java.util.concurrent.ThreadPoolExecutor.runWorker(Unknown Source)
	at java.base/java.util.concurrent.ThreadPoolExecutor$Worker.run(Unknown Source)
	at java.base/java.lang.Thread.run(Unknown Source)
[23:39:13] [Render thread/DEBUG] (FabricLoader/Mixin) Mixing renderstate.RenderStateMixin from fabric-rendering-v1.mixins.json into net.minecraft.client.renderer.state.gui.PanoramaRenderState
[23:39:13] [Render thread/DEBUG] (com.mojang.blaze3d.systems.RenderSystem) Growing IndexBuffer: Old limit 60, new limit 216.
[23:39:14] [Render thread/DEBUG] (com.mojang.blaze3d.systems.RenderSystem) Growing IndexBuffer: Old limit 216, new limit 1320.
[23:39:19] [Render thread/DEBUG] (com.mojang.blaze3d.systems.RenderSystem) Growing IndexBuffer: Old limit 1320, new limit 5640.
[23:39:31] [Server Pinger #0/DEBUG] (io.netty.channel.kqueue.KQueue) KQueue support is not available: null
[23:39:31] [Server Pinger #0/DEBUG] (io.netty.channel.epoll.Epoll) Epoll support is not available: null
[23:39:31] [Server Pinger #0/DEBUG] (FabricLoader/Mixin) Mixing PacketDecoderMixin from fabric-networking-api-v1.mixins.json into net.minecraft.network.PacketDecoder
[23:39:31] [Server Pinger #0/DEBUG] (FabricLoader/Mixin) Renaming synthetic method lambda$wrapWithContext$0(Lcom/llamalad7/mixinextras/injector/wrapoperation/Operation;Lio/netty/channel/ChannelHandlerContext;Lio/netty/buffer/ByteBuf;Ljava/util/List;)V to md7baf8b$fabric-networking-api-v1$lambda$wrapWithContext$0$0 in fabric-networking-api-v1.mixins.json:PacketDecoderMixin from mod fabric-networking-api-v1
[23:39:31] [Server Pinger #0/DEBUG] (FabricLoader/Mixin) Mixing accessor.PacketDecoderAccessor from fabric-networking-api-v1.mixins.json into net.minecraft.network.PacketDecoder
[23:39:31] [Server Pinger #0/DEBUG] (FabricLoader/Mixin) Mixing PacketEncoderMixin from fabric-networking-api-v1.mixins.json into net.minecraft.network.PacketEncoder
[23:39:31] [Server Pinger #0/DEBUG] (FabricLoader/Mixin) Renaming synthetic method lambda$wrapWithContext$0(Lcom/llamalad7/mixinextras/injector/wrapoperation/Operation;Lio/netty/channel/ChannelHandlerContext;Lnet/minecraft/network/protocol/Packet;Lio/netty/buffer/ByteBuf;)V to md7baf8b$fabric-networking-api-v1$lambda$wrapWithContext$0$0 in fabric-networking-api-v1.mixins.json:PacketEncoderMixin from mod fabric-networking-api-v1
[23:39:31] [Server Pinger #0/DEBUG] (FabricLoader/Mixin) Mixing accessor.PacketEncoderAccessor from fabric-networking-api-v1.mixins.json into net.minecraft.network.PacketEncoder
[23:39:31] [Server Pinger #0/DEBUG] (FabricLoader/Mixin) fabric-networking-api-v1.mixins.json:PacketEncoderMixin from mod fabric-networking-api-v1->@Inject::handlePassthroughPacket(Lio/netty/channel/ChannelHandlerContext;Lnet/minecraft/network/protocol/Packet;Lio/netty/buffer/ByteBuf;Lorg/spongepowered/asm/mixin/injection/callback/CallbackInfo;)V does use it's CallbackInfo
[23:39:31] [Server Pinger #0/DEBUG] (FabricLoader/Mixin) Mixing IdDispatchCodecMixin from fabric-networking-api-v1.mixins.json into net.minecraft.network.codec.IdDispatchCodec
[23:39:31] [Server Pinger #0/DEBUG] (FabricLoader/Mixin) fabric-networking-api-v1.mixins.json:IdDispatchCodecMixin from mod fabric-networking-api-v1->@Inject::encode(Lio/netty/buffer/ByteBuf;Ljava/lang/Object;Lorg/spongepowered/asm/mixin/injection/callback/CallbackInfo;)V doesn't use it's CallbackInfo
[23:39:31] [Server Pinger #0/DEBUG] (FabricLoader/Mixin) fabric-networking-api-v1.mixins.json:IdDispatchCodecMixin from mod fabric-networking-api-v1->@Inject::encode(Lio/netty/buffer/ByteBuf;Ljava/lang/Object;Lorg/spongepowered/asm/mixin/injection/callback/CallbackInfo;)V has 0 override(s) in child classes
[23:39:31] [Server Pinger #0/DEBUG] (FabricLoader/Mixin) fabric-networking-api-v1.mixins.json:IdDispatchCodecMixin from mod fabric-networking-api-v1->@Inject::encode(Lio/netty/buffer/ByteBuf;Ljava/lang/Object;Lorg/spongepowered/asm/mixin/injection/callback/CallbackInfo;)V won't be passed a CallbackInfo as a result
[23:39:31] [Server Pinger #0/DEBUG] (FabricLoader/Mixin) fabric-networking-api-v1.mixins.json:IdDispatchCodecMixin from mod fabric-networking-api-v1->@Inject::decode(Lio/netty/buffer/ByteBuf;Lorg/spongepowered/asm/mixin/injection/callback/CallbackInfoReturnable;)V doesn't use it's CallbackInfoReturnable
[23:39:31] [Server Pinger #0/DEBUG] (FabricLoader/Mixin) fabric-networking-api-v1.mixins.json:IdDispatchCodecMixin from mod fabric-networking-api-v1->@Inject::decode(Lio/netty/buffer/ByteBuf;Lorg/spongepowered/asm/mixin/injection/callback/CallbackInfoReturnable;)V has 0 override(s) in child classes
[23:39:31] [Server Pinger #0/DEBUG] (FabricLoader/Mixin) fabric-networking-api-v1.mixins.json:IdDispatchCodecMixin from mod fabric-networking-api-v1->@Inject::decode(Lio/netty/buffer/ByteBuf;Lorg/spongepowered/asm/mixin/injection/callback/CallbackInfoReturnable;)V won't be passed a CallbackInfoReturnable as a result
[23:39:31] [Server Pinger #0/DEBUG] (FabricLoader/Mixin) fabric-networking-api-v1.mixins.json:IdDispatchCodecMixin from mod fabric-networking-api-v1->@Inject::decode(Lio/netty/buffer/ByteBuf;Lorg/spongepowered/asm/mixin/injection/callback/CallbackInfoReturnable;)V doesn't use it's CallbackInfoReturnable
[23:39:31] [Server Pinger #0/DEBUG] (FabricLoader/Mixin) fabric-networking-api-v1.mixins.json:IdDispatchCodecMixin from mod fabric-networking-api-v1->@Inject::decode(Lio/netty/buffer/ByteBuf;Lorg/spongepowered/asm/mixin/injection/callback/CallbackInfoReturnable;)V has 0 override(s) in child classes
[23:39:31] [Server Pinger #0/DEBUG] (FabricLoader/Mixin) fabric-networking-api-v1.mixins.json:IdDispatchCodecMixin from mod fabric-networking-api-v1->@Inject::decode(Lio/netty/buffer/ByteBuf;Lorg/spongepowered/asm/mixin/injection/callback/CallbackInfoReturnable;)V won't be passed a CallbackInfoReturnable as a result
[23:39:31] [Server Pinger #0/DEBUG] (io.netty.channel.MultithreadEventLoopGroup) -Dio.netty.eventLoopThreads: 24
[23:39:31] [Server Pinger #0/DEBUG] (io.netty.channel.nio.NioIoHandler) -Dio.netty.noKeySetOptimization: false
[23:39:31] [Server Pinger #0/DEBUG] (io.netty.channel.nio.NioIoHandler) -Dio.netty.selectorAutoRebuildThreshold: 512
[23:39:31] [Server Pinger #0/DEBUG] (io.netty.util.concurrent.GlobalEventExecutor) -Dio.netty.globalEventExecutor.quietPeriodSeconds: 1
[23:39:31] [Server Pinger #0/DEBUG] (io.netty.util.internal.PlatformDependent) org.jctools-core.MpscChunkedArrayQueue: available
[23:39:32] [Server Pinger #0/DEBUG] (io.netty.channel.DefaultChannelId) -Dio.netty.processId: 7948 (auto-detected)
[23:39:32] [Server Pinger #0/DEBUG] (io.netty.util.NetUtil) -Djava.net.preferIPv4Stack: false
[23:39:32] [Server Pinger #0/DEBUG] (io.netty.util.NetUtil) -Djava.net.preferIPv6Addresses: false
[23:39:32] [Server Pinger #0/DEBUG] (io.netty.util.NetUtilInitializations) Loopback interface: loopback_0 (Software Loopback Interface 1, 0:0:0:0:0:0:0:1)
[23:39:32] [Server Pinger #0/DEBUG] (io.netty.util.NetUtil) Failed to get SOMAXCONN from sysctl and file \proc\sys\net\core\somaxconn. Default: 200
[23:39:32] [Server Pinger #0/DEBUG] (io.netty.channel.DefaultChannelId) -Dio.netty.machineId: d8:b3:2f:ff:fe:b4:8b:3c (auto-detected)
[23:39:32] [Server Pinger #0/DEBUG] (io.netty.bootstrap.ChannelInitializerExtensions) -Dio.netty.bootstrap.extensions: null
[23:39:32] [Netty NIO IO #0/DEBUG] (io.netty.buffer.AbstractByteBuf) -Dio.netty.buffer.checkAccessible: true
[23:39:32] [Netty NIO IO #0/DEBUG] (io.netty.buffer.AbstractByteBuf) -Dio.netty.buffer.checkBounds: true
[23:39:32] [Netty NIO IO #0/DEBUG] (io.netty.util.ResourceLeakDetectorFactory) Loaded default ResourceLeakDetector: io.netty.util.ResourceLeakDetector@7b231572
[23:39:32] [Render thread/DEBUG] (FabricLoader/Mixin) Mixing accessor.ConnectScreenAccessor from fabric-networking-api-v1.client.mixins.json into net.minecraft.client.gui.screens.ConnectScreen
[23:39:32] [Download-2/DEBUG] (com.mojang.authlib.minecraft.client.MinecraftClient) Connecting to https://api.minecraftservices.com/player/certificates
[23:39:32] [Download-1/DEBUG] (com.mojang.authlib.minecraft.client.MinecraftClient) Connecting to https://api.minecraftservices.com/privacy/blocklist
[23:39:32] [Render thread/INFO] (net.minecraft.client.gui.screens.ConnectScreen) Connecting to hypixel.net, 25565
[23:39:32] [Server Connector #1/DEBUG] (FabricLoader/Mixin) Mixing ServerboundCustomQueryAnswerPacketMixin from fabric-networking-api-v1.mixins.json into net.minecraft.network.protocol.login.ServerboundCustomQueryAnswerPacket
[23:39:32] [Server Connector #1/DEBUG] (FabricLoader/Mixin) fabric-networking-api-v1.mixins.json:ServerboundCustomQueryAnswerPacketMixin from mod fabric-networking-api-v1->@Inject::readResponse(ILnet/minecraft/network/FriendlyByteBuf;Lorg/spongepowered/asm/mixin/injection/callback/CallbackInfoReturnable;)V does use it's CallbackInfoReturnable
[23:39:32] [Server Connector #1/DEBUG] (FabricLoader/Mixin) Mixing ClientboundCustomQueryPacketMixin from fabric-networking-api-v1.mixins.json into net.minecraft.network.protocol.login.ClientboundCustomQueryPacket
[23:39:32] [Server Connector #1/DEBUG] (FabricLoader/Mixin) fabric-networking-api-v1.mixins.json:ClientboundCustomQueryPacketMixin from mod fabric-networking-api-v1->@Inject::readPayload(Lnet/minecraft/resources/Identifier;Lnet/minecraft/network/FriendlyByteBuf;Lorg/spongepowered/asm/mixin/injection/callback/CallbackInfoReturnable;)V does use it's CallbackInfoReturnable
[23:39:33] [Download-2/ERROR] (net.minecraft.client.multiplayer.AccountProfileKeyPairManager) Failed to retrieve profile key pair
MinecraftClientHttpException[type=HTTP_ERROR, status=401, response=ErrorResponse[path=/player/certificates, error=null, errorMessage=null, details=null]]
	at knot//com.mojang.authlib.minecraft.client.MinecraftClient.buildHttpException(MinecraftClient.java:170)
	at knot//com.mojang.authlib.minecraft.client.MinecraftClient.readServiceResponse(MinecraftClient.java:147)
	at knot//com.mojang.authlib.minecraft.client.MinecraftClient.post(MinecraftClient.java:89)
	at knot//com.mojang.authlib.yggdrasil.YggdrasilUserApiService.getKeyPair(YggdrasilUserApiService.java:62)
	at knot//net.minecraft.client.multiplayer.AccountProfileKeyPairManager.fetchProfileKeyPair(AccountProfileKeyPairManager.java:128)
	at knot//net.minecraft.client.multiplayer.AccountProfileKeyPairManager.lambda$readOrFetchProfileKeyPair$0(AccountProfileKeyPairManager.java:77)
	at java.base/java.util.concurrent.CompletableFuture$AsyncSupply.run(Unknown Source)
	at java.base/java.util.concurrent.ThreadPoolExecutor.runWorker(Unknown Source)
	at java.base/java.util.concurrent.ThreadPoolExecutor$Worker.run(Unknown Source)
	at java.base/java.lang.Thread.run(Unknown Source)
[23:39:33] [IO-Worker-1/DEBUG] (com.mojang.authlib.minecraft.client.MinecraftClient) Connecting to https://sessionserver.mojang.com/session/minecraft/join
[23:39:37] [Render thread/DEBUG] (FabricLoader/Mixin) Mixing CreateWorldScreenMixin from fabric-resource-loader-v1.client.mixins.json into net.minecraft.client.gui.screens.worldselection.CreateWorldScreen
[23:39:37] [Render thread/DEBUG] (FabricLoader/Mixin) fabric-resource-loader-v1.client.mixins.json:CreateWorldScreenMixin from mod fabric-resource-loader-v1->@Inject::onScanPacks(Lorg/spongepowered/asm/mixin/injection/callback/CallbackInfoReturnable;)V doesn't use it's CallbackInfoReturnable
[23:39:37] [Render thread/DEBUG] (FabricLoader/Mixin) fabric-resource-loader-v1.client.mixins.json:CreateWorldScreenMixin from mod fabric-resource-loader-v1->@Inject::onScanPacks(Lorg/spongepowered/asm/mixin/injection/callback/CallbackInfoReturnable;)V has 0 override(s) in child classes
[23:39:37] [Render thread/DEBUG] (FabricLoader/Mixin) fabric-resource-loader-v1.client.mixins.json:CreateWorldScreenMixin from mod fabric-resource-loader-v1->@Inject::onScanPacks(Lorg/spongepowered/asm/mixin/injection/callback/CallbackInfoReturnable;)V won't be passed a CallbackInfoReturnable as a result
[23:39:38] [Render thread/DEBUG] (FabricLoader/Mixin) Mixing ReloadableServerResourcesMixin from fabric-tag-api-v1.mixins.json into net.minecraft.server.ReloadableServerResources
[23:39:38] [Render thread/DEBUG] (FabricLoader/Mixin) Mixing ReloadableServerResourcesMixin from fabric-lifecycle-events-v1.mixins.json into net.minecraft.server.ReloadableServerResources
[23:39:38] [Render thread/DEBUG] (FabricLoader/Mixin) Mixing ReloadableServerResourcesMixin from fabric-resource-conditions-api-v1.mixins.json into net.minecraft.server.ReloadableServerResources
[23:39:38] [Render thread/DEBUG] (FabricLoader/Mixin) Mixing ReloadableServerResourcesMixin from fabric-resource-loader-v1.mixins.json into net.minecraft.server.ReloadableServerResources
[23:39:38] [Render thread/DEBUG] (FabricLoader/Mixin) fabric-tag-api-v1.mixins.json:ReloadableServerResourcesMixin from mod fabric-tag-api-v1->@Inject::storeDynamicRegistries(Lnet/minecraft/core/LayeredRegistryAccess;Lnet/minecraft/core/HolderLookup$Provider;Lnet/minecraft/world/flag/FeatureFlagSet;Lnet/minecraft/commands/Commands$CommandSelection;Ljava/util/List;Lnet/minecraft/server/permissions/PermissionSet;Ljava/util/List;Lorg/spongepowered/asm/mixin/injection/callback/CallbackInfo;)V doesn't use it's CallbackInfo
[23:39:38] [Render thread/DEBUG] (FabricLoader/Mixin) fabric-tag-api-v1.mixins.json:ReloadableServerResourcesMixin from mod fabric-tag-api-v1->@Inject::storeDynamicRegistries(Lnet/minecraft/core/LayeredRegistryAccess;Lnet/minecraft/core/HolderLookup$Provider;Lnet/minecraft/world/flag/FeatureFlagSet;Lnet/minecraft/commands/Commands$CommandSelection;Ljava/util/List;Lnet/minecraft/server/permissions/PermissionSet;Ljava/util/List;Lorg/spongepowered/asm/mixin/injection/callback/CallbackInfo;)V has 0 override(s) in child classes
[23:39:38] [Render thread/DEBUG] (FabricLoader/Mixin) fabric-tag-api-v1.mixins.json:ReloadableServerResourcesMixin from mod fabric-tag-api-v1->@Inject::storeDynamicRegistries(Lnet/minecraft/core/LayeredRegistryAccess;Lnet/minecraft/core/HolderLookup$Provider;Lnet/minecraft/world/flag/FeatureFlagSet;Lnet/minecraft/commands/Commands$CommandSelection;Ljava/util/List;Lnet/minecraft/server/permissions/PermissionSet;Ljava/util/List;Lorg/spongepowered/asm/mixin/injection/callback/CallbackInfo;)V won't be passed a CallbackInfo as a result
[23:39:38] [Render thread/DEBUG] (FabricLoader/Mixin) fabric-tag-api-v1.mixins.json:ReloadableServerResourcesMixin from mod fabric-tag-api-v1->@Inject::applyDynamicTagAliases(Lorg/spongepowered/asm/mixin/injection/callback/CallbackInfo;)V doesn't use it's CallbackInfo
[23:39:38] [Render thread/DEBUG] (FabricLoader/Mixin) fabric-tag-api-v1.mixins.json:ReloadableServerResourcesMixin from mod fabric-tag-api-v1->@Inject::applyDynamicTagAliases(Lorg/spongepowered/asm/mixin/injection/callback/CallbackInfo;)V has 0 override(s) in child classes
[23:39:38] [Render thread/DEBUG] (FabricLoader/Mixin) fabric-tag-api-v1.mixins.json:ReloadableServerResourcesMixin from mod fabric-tag-api-v1->@Inject::applyDynamicTagAliases(Lorg/spongepowered/asm/mixin/injection/callback/CallbackInfo;)V won't be passed a CallbackInfo as a result
[23:39:38] [Render thread/DEBUG] (FabricLoader/Mixin) fabric-lifecycle-events-v1.mixins.json:ReloadableServerResourcesMixin from mod fabric-lifecycle-events-v1->@Inject::init(Lnet/minecraft/core/LayeredRegistryAccess;Lnet/minecraft/core/HolderLookup$Provider;Lnet/minecraft/world/flag/FeatureFlagSet;Lnet/minecraft/commands/Commands$CommandSelection;Ljava/util/List;Lnet/minecraft/server/permissions/PermissionSet;Ljava/util/List;Lorg/spongepowered/asm/mixin/injection/callback/CallbackInfo;)V doesn't use it's CallbackInfo
[23:39:38] [Render thread/DEBUG] (FabricLoader/Mixin) fabric-lifecycle-events-v1.mixins.json:ReloadableServerResourcesMixin from mod fabric-lifecycle-events-v1->@Inject::init(Lnet/minecraft/core/LayeredRegistryAccess;Lnet/minecraft/core/HolderLookup$Provider;Lnet/minecraft/world/flag/FeatureFlagSet;Lnet/minecraft/commands/Commands$CommandSelection;Ljava/util/List;Lnet/minecraft/server/permissions/PermissionSet;Ljava/util/List;Lorg/spongepowered/asm/mixin/injection/callback/CallbackInfo;)V has 0 override(s) in child classes
[23:39:38] [Render thread/DEBUG] (FabricLoader/Mixin) fabric-lifecycle-events-v1.mixins.json:ReloadableServerResourcesMixin from mod fabric-lifecycle-events-v1->@Inject::init(Lnet/minecraft/core/LayeredRegistryAccess;Lnet/minecraft/core/HolderLookup$Provider;Lnet/minecraft/world/flag/FeatureFlagSet;Lnet/minecraft/commands/Commands$CommandSelection;Ljava/util/List;Lnet/minecraft/server/permissions/PermissionSet;Ljava/util/List;Lorg/spongepowered/asm/mixin/injection/callback/CallbackInfo;)V won't be passed a CallbackInfo as a result
[23:39:38] [Render thread/DEBUG] (FabricLoader/Mixin) fabric-lifecycle-events-v1.mixins.json:ReloadableServerResourcesMixin from mod fabric-lifecycle-events-v1->@Inject::hookRefresh(Lorg/spongepowered/asm/mixin/injection/callback/CallbackInfo;)V doesn't use it's CallbackInfo
[23:39:38] [Render thread/DEBUG] (FabricLoader/Mixin) fabric-lifecycle-events-v1.mixins.json:ReloadableServerResourcesMixin from mod fabric-lifecycle-events-v1->@Inject::hookRefresh(Lorg/spongepowered/asm/mixin/injection/callback/CallbackInfo;)V has 0 override(s) in child classes
[23:39:38] [Render thread/DEBUG] (FabricLoader/Mixin) fabric-lifecycle-events-v1.mixins.json:ReloadableServerResourcesMixin from mod fabric-lifecycle-events-v1->@Inject::hookRefresh(Lorg/spongepowered/asm/mixin/injection/callback/CallbackInfo;)V won't be passed a CallbackInfo as a result
[23:39:38] [Render thread/DEBUG] (FabricLoader/Mixin) fabric-resource-conditions-api-v1.mixins.json:ReloadableServerResourcesMixin from mod fabric-resource-conditions-api-v1->@Inject::hookReload(Lnet/minecraft/server/packs/resources/ResourceManager;Lnet/minecraft/core/LayeredRegistryAccess;Ljava/util/List;Lnet/minecraft/world/flag/FeatureFlagSet;Lnet/minecraft/commands/Commands$CommandSelection;Lnet/minecraft/server/permissions/PermissionSet;Ljava/util/concurrent/Executor;Ljava/util/concurrent/Executor;Lorg/spongepowered/asm/mixin/injection/callback/CallbackInfoReturnable;)V doesn't use it's CallbackInfoReturnable
[23:39:39] [Render thread/DEBUG] (FabricLoader/Mixin) Mixing WorldLoaderMixin from fabric-registry-sync-v0.mixins.json into net.minecraft.server.WorldLoader
[23:39:39] [Render thread/DEBUG] (FabricLoader/Mixin) Mixing ServerPlayerGameModeMixin from fabric-events-interaction-v0.mixins.json into net.minecraft.server.level.ServerPlayerGameMode
[23:39:39] [Render thread/DEBUG] (FabricLoader/Mixin) fabric-events-interaction-v0.mixins.json:ServerPlayerGameModeMixin from mod fabric-events-interaction-v0->@Inject::startBlockBreak(Lnet/minecraft/core/BlockPos;Lnet/minecraft/network/protocol/game/ServerboundPlayerActionPacket$Action;Lnet/minecraft/core/Direction;IILorg/spongepowered/asm/mixin/injection/callback/CallbackInfo;)V does use it's CallbackInfo
[23:39:39] [Render thread/DEBUG] (FabricLoader/Mixin) fabric-events-interaction-v0.mixins.json:ServerPlayerGameModeMixin from mod fabric-events-interaction-v0->@Inject::interactBlock(Lnet/minecraft/server/level/ServerPlayer;Lnet/minecraft/world/level/Level;Lnet/minecraft/world/item/ItemStack;Lnet/minecraft/world/InteractionHand;Lnet/minecraft/world/phys/BlockHitResult;Lorg/spongepowered/asm/mixin/injection/callback/CallbackInfoReturnable;)V does use it's CallbackInfoReturnable
[23:39:39] [Render thread/DEBUG] (FabricLoader/Mixin) fabric-events-interaction-v0.mixins.json:ServerPlayerGameModeMixin from mod fabric-events-interaction-v0->@Inject::interactItem(Lnet/minecraft/server/level/ServerPlayer;Lnet/minecraft/world/level/Level;Lnet/minecraft/world/item/ItemStack;Lnet/minecraft/world/InteractionHand;Lorg/spongepowered/asm/mixin/injection/callback/CallbackInfoReturnable;)V does use it's CallbackInfoReturnable
[23:39:39] [Render thread/DEBUG] (FabricLoader/Mixin) fabric-events-interaction-v0.mixins.json:ServerPlayerGameModeMixin from mod fabric-events-interaction-v0->@Inject::breakBlock(Lnet/minecraft/core/BlockPos;Lorg/spongepowered/asm/mixin/injection/callback/CallbackInfoReturnable;)V does use it's CallbackInfoReturnable
[23:39:39] [Render thread/DEBUG] (FabricLoader/Mixin) fabric-events-interaction-v0.mixins.json:ServerPlayerGameModeMixin from mod fabric-events-interaction-v0->@Inject::onBlockBroken(Lnet/minecraft/core/BlockPos;Lorg/spongepowered/asm/mixin/injection/callback/CallbackInfoReturnable;)V doesn't use it's CallbackInfoReturnable
[23:39:39] [Render thread/DEBUG] (FabricLoader/Mixin) fabric-events-interaction-v0.mixins.json:ServerPlayerGameModeMixin from mod fabric-events-interaction-v0->@Inject::onBlockBroken(Lnet/minecraft/core/BlockPos;Lorg/spongepowered/asm/mixin/injection/callback/CallbackInfoReturnable;)V has 0 override(s) in child classes
[23:39:39] [Render thread/DEBUG] (FabricLoader/Mixin) fabric-events-interaction-v0.mixins.json:ServerPlayerGameModeMixin from mod fabric-events-interaction-v0->@Inject::onBlockBroken(Lnet/minecraft/core/BlockPos;Lorg/spongepowered/asm/mixin/injection/callback/CallbackInfoReturnable;)V won't be passed a CallbackInfoReturnable as a result
[23:39:39] [Render thread/DEBUG] (net.fabricmc.fabric.impl.resource.pack.ModPackResourcesUtil) [Fabric] Starting internal pack sorting with: [fabric-convention-tags-v2, fabric-gametest-api-v1]
[23:39:39] [Render thread/DEBUG] (net.fabricmc.fabric.impl.resource.pack.ModPackResourcesUtil) [Fabric] Removed all internal packs, result: []
[23:39:39] [Render thread/DEBUG] (net.fabricmc.fabric.impl.resource.pack.ModPackResourcesUtil) [Fabric] Final sorting result: []
[23:39:39] [Render thread/DEBUG] (net.fabricmc.fabric.impl.resource.pack.ModPackResourcesUtil) [Fabric] Starting internal pack sorting with: [vanilla, fabric-convention-tags-v2, fabric-gametest-api-v1]
[23:39:39] [Render thread/DEBUG] (net.fabricmc.fabric.impl.resource.pack.ModPackResourcesUtil) [Fabric] Removed all internal packs, result: [vanilla]
[23:39:39] [Render thread/DEBUG] (net.fabricmc.fabric.impl.resource.pack.ModPackResourcesUtil) [Fabric] cur @ vanilla, auto-enabled fabric-convention-tags-v2, currently enabled: [vanilla, fabric-convention-tags-v2]
[23:39:39] [Render thread/DEBUG] (net.fabricmc.fabric.impl.resource.pack.ModPackResourcesUtil) [Fabric] cur @ vanilla, auto-enabled fabric-gametest-api-v1, currently enabled: [vanilla, fabric-convention-tags-v2, fabric-gametest-api-v1]
[23:39:39] [Render thread/DEBUG] (net.fabricmc.fabric.impl.resource.pack.ModPackResourcesUtil) [Fabric] Final sorting result: [vanilla, fabric-convention-tags-v2, fabric-gametest-api-v1]
[23:39:39] [Worker-Main-7/DEBUG] (FabricLoader/Mixin) Mixing TagLoaderMixin from fabric-tag-api-v1.mixins.json into net.minecraft.tags.TagLoader
[23:39:39] [Worker-Main-7/DEBUG] (FabricLoader/Mixin) Renaming synthetic method lambda$scopeIdToTryBuildTag$0(Lcom/llamalad7/mixinextras/injector/wrapoperation/Operation;Lnet/minecraft/tags/TagLoader;Lnet/minecraft/tags/TagEntry$Lookup;Ljava/util/List;)Lcom/mojang/datafixers/util/Either; to md7baf8b$fabric-tag-api-v1$lambda$scopeIdToTryBuildTag$0$0 in fabric-tag-api-v1.mixins.json:TagLoaderMixin from mod fabric-tag-api-v1
[23:39:39] [Worker-Main-7/DEBUG] (FabricLoader/Mixin) fabric-tag-api-v1.mixins.json:TagLoaderMixin from mod fabric-tag-api-v1->@Inject::removeTagRemovalReferenceOnReplace(Lnet/minecraft/server/packs/resources/ResourceManager;Lorg/spongepowered/asm/mixin/injection/callback/CallbackInfoReturnable;)V doesn't use it's CallbackInfoReturnable
[23:39:39] [Worker-Main-7/DEBUG] (FabricLoader/Mixin) fabric-tag-api-v1.mixins.json:TagLoaderMixin from mod fabric-tag-api-v1->@Inject::removeTagRemovalReferenceOnReplace(Lnet/minecraft/server/packs/resources/ResourceManager;Lorg/spongepowered/asm/mixin/injection/callback/CallbackInfoReturnable;)V has 0 override(s) in child classes
[23:39:39] [Worker-Main-7/DEBUG] (FabricLoader/Mixin) fabric-tag-api-v1.mixins.json:TagLoaderMixin from mod fabric-tag-api-v1->@Inject::removeTagRemovalReferenceOnReplace(Lnet/minecraft/server/packs/resources/ResourceManager;Lorg/spongepowered/asm/mixin/injection/callback/CallbackInfoReturnable;)V won't be passed a CallbackInfoReturnable as a result
[23:39:39] [Worker-Main-7/DEBUG] (FabricLoader/Mixin) fabric-tag-api-v1.mixins.json:TagLoaderMixin from mod fabric-tag-api-v1->@Inject::loadRemoveEntries(Lnet/minecraft/server/packs/resources/ResourceManager;Lorg/spongepowered/asm/mixin/injection/callback/CallbackInfoReturnable;)V doesn't use it's CallbackInfoReturnable
[23:39:39] [Worker-Main-7/DEBUG] (FabricLoader/Mixin) fabric-tag-api-v1.mixins.json:TagLoaderMixin from mod fabric-tag-api-v1->@Inject::loadRemoveEntries(Lnet/minecraft/server/packs/resources/ResourceManager;Lorg/spongepowered/asm/mixin/injection/callback/CallbackInfoReturnable;)V has 0 override(s) in child classes
[23:39:39] [Worker-Main-7/DEBUG] (FabricLoader/Mixin) fabric-tag-api-v1.mixins.json:TagLoaderMixin from mod fabric-tag-api-v1->@Inject::loadRemoveEntries(Lnet/minecraft/server/packs/resources/ResourceManager;Lorg/spongepowered/asm/mixin/injection/callback/CallbackInfoReturnable;)V won't be passed a CallbackInfoReturnable as a result
[23:39:39] [Worker-Main-7/DEBUG] (FabricLoader/Mixin) fabric-tag-api-v1.mixins.json:TagLoaderMixin from mod fabric-tag-api-v1->@Inject::removeTagRemovalReferencesWhenFinished(Ljava/util/Map;Lorg/spongepowered/asm/mixin/injection/callback/CallbackInfoReturnable;)V doesn't use it's CallbackInfoReturnable
[23:39:39] [Worker-Main-7/DEBUG] (FabricLoader/Mixin) fabric-tag-api-v1.mixins.json:TagLoaderMixin from mod fabric-tag-api-v1->@Inject::removeTagRemovalReferencesWhenFinished(Ljava/util/Map;Lorg/spongepowered/asm/mixin/injection/callback/CallbackInfoReturnable;)V has 0 override(s) in child classes
[23:39:39] [Worker-Main-7/DEBUG] (FabricLoader/Mixin) fabric-tag-api-v1.mixins.json:TagLoaderMixin from mod fabric-tag-api-v1->@Inject::removeTagRemovalReferencesWhenFinished(Ljava/util/Map;Lorg/spongepowered/asm/mixin/injection/callback/CallbackInfoReturnable;)V won't be passed a CallbackInfoReturnable as a result
[23:39:39] [Worker-Main-7/DEBUG] (FabricLoader/Mixin) Mixing TagFileMixin from fabric-tag-api-v1.mixins.json into net.minecraft.tags.TagFile
[23:39:39] [Worker-Main-7/DEBUG] (FabricLoader/Mixin) Mixing TagEntryAccessor from fabric-tag-api-v1.mixins.json into net.minecraft.tags.TagEntry
[23:39:39] [Worker-Main-7/DEBUG] (FabricLoader/Mixin) Mixing MappedRegistry2Mixin from fabric-tag-api-v1.mixins.json into net.minecraft.core.MappedRegistry$2
[23:39:39] [Worker-Main-7/DEBUG] (FabricLoader/Mixin) Mixing MappedRegistry3Mixin from fabric-tag-api-v1.mixins.json into net.minecraft.core.MappedRegistry$3
[23:39:39] [Worker-Main-7/DEBUG] (FabricLoader/Mixin) fabric-tag-api-v1.mixins.json:MappedRegistry3Mixin from mod fabric-tag-api-v1->@Inject::applyTagAliases(Lorg/spongepowered/asm/mixin/injection/callback/CallbackInfo;)V doesn't use it's CallbackInfo
[23:39:39] [Worker-Main-7/DEBUG] (FabricLoader/Mixin) fabric-tag-api-v1.mixins.json:MappedRegistry3Mixin from mod fabric-tag-api-v1->@Inject::applyTagAliases(Lorg/spongepowered/asm/mixin/injection/callback/CallbackInfo;)V has 0 override(s) in child classes
[23:39:39] [Worker-Main-7/DEBUG] (FabricLoader/Mixin) fabric-tag-api-v1.mixins.json:MappedRegistry3Mixin from mod fabric-tag-api-v1->@Inject::applyTagAliases(Lorg/spongepowered/asm/mixin/injection/callback/CallbackInfo;)V won't be passed a CallbackInfo as a result
[23:39:39] [Worker-Main-7/DEBUG] (FabricLoader/Mixin) Mixing RegistryDataLoaderMixin from fabric-registry-sync-v0.mixins.json into net.minecraft.resources.RegistryDataLoader
[23:39:39] [Worker-Main-7/DEBUG] (FabricLoader/Mixin) Renaming synthetic method lambda$thenApplyAsync$0(ZLjava/util/function/Function;Ljava/lang/Void;)Lnet/minecraft/core/RegistryAccess$Frozen; to md7baf8b$fabric-registry-sync-v0$lambda$thenApplyAsync$0$0 in fabric-registry-sync-v0.mixins.json:RegistryDataLoaderMixin from mod fabric-registry-sync-v0
[23:39:39] [Worker-Main-7/DEBUG] (FabricLoader/Mixin) Renaming synthetic method lambda$thenApplyAsync$1(Ljava/util/function/Function;Ljava/lang/Void;)Lnet/minecraft/core/RegistryAccess$Frozen; to md7baf8b$fabric-registry-sync-v0$lambda$thenApplyAsync$1$1 in fabric-registry-sync-v0.mixins.json:RegistryDataLoaderMixin from mod fabric-registry-sync-v0
[23:39:39] [Worker-Main-7/DEBUG] (FabricLoader/Mixin) Renaming synthetic method lambda$supplyAsync$0(ZLjava/util/function/Supplier;)Ljava/util/concurrent/CompletableFuture; to md7baf8b$fabric-registry-sync-v0$lambda$supplyAsync$0$2 in fabric-registry-sync-v0.mixins.json:RegistryDataLoaderMixin from mod fabric-registry-sync-v0
[23:39:39] [Worker-Main-7/DEBUG] (FabricLoader/Mixin) Renaming synthetic method lambda$wrapIsServerCall$0(Lcom/llamalad7/mixinextras/injector/wrapoperation/Operation;Ljava/lang/Object;Ljava/util/List;Ljava/util/List;Ljava/util/concurrent/Executor;)Ljava/util/concurrent/CompletableFuture; to md7baf8b$fabric-registry-sync-v0$lambda$wrapIsServerCall$0$3 in fabric-registry-sync-v0.mixins.json:RegistryDataLoaderMixin from mod fabric-registry-sync-v0
[23:39:39] [Worker-Main-7/DEBUG] (FabricLoader/Mixin) Mixing RegistryDataLoaderMixin from fabric-gametest-api-v1.mixins.json into net.minecraft.resources.RegistryDataLoader
[23:39:39] [Worker-Main-7/DEBUG] (FabricLoader/Mixin) Renaming synthetic method lambda$loadFromResources$0(Lnet/minecraft/resources/RegistryDataLoader$RegistryData;)Z to md7baf8b$fabric-gametest-api-v1$lambda$loadFromResources$0$4 in fabric-gametest-api-v1.mixins.json:RegistryDataLoaderMixin from mod fabric-gametest-api-v1
[23:39:39] [Worker-Main-7/DEBUG] (FabricLoader/Mixin) fabric-gametest-api-v1.mixins.json:RegistryDataLoaderMixin from mod fabric-gametest-api-v1->@Inject::loadFromResources(Lnet/minecraft/server/packs/resources/ResourceManager;Ljava/util/List;Ljava/util/List;Ljava/util/concurrent/Executor;Lorg/spongepowered/asm/mixin/injection/callback/CallbackInfoReturnable;)V doesn't use it's CallbackInfoReturnable
[23:39:39] [Worker-Main-7/DEBUG] (FabricLoader/Mixin) fabric-gametest-api-v1.mixins.json:RegistryDataLoaderMixin from mod fabric-gametest-api-v1->@Inject::beforeFreeze(Ljava/util/List;Ljava/util/Map;Ljava/lang/Void;Lorg/spongepowered/asm/mixin/injection/callback/CallbackInfoReturnable;)V doesn't use it's CallbackInfoReturnable
[23:39:39] [Worker-Main-7/DEBUG] (FabricLoader/Mixin) Mixing ResourceManagerRegistryLoadTaskMixin from fabric-item-api-v1.mixins.json into net.minecraft.resources.ResourceManagerRegistryLoadTask
[23:39:39] [Worker-Main-7/DEBUG] (FabricLoader/Mixin) Mixing ResourceManagerRegistryLoadTaskMixin from fabric-resource-conditions-api-v1.mixins.json into net.minecraft.resources.ResourceManagerRegistryLoadTask
[23:39:39] [Worker-Main-7/DEBUG] (FabricLoader/Mixin) fabric-item-api-v1.mixins.json:ResourceManagerRegistryLoadTaskMixin from mod fabric-item-api-v1->@Inject::captureRegistries(Lnet/minecraft/resources/RegistryOps$RegistryInfoLookup;Ljava/util/concurrent/Executor;Lorg/spongepowered/asm/mixin/injection/callback/CallbackInfoReturnable;)V doesn't use it's CallbackInfoReturnable
[23:39:39] [Worker-Main-7/DEBUG] (FabricLoader/Mixin) fabric-item-api-v1.mixins.json:ResourceManagerRegistryLoadTaskMixin from mod fabric-item-api-v1->@Inject::captureRegistries(Lnet/minecraft/resources/RegistryOps$RegistryInfoLookup;Ljava/util/concurrent/Executor;Lorg/spongepowered/asm/mixin/injection/callback/CallbackInfoReturnable;)V has 0 override(s) in child classes
[23:39:39] [Worker-Main-7/DEBUG] (FabricLoader/Mixin) fabric-item-api-v1.mixins.json:ResourceManagerRegistryLoadTaskMixin from mod fabric-item-api-v1->@Inject::captureRegistries(Lnet/minecraft/resources/RegistryOps$RegistryInfoLookup;Ljava/util/concurrent/Executor;Lorg/spongepowered/asm/mixin/injection/callback/CallbackInfoReturnable;)V won't be passed a CallbackInfoReturnable as a result
[23:39:39] [Worker-Main-6/DEBUG] (FabricLoader/Mixin) Mixing RegistryLoadTaskPendingRegistrationMixin from fabric-resource-conditions-api-v1.mixins.json into net.minecraft.resources.RegistryLoadTask$PendingRegistration
[23:39:39] [Worker-Main-6/DEBUG] (FabricLoader/Mixin) fabric-resource-conditions-api-v1.mixins.json:RegistryLoadTaskPendingRegistrationMixin from mod fabric-resource-conditions-api-v1->@Inject::loadFromResource(Lcom/mojang/serialization/Decoder;Lnet/minecraft/resources/RegistryOps;Lnet/minecraft/resources/ResourceKey;Lnet/minecraft/server/packs/resources/Resource;Lorg/spongepowered/asm/mixin/injection/callback/CallbackInfoReturnable;)V does use it's CallbackInfoReturnable
[23:39:39] [Worker-Main-4/DEBUG] (FabricLoader/Mixin) Mixing EnchantmentBuilderAccessor from fabric-item-api-v1.mixins.json into net.minecraft.world.item.enchantment.Enchantment$Builder
[23:39:39] [Worker-Main-4/DEBUG] (FabricLoader/Mixin) Mixing EnchantmentBuilderMixin from fabric-item-api-v1.mixins.json into net.minecraft.world.item.enchantment.Enchantment$Builder
[23:39:39] [Worker-Main-4/DEBUG] (FabricLoader/Mixin) fabric-item-api-v1.mixins.json:EnchantmentBuilderMixin from mod fabric-item-api-v1->@Inject::markModified(Lorg/spongepowered/asm/mixin/injection/callback/CallbackInfoReturnable;)V does use it's CallbackInfo
[23:39:39] [Worker-Main-4/DEBUG] (FabricLoader/Mixin) fabric-item-api-v1.mixins.json:EnchantmentBuilderMixin from mod fabric-item-api-v1->@Inject::markModified(Lorg/spongepowered/asm/mixin/injection/callback/CallbackInfoReturnable;)V does use it's CallbackInfoReturnable
[23:39:39] [Worker-Main-4/DEBUG] (FabricLoader/Mixin) fabric-item-api-v1.mixins.json:EnchantmentBuilderMixin from mod fabric-item-api-v1->@Inject::markModified(Lorg/spongepowered/asm/mixin/injection/callback/CallbackInfoReturnable;)V does use it's CallbackInfoReturnable
[23:39:39] [Worker-Main-4/DEBUG] (FabricLoader/Mixin) fabric-item-api-v1.mixins.json:EnchantmentBuilderMixin from mod fabric-item-api-v1->@Inject::markModified(Lorg/spongepowered/asm/mixin/injection/callback/CallbackInfoReturnable;)V does use it's CallbackInfoReturnable
[23:39:39] [Worker-Main-4/DEBUG] (FabricLoader/Mixin) fabric-item-api-v1.mixins.json:EnchantmentBuilderMixin from mod fabric-item-api-v1->@Inject::markModified(Lorg/spongepowered/asm/mixin/injection/callback/CallbackInfoReturnable;)V does use it's CallbackInfoReturnable
[23:39:39] [Worker-Main-4/DEBUG] (FabricLoader/Mixin) fabric-item-api-v1.mixins.json:EnchantmentBuilderMixin from mod fabric-item-api-v1->@Inject::markModified(Lorg/spongepowered/asm/mixin/injection/callback/CallbackInfoReturnable;)V does use it's CallbackInfoReturnable
[23:39:39] [Worker-Main-4/DEBUG] (FabricLoader/Mixin) fabric-item-api-v1.mixins.json:EnchantmentBuilderMixin from mod fabric-item-api-v1->@Inject::markModified(Lorg/spongepowered/asm/mixin/injection/callback/CallbackInfoReturnable;)V does use it's CallbackInfoReturnable
[23:39:39] [Worker-Main-4/DEBUG] (FabricLoader/Mixin) fabric-item-api-v1.mixins.json:EnchantmentBuilderMixin from mod fabric-item-api-v1->@Inject::markModified(Lorg/spongepowered/asm/mixin/injection/callback/CallbackInfoReturnable;)V does use it's CallbackInfoReturnable
[23:39:39] [Worker-Main-4/DEBUG] (FabricLoader/Mixin) fabric-item-api-v1.mixins.json:EnchantmentBuilderMixin from mod fabric-item-api-v1->@Inject::markModified(Lorg/spongepowered/asm/mixin/injection/callback/CallbackInfoReturnable;)V does use it's CallbackInfoReturnable
[23:39:39] [Worker-Main-4/DEBUG] (FabricLoader/Mixin) fabric-item-api-v1.mixins.json:EnchantmentBuilderMixin from mod fabric-item-api-v1->@Inject::markModified(Lorg/spongepowered/asm/mixin/injection/callback/CallbackInfoReturnable;)V does use it's CallbackInfoReturnable
[23:39:39] [Worker-Main-4/DEBUG] (FabricLoader/Mixin) fabric-item-api-v1.mixins.json:EnchantmentBuilderMixin from mod fabric-item-api-v1->@Inject::markModified(Lorg/spongepowered/asm/mixin/injection/callback/CallbackInfoReturnable;)V does use it's CallbackInfoReturnable
[23:39:39] [Worker-Main-4/DEBUG] (FabricLoader/Mixin) fabric-item-api-v1.mixins.json:EnchantmentBuilderMixin from mod fabric-item-api-v1->@Inject::markModified(Lorg/spongepowered/asm/mixin/injection/callback/CallbackInfoReturnable;)V does use it's CallbackInfoReturnable
[23:39:39] [Worker-Main-11/DEBUG] (FabricLoader/Mixin) Mixing WorldDimensionsMixin from fabric-dimensions-v1.mixins.json into net.minecraft.world.level.levelgen.WorldDimensions
[23:39:39] [Worker-Main-11/DEBUG] (FabricLoader/Mixin) Renaming synthetic method lambda$wrapBakeToProvideContext$0(Lcom/llamalad7/mixinextras/injector/wrapoperation/Operation;Lnet/minecraft/core/Registry;)Lnet/minecraft/world/level/levelgen/WorldDimensions$Complete; to md7baf8b$fabric-dimensions-v1$lambda$wrapBakeToProvideContext$0$0 in fabric-dimensions-v1.mixins.json:WorldDimensionsMixin from mod fabric-dimensions-v1
[23:39:39] [Worker-Main-11/DEBUG] (FabricLoader/Mixin) fabric-dimensions-v1.mixins.json:WorldDimensionsMixin from mod fabric-dimensions-v1->@Inject::betterModdedStabilityCheck(Lnet/minecraft/resources/ResourceKey;Lnet/minecraft/world/level/dimension/LevelStem;Lorg/spongepowered/asm/mixin/injection/callback/CallbackInfoReturnable;)V does use it's CallbackInfoReturnable
[23:39:39] [Worker-Main-11/DEBUG] (FabricLoader/Mixin) Mixing ReloadableServerRegistriesMixin from fabric-loot-api-v3.mixins.json into net.minecraft.server.ReloadableServerRegistries
[23:39:39] [Worker-Main-11/DEBUG] (FabricLoader/Mixin) Renaming synthetic method lambda$onLootTablesLoaded$0(Lnet/minecraft/core/Holder$Reference;)V to md7baf8b$fabric-loot-api-v3$lambda$onLootTablesLoaded$0$0 in fabric-loot-api-v3.mixins.json:ReloadableServerRegistriesMixin from mod fabric-loot-api-v3
[23:39:39] [Worker-Main-11/DEBUG] (FabricLoader/Mixin) Renaming synthetic method lambda$modifyLootTable$0(Lnet/minecraft/resources/RegistryOps;Lnet/minecraft/resources/Identifier;Lnet/minecraft/world/level/storage/loot/Validatable;)Lnet/minecraft/world/level/storage/loot/Validatable; to md7baf8b$fabric-loot-api-v3$lambda$modifyLootTable$0$1 in fabric-loot-api-v3.mixins.json:ReloadableServerRegistriesMixin from mod fabric-loot-api-v3
[23:39:39] [Worker-Main-11/DEBUG] (FabricLoader/Mixin) Renaming synthetic method lambda$removeOps$0(Lnet/minecraft/resources/RegistryOps;Ljava/util/List;)Ljava/util/List; to md7baf8b$fabric-loot-api-v3$lambda$removeOps$0$2 in fabric-loot-api-v3.mixins.json:ReloadableServerRegistriesMixin from mod fabric-loot-api-v3
[23:39:39] [Worker-Main-11/DEBUG] (FabricLoader/Mixin) fabric-loot-api-v3.mixins.json:ReloadableServerRegistriesMixin from mod fabric-loot-api-v3->@Inject::modifyLootTable(Lnet/minecraft/world/level/storage/loot/LootDataType;Lnet/minecraft/server/packs/resources/ResourceManager;Lnet/minecraft/resources/RegistryOps;Lorg/spongepowered/asm/mixin/injection/callback/CallbackInfoReturnable;)V doesn't use it's CallbackInfoReturnable
[23:39:39] [Worker-Main-11/DEBUG] (FabricLoader/Mixin) fabric-loot-api-v3.mixins.json:ReloadableServerRegistriesMixin from mod fabric-loot-api-v3->@Inject::onLootTablesLoaded(Lnet/minecraft/world/level/storage/loot/LootDataType;Lnet/minecraft/server/packs/resources/ResourceManager;Lnet/minecraft/resources/RegistryOps;Lorg/spongepowered/asm/mixin/injection/callback/CallbackInfoReturnable;)V does use it's CallbackInfoReturnable
[23:39:39] [Worker-Main-8/DEBUG] (FabricLoader/Mixin) Mixing LootPoolAccessor from fabric-loot-api-v3.mixins.json into net.minecraft.world.level.storage.loot.LootPool
[23:39:39] [Worker-Main-8/DEBUG] (FabricLoader/Mixin) Mixing LootTableBuilderMixin from fabric-loot-api-v3.mixins.json into net.minecraft.world.level.storage.loot.LootTable$Builder
[23:39:39] [Worker-Main-11/DEBUG] (FabricLoader/Mixin) Mixing DataComponentInitializersPendingComponentsMixin from fabric-item-api-v1.mixins.json into net.minecraft.core.component.DataComponentInitializers$1
[23:39:39] [Worker-Main-11/DEBUG] (FabricLoader/Mixin) fabric-item-api-v1.mixins.json:DataComponentInitializersPendingComponentsMixin from mod fabric-item-api-v1->@Inject::store(Lnet/minecraft/resources/ResourceKey;Ljava/util/List;Lorg/spongepowered/asm/mixin/injection/callback/CallbackInfo;)V doesn't use it's CallbackInfo
[23:39:39] [Worker-Main-11/DEBUG] (FabricLoader/Mixin) fabric-item-api-v1.mixins.json:DataComponentInitializersPendingComponentsMixin from mod fabric-item-api-v1->@Inject::store(Lnet/minecraft/resources/ResourceKey;Ljava/util/List;Lorg/spongepowered/asm/mixin/injection/callback/CallbackInfo;)V has 0 override(s) in child classes
[23:39:39] [Worker-Main-11/DEBUG] (FabricLoader/Mixin) fabric-item-api-v1.mixins.json:DataComponentInitializersPendingComponentsMixin from mod fabric-item-api-v1->@Inject::store(Lnet/minecraft/resources/ResourceKey;Ljava/util/List;Lorg/spongepowered/asm/mixin/injection/callback/CallbackInfo;)V won't be passed a CallbackInfo as a result
[23:39:39] [Worker-Main-11/DEBUG] (FabricLoader/Mixin) fabric-item-api-v1.mixins.json:DataComponentInitializersPendingComponentsMixin from mod fabric-item-api-v1->@Inject::apply(Lorg/spongepowered/asm/mixin/injection/callback/CallbackInfo;)V doesn't use it's CallbackInfo
[23:39:39] [Worker-Main-11/DEBUG] (FabricLoader/Mixin) fabric-item-api-v1.mixins.json:DataComponentInitializersPendingComponentsMixin from mod fabric-item-api-v1->@Inject::apply(Lorg/spongepowered/asm/mixin/injection/callback/CallbackInfo;)V has 0 override(s) in child classes
[23:39:39] [Worker-Main-11/DEBUG] (FabricLoader/Mixin) fabric-item-api-v1.mixins.json:DataComponentInitializersPendingComponentsMixin from mod fabric-item-api-v1->@Inject::apply(Lorg/spongepowered/asm/mixin/injection/callback/CallbackInfo;)V won't be passed a CallbackInfo as a result
[23:39:39] [Worker-Main-11/DEBUG] (FabricLoader/Mixin) Mixing RecipeManagerMixin from fabric-recipe-api-v1.mixins.json into net.minecraft.world.item.crafting.RecipeManager
[23:39:39] [Worker-Main-11/DEBUG] (FabricLoader/Mixin) Mixing sync.RecipeManagerAccessor from fabric-recipe-api-v1.mixins.json into net.minecraft.world.item.crafting.RecipeManager
[23:39:39] [Worker-Main-11/DEBUG] (FabricLoader/Mixin) Mixing KeyedResourceReloaderMixin from fabric-resource-loader-v1.mixins.json into net.minecraft.world.item.crafting.RecipeManager
[23:39:39] [Worker-Main-11/DEBUG] (FabricLoader/Mixin) fabric-recipe-api-v1.mixins.json:RecipeManagerMixin from mod fabric-recipe-api-v1->@Inject::updateSynchronizedRecipes(Lnet/minecraft/world/item/crafting/RecipeMap;Lnet/minecraft/server/packs/resources/ResourceManager;Lnet/minecraft/util/profiling/ProfilerFiller;Lorg/spongepowered/asm/mixin/injection/callback/CallbackInfo;)V doesn't use it's CallbackInfo
[23:39:39] [Worker-Main-11/DEBUG] (FabricLoader/Mixin) fabric-recipe-api-v1.mixins.json:RecipeManagerMixin from mod fabric-recipe-api-v1->@Inject::updateSynchronizedRecipes(Lnet/minecraft/world/item/crafting/RecipeMap;Lnet/minecraft/server/packs/resources/ResourceManager;Lnet/minecraft/util/profiling/ProfilerFiller;Lorg/spongepowered/asm/mixin/injection/callback/CallbackInfo;)V has 0 override(s) in child classes
[23:39:39] [Worker-Main-11/DEBUG] (FabricLoader/Mixin) fabric-recipe-api-v1.mixins.json:RecipeManagerMixin from mod fabric-recipe-api-v1->@Inject::updateSynchronizedRecipes(Lnet/minecraft/world/item/crafting/RecipeMap;Lnet/minecraft/server/packs/resources/ResourceManager;Lnet/minecraft/util/profiling/ProfilerFiller;Lorg/spongepowered/asm/mixin/injection/callback/CallbackInfo;)V won't be passed a CallbackInfo as a result
[23:39:39] [Worker-Main-11/DEBUG] (FabricLoader/Mixin) Mixing RecipeAccessMixin from fabric-recipe-api-v1.mixins.json into net.minecraft.world.item.crafting.RecipeAccess
[23:39:39] [Worker-Main-11/DEBUG] (FabricLoader/Mixin) Mixing sync.RecipeMapMixin from fabric-recipe-api-v1.mixins.json into net.minecraft.world.item.crafting.RecipeMap
[23:39:39] [Worker-Main-11/DEBUG] (FabricLoader/Mixin) fabric-recipe-api-v1.mixins.json:sync.RecipeMapMixin from mod fabric-recipe-api-v1->@Inject::provideSerializerMap(Ljava/lang/Iterable;Lorg/spongepowered/asm/mixin/injection/callback/CallbackInfoReturnable;)V doesn't use it's CallbackInfoReturnable
[23:39:39] [Worker-Main-11/DEBUG] (FabricLoader/Mixin) fabric-recipe-api-v1.mixins.json:sync.RecipeMapMixin from mod fabric-recipe-api-v1->@Inject::fillSerializerMap(Ljava/lang/Iterable;Lorg/spongepowered/asm/mixin/injection/callback/CallbackInfoReturnable;)V doesn't use it's CallbackInfoReturnable
[23:39:39] [Worker-Main-11/DEBUG] (FabricLoader/Mixin) Mixing CommandsMixin from fabric-command-api-v2.mixins.json into net.minecraft.commands.Commands
[23:39:39] [Worker-Main-11/DEBUG] (FabricLoader/Mixin) Mixing CommandsMixin from fabric-networking-api-v1.mixins.json into net.minecraft.commands.Commands
[23:39:39] [Worker-Main-11/DEBUG] (FabricLoader/Mixin) fabric-command-api-v2.mixins.json:CommandsMixin from mod fabric-command-api-v2->@Inject::fabric_addCommands(Lnet/minecraft/commands/Commands$CommandSelection;Lnet/minecraft/commands/CommandBuildContext;Lorg/spongepowered/asm/mixin/injection/callback/CallbackInfo;)V doesn't use it's CallbackInfo
[23:39:39] [Worker-Main-11/DEBUG] (FabricLoader/Mixin) fabric-command-api-v2.mixins.json:CommandsMixin from mod fabric-command-api-v2->@Inject::fabric_addCommands(Lnet/minecraft/commands/Commands$CommandSelection;Lnet/minecraft/commands/CommandBuildContext;Lorg/spongepowered/asm/mixin/injection/callback/CallbackInfo;)V has 0 override(s) in child classes
[23:39:39] [Worker-Main-11/DEBUG] (FabricLoader/Mixin) fabric-command-api-v2.mixins.json:CommandsMixin from mod fabric-command-api-v2->@Inject::fabric_addCommands(Lnet/minecraft/commands/Commands$CommandSelection;Lnet/minecraft/commands/CommandBuildContext;Lorg/spongepowered/asm/mixin/injection/callback/CallbackInfo;)V won't be passed a CallbackInfo as a result
[23:39:39] [Worker-Main-11/DEBUG] (FabricLoader/Mixin) fabric-networking-api-v1.mixins.json:CommandsMixin from mod fabric-networking-api-v1->@Inject::init(Lnet/minecraft/commands/Commands$CommandSelection;Lnet/minecraft/commands/CommandBuildContext;Lorg/spongepowered/asm/mixin/injection/callback/CallbackInfo;)V doesn't use it's CallbackInfo
[23:39:39] [Worker-Main-11/DEBUG] (FabricLoader/Mixin) fabric-networking-api-v1.mixins.json:CommandsMixin from mod fabric-networking-api-v1->@Inject::init(Lnet/minecraft/commands/Commands$CommandSelection;Lnet/minecraft/commands/CommandBuildContext;Lorg/spongepowered/asm/mixin/injection/callback/CallbackInfo;)V has 0 override(s) in child classes
[23:39:39] [Worker-Main-11/DEBUG] (FabricLoader/Mixin) fabric-networking-api-v1.mixins.json:CommandsMixin from mod fabric-networking-api-v1->@Inject::init(Lnet/minecraft/commands/Commands$CommandSelection;Lnet/minecraft/commands/CommandBuildContext;Lorg/spongepowered/asm/mixin/injection/callback/CallbackInfo;)V won't be passed a CallbackInfo as a result
[23:39:39] [Worker-Main-11/DEBUG] (FabricLoader/Mixin) Mixing CommandSourceStackMixin from fabric-permission-api-v1.mixins.json into net.minecraft.commands.CommandSourceStack
[23:39:39] [Worker-Main-11/DEBUG] (FabricLoader/Mixin) fabric-permission-api-v1.mixins.json:CommandSourceStackMixin from mod fabric-permission-api-v1->@Inject::storeOriginalSource(Lnet/minecraft/commands/CommandSource;Lnet/minecraft/world/phys/Vec3;Lnet/minecraft/world/phys/Vec2;Lnet/minecraft/server/level/ServerLevel;Lnet/minecraft/server/permissions/PermissionSet;Ljava/lang/String;Lnet/minecraft/network/chat/Component;Lnet/minecraft/server/MinecraftServer;Lnet/minecraft/world/entity/Entity;Lorg/spongepowered/asm/mixin/injection/callback/CallbackInfo;)V doesn't use it's CallbackInfo
[23:39:39] [Worker-Main-11/DEBUG] (FabricLoader/Mixin) fabric-permission-api-v1.mixins.json:CommandSourceStackMixin from mod fabric-permission-api-v1->@Inject::storeOriginalSource(Lnet/minecraft/commands/CommandSource;Lnet/minecraft/world/phys/Vec3;Lnet/minecraft/world/phys/Vec2;Lnet/minecraft/server/level/ServerLevel;Lnet/minecraft/server/permissions/PermissionSet;Ljava/lang/String;Lnet/minecraft/network/chat/Component;Lnet/minecraft/server/MinecraftServer;Lnet/minecraft/world/entity/Entity;Lorg/spongepowered/asm/mixin/injection/callback/CallbackInfo;)V has 0 override(s) in child classes
[23:39:39] [Worker-Main-11/DEBUG] (FabricLoader/Mixin) fabric-permission-api-v1.mixins.json:CommandSourceStackMixin from mod fabric-permission-api-v1->@Inject::storeOriginalSource(Lnet/minecraft/commands/CommandSource;Lnet/minecraft/world/phys/Vec3;Lnet/minecraft/world/phys/Vec2;Lnet/minecraft/server/level/ServerLevel;Lnet/minecraft/server/permissions/PermissionSet;Ljava/lang/String;Lnet/minecraft/network/chat/Component;Lnet/minecraft/server/MinecraftServer;Lnet/minecraft/world/entity/Entity;Lorg/spongepowered/asm/mixin/injection/callback/CallbackInfo;)V won't be passed a CallbackInfo as a result
[23:39:39] [Worker-Main-11/DEBUG] (FabricLoader/Mixin) Mixing EntityDataAccessorMixin from fabric-data-attachment-api-v1.mixins.json into net.minecraft.server.commands.data.EntityDataAccessor
[23:39:39] [Worker-Main-11/DEBUG] (FabricLoader/Mixin) Renaming synthetic method lambda$setData$0(Lcom/llamalad7/mixinextras/injector/wrapoperation/Operation;Lnet/minecraft/world/entity/Entity;Lnet/minecraft/world/level/storage/ValueInput;)V to md7baf8b$fabric-data-attachment-api-v1$lambda$setData$0$0 in fabric-data-attachment-api-v1.mixins.json:EntityDataAccessorMixin from mod fabric-data-attachment-api-v1
[23:39:39] [Worker-Main-11/DEBUG] (FabricLoader/Mixin) Mixing BlockDataAccessorMixin from fabric-data-attachment-api-v1.mixins.json into net.minecraft.server.commands.data.BlockDataAccessor
[23:39:39] [Worker-Main-11/DEBUG] (FabricLoader/Mixin) Renaming synthetic method lambda$setData$0(Lcom/llamalad7/mixinextras/injector/wrapoperation/Operation;Lnet/minecraft/world/level/block/entity/BlockEntity;Lnet/minecraft/world/level/storage/ValueInput;)V to md7baf8b$fabric-data-attachment-api-v1$lambda$setData$0$0 in fabric-data-attachment-api-v1.mixins.json:BlockDataAccessorMixin from mod fabric-data-attachment-api-v1
[23:39:39] [Worker-Main-11/DEBUG] (FabricLoader/Mixin) Mixing DataPackCommandMixin from fabric-resource-loader-v1.mixins.json into net.minecraft.server.commands.DataPackCommand
[23:39:39] [Worker-Main-11/DEBUG] (FabricLoader/Mixin) Renaming synthetic method lambda$filterDisabledPackSuggestions$0(Lnet/minecraft/server/packs/repository/Pack;)Z to md7baf8b$fabric-resource-loader-v1$lambda$filterDisabledPackSuggestions$0$0 in fabric-resource-loader-v1.mixins.json:DataPackCommandMixin from mod fabric-resource-loader-v1
[23:39:39] [Worker-Main-11/DEBUG] (FabricLoader/Mixin) Renaming synthetic method lambda$filterEnabledPackSuggestions$0(Lnet/minecraft/server/packs/repository/Pack;)Z to md7baf8b$fabric-resource-loader-v1$lambda$filterEnabledPackSuggestions$0$1 in fabric-resource-loader-v1.mixins.json:DataPackCommandMixin from mod fabric-resource-loader-v1
[23:39:39] [Worker-Main-11/DEBUG] (FabricLoader/Mixin) Renaming synthetic method lambda$static$0(Ljava/lang/Object;)Lcom/mojang/brigadier/Message; to md7baf8b$fabric-resource-loader-v1$lambda$static$0$2 in fabric-resource-loader-v1.mixins.json:DataPackCommandMixin from mod fabric-resource-loader-v1
[23:39:39] [Worker-Main-11/DEBUG] (FabricLoader/Mixin) fabric-resource-loader-v1.mixins.json:DataPackCommandMixin from mod fabric-resource-loader-v1->@Inject::errorOnInternalPack(Lcom/mojang/brigadier/context/CommandContext;Ljava/lang/String;ZLorg/spongepowered/asm/mixin/injection/callback/CallbackInfoReturnable;)V doesn't use it's CallbackInfoReturnable
[23:39:39] [Worker-Main-11/DEBUG] (FabricLoader/Mixin) Mixing EnchantCommandMixin from fabric-item-api-v1.mixins.json into net.minecraft.server.commands.EnchantCommand
[23:39:39] [Worker-Main-11/DEBUG] (FabricLoader/Mixin) Mixing GameRuleCommandAccessor from fabric-game-rule-api-v1.mixins.json into net.minecraft.server.commands.GameRuleCommand
[23:39:39] [Worker-Main-11/DEBUG] (FabricLoader/Mixin) Renaming @Invoker method callQueryRule(Lnet/minecraft/commands/CommandSourceStack;Lnet/minecraft/world/level/gamerules/GameRule;)I to callQueryRule$fabric-game-rule-api-v1_$md$7baf8b$0 in fabric-game-rule-api-v1.mixins.json:GameRuleCommandAccessor from mod fabric-game-rule-api-v1
[23:39:39] [Worker-Main-11/DEBUG] (FabricLoader/Mixin) Mixing GameRuleCommandVisitorMixin from fabric-game-rule-api-v1.mixins.json into net.minecraft.server.commands.GameRuleCommand$1
[23:39:39] [Worker-Main-11/DEBUG] (FabricLoader/Mixin) fabric-game-rule-api-v1.mixins.json:GameRuleCommandVisitorMixin from mod fabric-game-rule-api-v1->@Inject::onRegisterCommand(Lnet/minecraft/world/level/gamerules/GameRule;Lorg/spongepowered/asm/mixin/injection/callback/CallbackInfo;)V does use it's CallbackInfo
[23:39:39] [Worker-Main-11/DEBUG] (FabricLoader/Mixin) Mixing HelpCommandAccessor from fabric-command-api-v2.mixins.json into net.minecraft.server.commands.HelpCommand
[23:39:39] [Worker-Main-11/DEBUG] (FabricLoader/Mixin) Renaming @Accessor method getFailedException()Lcom/mojang/brigadier/exceptions/SimpleCommandExceptionType; to getFailedException$fabric-command-api-v2_$md$7baf8b$0 in fabric-command-api-v2.mixins.json:HelpCommandAccessor from mod fabric-command-api-v2
[23:39:39] [Worker-Main-11/DEBUG] (FabricLoader/Mixin) Mixing KeyedResourceReloaderMixin from fabric-resource-loader-v1.mixins.json into net.minecraft.server.ServerAdvancementManager
[23:39:39] [Worker-Main-11/DEBUG] (FabricLoader/Mixin) Mixing KeyedResourceReloaderMixin from fabric-resource-loader-v1.mixins.json into net.minecraft.server.ServerFunctionLibrary
[23:39:39] [Render thread/INFO] (net.minecraft.world.item.crafting.RecipeManager) Loaded 1585 recipes
[23:39:39] [Render thread/INFO] (net.minecraft.advancements.AdvancementTree) Loaded 1688 advancements
[23:39:40] [Render thread/DEBUG] (FabricLoader/Mixin) Mixing AbstractGameRulesScreenAccessor from fabric-game-rule-api-v1.client.mixins.json into net.minecraft.client.gui.screens.worldselection.AbstractGameRulesScreen
[23:39:40] [Render thread/DEBUG] (FabricLoader/Mixin) Mixing ClientTooltipComponentMixin from fabric-resource-loader-v1.client.mixins.json into net.minecraft.client.gui.screens.inventory.tooltip.ClientTooltipComponent
[23:39:40] [Render thread/DEBUG] (FabricLoader/Mixin) Mixing ClientTooltipComponentMixin from fabric-rendering-v1.mixins.json into net.minecraft.client.gui.screens.inventory.tooltip.ClientTooltipComponent
[23:39:40] [Render thread/DEBUG] (FabricLoader/Mixin) fabric-resource-loader-v1.client.mixins.json:ClientTooltipComponentMixin from mod fabric-resource-loader-v1->@Inject::onCreate(Lnet/minecraft/world/inventory/tooltip/TooltipComponent;Lorg/spongepowered/asm/mixin/injection/callback/CallbackInfoReturnable;)V does use it's CallbackInfoReturnable
[23:39:40] [Render thread/DEBUG] (FabricLoader/Mixin) fabric-rendering-v1.mixins.json:ClientTooltipComponentMixin from mod fabric-rendering-v1->@Inject::convertCustomTooltipComponent(Lnet/minecraft/world/inventory/tooltip/TooltipComponent;Lorg/spongepowered/asm/mixin/injection/callback/CallbackInfoReturnable;)V does use it's CallbackInfoReturnable
[23:39:41] [Render thread/DEBUG] (net.fabricmc.fabric.impl.resource.pack.ModPackResourcesUtil) [Fabric] Starting internal pack sorting with: [fabric-convention-tags-v2, fabric-gametest-api-v1]
[23:39:41] [Render thread/DEBUG] (net.fabricmc.fabric.impl.resource.pack.ModPackResourcesUtil) [Fabric] Removed all internal packs, result: []
[23:39:41] [Render thread/DEBUG] (net.fabricmc.fabric.impl.resource.pack.ModPackResourcesUtil) [Fabric] Final sorting result: []
[23:39:41] [Render thread/DEBUG] (net.fabricmc.fabric.impl.resource.pack.ModPackResourcesUtil) [Fabric] Starting internal pack sorting with: [vanilla, fabric-convention-tags-v2, fabric-gametest-api-v1]
[23:39:41] [Render thread/DEBUG] (net.fabricmc.fabric.impl.resource.pack.ModPackResourcesUtil) [Fabric] Removed all internal packs, result: [vanilla]
[23:39:41] [Render thread/DEBUG] (net.fabricmc.fabric.impl.resource.pack.ModPackResourcesUtil) [Fabric] cur @ vanilla, auto-enabled fabric-convention-tags-v2, currently enabled: [vanilla, fabric-convention-tags-v2]
[23:39:41] [Render thread/DEBUG] (net.fabricmc.fabric.impl.resource.pack.ModPackResourcesUtil) [Fabric] cur @ vanilla, auto-enabled fabric-gametest-api-v1, currently enabled: [vanilla, fabric-convention-tags-v2, fabric-gametest-api-v1]
[23:39:41] [Render thread/DEBUG] (net.fabricmc.fabric.impl.resource.pack.ModPackResourcesUtil) [Fabric] Final sorting result: [vanilla, fabric-convention-tags-v2, fabric-gametest-api-v1]
[23:39:41] [Render thread/DEBUG] (FabricLoader/Mixin) Mixing ChunkStatusTasksMixin from fabric-lifecycle-events-v1.mixins.json into net.minecraft.world.level.chunk.status.ChunkStatusTasks
[23:39:41] [Render thread/DEBUG] (FabricLoader/Mixin) fabric-lifecycle-events-v1.mixins.json:ChunkStatusTasksMixin from mod fabric-lifecycle-events-v1->@Inject::onChunkLoad(Lnet/minecraft/world/level/chunk/ChunkAccess;Lnet/minecraft/world/level/chunk/status/WorldGenContext;Lnet/minecraft/server/level/GenerationChunkHolder;Lorg/spongepowered/asm/mixin/injection/callback/CallbackInfoReturnable;)V does use it's CallbackInfoReturnable
[23:39:41] [Render thread/DEBUG] (FabricLoader/Mixin) Mixing PlayerListMixin from fabric-entity-events-v1.mixins.json into net.minecraft.server.players.PlayerList
[23:39:41] [Render thread/DEBUG] (FabricLoader/Mixin) Mixing PlayerListMixin from fabric-lifecycle-events-v1.mixins.json into net.minecraft.server.players.PlayerList
[23:39:41] [Render thread/DEBUG] (FabricLoader/Mixin) Mixing PlayerListMixin from fabric-message-api-v1.mixins.json into net.minecraft.server.players.PlayerList
[23:39:41] [Render thread/DEBUG] (FabricLoader/Mixin) Mixing PlayerListMixin from fabric-networking-api-v1.mixins.json into net.minecraft.server.players.PlayerList
[23:39:41] [Render thread/DEBUG] (FabricLoader/Mixin) fabric-entity-events-v1.mixins.json:PlayerListMixin from mod fabric-entity-events-v1->@Inject::afterRespawn(Lnet/minecraft/server/level/ServerPlayer;ZLnet/minecraft/world/entity/Entity$RemovalReason;Lorg/spongepowered/asm/mixin/injection/callback/CallbackInfoReturnable;)V does use it's CallbackInfoReturnable
[23:39:41] [Render thread/DEBUG] (FabricLoader/Mixin) fabric-entity-events-v1.mixins.json:PlayerListMixin from mod fabric-entity-events-v1->@Inject::firePlayerJoinEvent(Lnet/minecraft/network/Connection;Lnet/minecraft/server/level/ServerPlayer;Lnet/minecraft/server/network/CommonListenerCookie;Lorg/spongepowered/asm/mixin/injection/callback/CallbackInfo;)V doesn't use it's CallbackInfo
[23:39:41] [Render thread/DEBUG] (FabricLoader/Mixin) fabric-entity-events-v1.mixins.json:PlayerListMixin from mod fabric-entity-events-v1->@Inject::firePlayerJoinEvent(Lnet/minecraft/network/Connection;Lnet/minecraft/server/level/ServerPlayer;Lnet/minecraft/server/network/CommonListenerCookie;Lorg/spongepowered/asm/mixin/injection/callback/CallbackInfo;)V has 0 override(s) in child classes
[23:39:41] [Render thread/DEBUG] (FabricLoader/Mixin) fabric-entity-events-v1.mixins.json:PlayerListMixin from mod fabric-entity-events-v1->@Inject::firePlayerJoinEvent(Lnet/minecraft/network/Connection;Lnet/minecraft/server/level/ServerPlayer;Lnet/minecraft/server/network/CommonListenerCookie;Lorg/spongepowered/asm/mixin/injection/callback/CallbackInfo;)V won't be passed a CallbackInfo as a result
[23:39:41] [Render thread/DEBUG] (FabricLoader/Mixin) fabric-entity-events-v1.mixins.json:PlayerListMixin from mod fabric-entity-events-v1->@Inject::firePlayerLeaveEvent(Lnet/minecraft/server/level/ServerPlayer;Lorg/spongepowered/asm/mixin/injection/callback/CallbackInfo;)V doesn't use it's CallbackInfo
[23:39:41] [Render thread/DEBUG] (FabricLoader/Mixin) fabric-entity-events-v1.mixins.json:PlayerListMixin from mod fabric-entity-events-v1->@Inject::firePlayerLeaveEvent(Lnet/minecraft/server/level/ServerPlayer;Lorg/spongepowered/asm/mixin/injection/callback/CallbackInfo;)V has 0 override(s) in child classes
[23:39:41] [Render thread/DEBUG] (FabricLoader/Mixin) fabric-entity-events-v1.mixins.json:PlayerListMixin from mod fabric-entity-events-v1->@Inject::firePlayerLeaveEvent(Lnet/minecraft/server/level/ServerPlayer;Lorg/spongepowered/asm/mixin/injection/callback/CallbackInfo;)V won't be passed a CallbackInfo as a result
[23:39:41] [Render thread/DEBUG] (FabricLoader/Mixin) fabric-lifecycle-events-v1.mixins.json:PlayerListMixin from mod fabric-lifecycle-events-v1->@Inject::hookOnPlayerConnect(Lnet/minecraft/network/Connection;Lnet/minecraft/server/level/ServerPlayer;Lnet/minecraft/server/network/CommonListenerCookie;Lorg/spongepowered/asm/mixin/injection/callback/CallbackInfo;)V doesn't use it's CallbackInfo
[23:39:41] [Render thread/DEBUG] (FabricLoader/Mixin) fabric-lifecycle-events-v1.mixins.json:PlayerListMixin from mod fabric-lifecycle-events-v1->@Inject::hookOnPlayerConnect(Lnet/minecraft/network/Connection;Lnet/minecraft/server/level/ServerPlayer;Lnet/minecraft/server/network/CommonListenerCookie;Lorg/spongepowered/asm/mixin/injection/callback/CallbackInfo;)V has 0 override(s) in child classes
[23:39:41] [Render thread/DEBUG] (FabricLoader/Mixin) fabric-lifecycle-events-v1.mixins.json:PlayerListMixin from mod fabric-lifecycle-events-v1->@Inject::hookOnPlayerConnect(Lnet/minecraft/network/Connection;Lnet/minecraft/server/level/ServerPlayer;Lnet/minecraft/server/network/CommonListenerCookie;Lorg/spongepowered/asm/mixin/injection/callback/CallbackInfo;)V won't be passed a CallbackInfo as a result
[23:39:41] [Render thread/DEBUG] (FabricLoader/Mixin) fabric-lifecycle-events-v1.mixins.json:PlayerListMixin from mod fabric-lifecycle-events-v1->@Inject::hookOnDataPacksReloaded(Lorg/spongepowered/asm/mixin/injection/callback/CallbackInfo;)V doesn't use it's CallbackInfo
[23:39:41] [Render thread/DEBUG] (FabricLoader/Mixin) fabric-lifecycle-events-v1.mixins.json:PlayerListMixin from mod fabric-lifecycle-events-v1->@Inject::hookOnDataPacksReloaded(Lorg/spongepowered/asm/mixin/injection/callback/CallbackInfo;)V has 0 override(s) in child classes
[23:39:41] [Render thread/DEBUG] (FabricLoader/Mixin) fabric-lifecycle-events-v1.mixins.json:PlayerListMixin from mod fabric-lifecycle-events-v1->@Inject::hookOnDataPacksReloaded(Lorg/spongepowered/asm/mixin/injection/callback/CallbackInfo;)V won't be passed a CallbackInfo as a result
[23:39:41] [Render thread/DEBUG] (FabricLoader/Mixin) fabric-message-api-v1.mixins.json:PlayerListMixin from mod fabric-message-api-v1->@Inject::onSendChatMessage(Lnet/minecraft/network/chat/PlayerChatMessage;Lnet/minecraft/server/level/ServerPlayer;Lnet/minecraft/network/chat/ChatType$Bound;Lorg/spongepowered/asm/mixin/injection/callback/CallbackInfo;)V does use it's CallbackInfo
[23:39:41] [Render thread/DEBUG] (FabricLoader/Mixin) fabric-message-api-v1.mixins.json:PlayerListMixin from mod fabric-message-api-v1->@Inject::onSendGameMessage(Lnet/minecraft/network/chat/Component;Ljava/util/function/Function;ZLorg/spongepowered/asm/mixin/injection/callback/CallbackInfo;)V does use it's CallbackInfo
[23:39:41] [Render thread/DEBUG] (FabricLoader/Mixin) fabric-message-api-v1.mixins.json:PlayerListMixin from mod fabric-message-api-v1->@Inject::onSendCommandMessage(Lnet/minecraft/network/chat/PlayerChatMessage;Lnet/minecraft/commands/CommandSourceStack;Lnet/minecraft/network/chat/ChatType$Bound;Lorg/spongepowered/asm/mixin/injection/callback/CallbackInfo;)V does use it's CallbackInfo
[23:39:41] [Render thread/DEBUG] (FabricLoader/Mixin) fabric-networking-api-v1.mixins.json:PlayerListMixin from mod fabric-networking-api-v1->@Inject::handlePlayerConnection(Lnet/minecraft/network/Connection;Lnet/minecraft/server/level/ServerPlayer;Lnet/minecraft/server/network/CommonListenerCookie;Lorg/spongepowered/asm/mixin/injection/callback/CallbackInfo;)V doesn't use it's CallbackInfo
[23:39:41] [Render thread/DEBUG] (FabricLoader/Mixin) fabric-networking-api-v1.mixins.json:PlayerListMixin from mod fabric-networking-api-v1->@Inject::handlePlayerConnection(Lnet/minecraft/network/Connection;Lnet/minecraft/server/level/ServerPlayer;Lnet/minecraft/server/network/CommonListenerCookie;Lorg/spongepowered/asm/mixin/injection/callback/CallbackInfo;)V has 0 override(s) in child classes
[23:39:41] [Render thread/DEBUG] (FabricLoader/Mixin) fabric-networking-api-v1.mixins.json:PlayerListMixin from mod fabric-networking-api-v1->@Inject::handlePlayerConnection(Lnet/minecraft/network/Connection;Lnet/minecraft/server/level/ServerPlayer;Lnet/minecraft/server/network/CommonListenerCookie;Lorg/spongepowered/asm/mixin/injection/callback/CallbackInfo;)V won't be passed a CallbackInfo as a result
[23:39:41] [Render thread/DEBUG] (FabricLoader/Mixin) Mixing ServerDebugSubscribersMixin from fabric-debug-api-v1.mixins.json into net.minecraft.util.debug.ServerDebugSubscribers
[23:39:41] [Render thread/DEBUG] (FabricLoader/Mixin) Mixing SavedDataStorageMixin from fabric-object-builder-v1.mixins.json into net.minecraft.world.level.storage.SavedDataStorage
[23:39:41] [Render thread/DEBUG] (FabricLoader/Mixin) Generating mapped inner class net/minecraft/world/level/levelgen/structure/templatesystem/StructureTemplateManager$Anonymous$2385a326ce863bc0bf2a11ea898a45b4 (originally net/fabricmc/fabric/mixin/gametest/StructureTemplateManagerMixin$1)
[23:39:41] [Render thread/DEBUG] (FabricLoader/Mixin) Mixing PotionBrewingBuilderMixin from fabric-content-registries-v0.mixins.json into net.minecraft.world.item.alchemy.PotionBrewing$Builder
[23:39:41] [Render thread/DEBUG] (FabricLoader/Mixin) fabric-content-registries-v0.mixins.json:PotionBrewingBuilderMixin from mod fabric-content-registries-v0->@Inject::build(Lorg/spongepowered/asm/mixin/injection/callback/CallbackInfoReturnable;)V doesn't use it's CallbackInfoReturnable
[23:39:41] [Render thread/DEBUG] (FabricLoader/Mixin) fabric-content-registries-v0.mixins.json:PotionBrewingBuilderMixin from mod fabric-content-registries-v0->@Inject::build(Lorg/spongepowered/asm/mixin/injection/callback/CallbackInfoReturnable;)V has 0 override(s) in child classes
[23:39:41] [Render thread/DEBUG] (FabricLoader/Mixin) fabric-content-registries-v0.mixins.json:PotionBrewingBuilderMixin from mod fabric-content-registries-v0->@Inject::build(Lorg/spongepowered/asm/mixin/injection/callback/CallbackInfoReturnable;)V won't be passed a CallbackInfoReturnable as a result
[23:39:41] [Render thread/DEBUG] (FabricLoader/Mixin) Mixing FuelValuesMixin from fabric-content-registries-v0.mixins.json into net.minecraft.world.level.block.entity.FuelValues
[23:39:41] [Render thread/INFO] (net.fabricmc.fabric.impl.biome.modification.BiomeModificationImpl) Applied 0 biome modifications to 0 of 66 new biomes in 996.3 μs
[23:39:41] [Render thread/DEBUG] (FabricLoader/Mixin) Mixing AttachmentTargetsMixin from fabric-data-attachment-api-v1.mixins.json into net.fabricmc.fabric.impl.attachment.GlobalAttachmentsImpl
[23:39:41] [Server thread/INFO] (net.minecraft.client.server.IntegratedServer) Starting integrated minecraft server version 26.2
[23:39:41] [Server thread/INFO] (net.minecraft.server.MinecraftServer) Generating keypair
[23:39:41] [Render thread/DEBUG] (com.mojang.blaze3d.systems.RenderSystem) Growing IndexBuffer: Old limit 5640, new limit 14688.
[23:39:41] [Server thread/DEBUG] (FabricLoader/Mixin) Mixing PersistentEntitySectionManagerMixin from fabric-lifecycle-events-v1.mixins.json into net.minecraft.world.level.entity.PersistentEntitySectionManager
[23:39:41] [Server thread/DEBUG] (FabricLoader/Mixin) fabric-lifecycle-events-v1.mixins.json:PersistentEntitySectionManagerMixin from mod fabric-lifecycle-events-v1->@Inject::beforeAddEntity(Lnet/minecraft/world/level/entity/EntityAccess;ZLorg/spongepowered/asm/mixin/injection/callback/CallbackInfoReturnable;)V does use it's CallbackInfoReturnable
[23:39:41] [Server thread/DEBUG] (FabricLoader/Mixin) Mixing ServerLevelEntityCallbacksMixin from fabric-lifecycle-events-v1.mixins.json into net.minecraft.server.level.ServerLevel$EntityCallbacks
[23:39:41] [Server thread/DEBUG] (FabricLoader/Mixin) fabric-lifecycle-events-v1.mixins.json:ServerLevelEntityCallbacksMixin from mod fabric-lifecycle-events-v1->@Inject::invokeEntityLoadEvent(Lnet/minecraft/world/entity/Entity;Lorg/spongepowered/asm/mixin/injection/callback/CallbackInfo;)V doesn't use it's CallbackInfo
[23:39:41] [Server thread/DEBUG] (FabricLoader/Mixin) fabric-lifecycle-events-v1.mixins.json:ServerLevelEntityCallbacksMixin from mod fabric-lifecycle-events-v1->@Inject::invokeEntityUnloadEvent(Lnet/minecraft/world/entity/Entity;Lorg/spongepowered/asm/mixin/injection/callback/CallbackInfo;)V doesn't use it's CallbackInfo
[23:39:42] [Server thread/DEBUG] (FabricLoader/Mixin) Mixing ChunkMapMixin from fabric-lifecycle-events-v1.mixins.json into net.minecraft.server.level.ChunkMap
[23:39:42] [Server thread/DEBUG] (FabricLoader/Mixin) Mixing accessor.ChunkMapAccessor from fabric-networking-api-v1.mixins.json into net.minecraft.server.level.ChunkMap
[23:39:42] [Server thread/DEBUG] (FabricLoader/Mixin) fabric-lifecycle-events-v1.mixins.json:ChunkMapMixin from mod fabric-lifecycle-events-v1->@Inject::onChunkUnload(Lnet/minecraft/server/level/ChunkHolder;Ljava/util/concurrent/CompletableFuture;JLorg/spongepowered/asm/mixin/injection/callback/CallbackInfo;)V doesn't use it's CallbackInfo
[23:39:42] [Server thread/DEBUG] (FabricLoader/Mixin) fabric-lifecycle-events-v1.mixins.json:ChunkMapMixin from mod fabric-lifecycle-events-v1->@Inject::onChunkUnload(Lnet/minecraft/server/level/ChunkHolder;Ljava/util/concurrent/CompletableFuture;JLorg/spongepowered/asm/mixin/injection/callback/CallbackInfo;)V has 0 override(s) in child classes
[23:39:42] [Server thread/DEBUG] (FabricLoader/Mixin) fabric-lifecycle-events-v1.mixins.json:ChunkMapMixin from mod fabric-lifecycle-events-v1->@Inject::onChunkUnload(Lnet/minecraft/server/level/ChunkHolder;Ljava/util/concurrent/CompletableFuture;JLorg/spongepowered/asm/mixin/injection/callback/CallbackInfo;)V won't be passed a CallbackInfo as a result
[23:39:42] [Server thread/DEBUG] (FabricLoader/Mixin) Mixing ChunkHolderMixin from fabric-data-attachment-api-v1.mixins.json into net.minecraft.server.level.ChunkHolder
[23:39:42] [Server thread/DEBUG] (FabricLoader/Mixin) Mixing ChunkHolderMixin from fabric-lifecycle-events-v1.mixins.json into net.minecraft.server.level.ChunkHolder
[23:39:42] [Server thread/DEBUG] (FabricLoader/Mixin) fabric-data-attachment-api-v1.mixins.json:ChunkHolderMixin from mod fabric-data-attachment-api-v1->@Inject::broadcastBlockEntity(Ljava/util/List;Lnet/minecraft/world/level/Level;Lnet/minecraft/core/BlockPos;Lorg/spongepowered/asm/mixin/injection/callback/CallbackInfo;)V doesn't use it's CallbackInfo
[23:39:42] [Server thread/DEBUG] (FabricLoader/Mixin) fabric-data-attachment-api-v1.mixins.json:ChunkHolderMixin from mod fabric-data-attachment-api-v1->@Inject::broadcastBlockEntity(Ljava/util/List;Lnet/minecraft/world/level/Level;Lnet/minecraft/core/BlockPos;Lorg/spongepowered/asm/mixin/injection/callback/CallbackInfo;)V has 0 override(s) in child classes
[23:39:42] [Server thread/DEBUG] (FabricLoader/Mixin) fabric-data-attachment-api-v1.mixins.json:ChunkHolderMixin from mod fabric-data-attachment-api-v1->@Inject::broadcastBlockEntity(Ljava/util/List;Lnet/minecraft/world/level/Level;Lnet/minecraft/core/BlockPos;Lorg/spongepowered/asm/mixin/injection/callback/CallbackInfo;)V won't be passed a CallbackInfo as a result
[23:39:42] [Server thread/DEBUG] (FabricLoader/Mixin) fabric-lifecycle-events-v1.mixins.json:ChunkHolderMixin from mod fabric-lifecycle-events-v1->@Inject::updateFutures$inaccessibleToFull(Lnet/minecraft/server/level/ChunkMap;Ljava/util/concurrent/Executor;Lorg/spongepowered/asm/mixin/injection/callback/CallbackInfo;)V doesn't use it's CallbackInfo
[23:39:42] [Server thread/DEBUG] (FabricLoader/Mixin) fabric-lifecycle-events-v1.mixins.json:ChunkHolderMixin from mod fabric-lifecycle-events-v1->@Inject::updateFutures$inaccessibleToFull(Lnet/minecraft/server/level/ChunkMap;Ljava/util/concurrent/Executor;Lorg/spongepowered/asm/mixin/injection/callback/CallbackInfo;)V has 0 override(s) in child classes
[23:39:42] [Server thread/DEBUG] (FabricLoader/Mixin) fabric-lifecycle-events-v1.mixins.json:ChunkHolderMixin from mod fabric-lifecycle-events-v1->@Inject::updateFutures$inaccessibleToFull(Lnet/minecraft/server/level/ChunkMap;Ljava/util/concurrent/Executor;Lorg/spongepowered/asm/mixin/injection/callback/CallbackInfo;)V won't be passed a CallbackInfo as a result
[23:39:42] [Server thread/DEBUG] (FabricLoader/Mixin) fabric-lifecycle-events-v1.mixins.json:ChunkHolderMixin from mod fabric-lifecycle-events-v1->@Inject::updateFutures$fullToBlockTicking(Lnet/minecraft/server/level/ChunkMap;Ljava/util/concurrent/Executor;Lorg/spongepowered/asm/mixin/injection/callback/CallbackInfo;)V doesn't use it's CallbackInfo
[23:39:42] [Server thread/DEBUG] (FabricLoader/Mixin) fabric-lifecycle-events-v1.mixins.json:ChunkHolderMixin from mod fabric-lifecycle-events-v1->@Inject::updateFutures$fullToBlockTicking(Lnet/minecraft/server/level/ChunkMap;Ljava/util/concurrent/Executor;Lorg/spongepowered/asm/mixin/injection/callback/CallbackInfo;)V has 0 override(s) in child classes
[23:39:42] [Server thread/DEBUG] (FabricLoader/Mixin) fabric-lifecycle-events-v1.mixins.json:ChunkHolderMixin from mod fabric-lifecycle-events-v1->@Inject::updateFutures$fullToBlockTicking(Lnet/minecraft/server/level/ChunkMap;Ljava/util/concurrent/Executor;Lorg/spongepowered/asm/mixin/injection/callback/CallbackInfo;)V won't be passed a CallbackInfo as a result
[23:39:42] [Server thread/DEBUG] (FabricLoader/Mixin) fabric-lifecycle-events-v1.mixins.json:ChunkHolderMixin from mod fabric-lifecycle-events-v1->@Inject::updateFutures$blockTickingToEntityTicking(Lnet/minecraft/server/level/ChunkMap;Ljava/util/concurrent/Executor;Lorg/spongepowered/asm/mixin/injection/callback/CallbackInfo;)V doesn't use it's CallbackInfo
[23:39:42] [Server thread/DEBUG] (FabricLoader/Mixin) fabric-lifecycle-events-v1.mixins.json:ChunkHolderMixin from mod fabric-lifecycle-events-v1->@Inject::updateFutures$blockTickingToEntityTicking(Lnet/minecraft/server/level/ChunkMap;Ljava/util/concurrent/Executor;Lorg/spongepowered/asm/mixin/injection/callback/CallbackInfo;)V has 0 override(s) in child classes
[23:39:42] [Server thread/DEBUG] (FabricLoader/Mixin) fabric-lifecycle-events-v1.mixins.json:ChunkHolderMixin from mod fabric-lifecycle-events-v1->@Inject::updateFutures$blockTickingToEntityTicking(Lnet/minecraft/server/level/ChunkMap;Ljava/util/concurrent/Executor;Lorg/spongepowered/asm/mixin/injection/callback/CallbackInfo;)V won't be passed a CallbackInfo as a result
[23:39:42] [Server thread/DEBUG] (FabricLoader/Mixin) fabric-lifecycle-events-v1.mixins.json:ChunkHolderMixin from mod fabric-lifecycle-events-v1->@Inject::decreaseLevel(Lnet/minecraft/server/level/ChunkMap;Lnet/minecraft/server/level/FullChunkStatus;Lorg/spongepowered/asm/mixin/injection/callback/CallbackInfo;)V doesn't use it's CallbackInfo
[23:39:42] [Server thread/DEBUG] (FabricLoader/Mixin) fabric-lifecycle-events-v1.mixins.json:ChunkHolderMixin from mod fabric-lifecycle-events-v1->@Inject::decreaseLevel(Lnet/minecraft/server/level/ChunkMap;Lnet/minecraft/server/level/FullChunkStatus;Lorg/spongepowered/asm/mixin/injection/callback/CallbackInfo;)V has 0 override(s) in child classes
[23:39:42] [Server thread/DEBUG] (FabricLoader/Mixin) fabric-lifecycle-events-v1.mixins.json:ChunkHolderMixin from mod fabric-lifecycle-events-v1->@Inject::decreaseLevel(Lnet/minecraft/server/level/ChunkMap;Lnet/minecraft/server/level/FullChunkStatus;Lorg/spongepowered/asm/mixin/injection/callback/CallbackInfo;)V won't be passed a CallbackInfo as a result
[23:39:42] [Server thread/DEBUG] (FabricLoader/Mixin) Mixing RandomStateMixin from fabric-biome-api-v1.mixins.json into net.minecraft.world.level.levelgen.RandomState
[23:39:42] [Server thread/DEBUG] (FabricLoader/Mixin) fabric-biome-api-v1.mixins.json:RandomStateMixin from mod fabric-biome-api-v1->@Inject::init(Lnet/minecraft/world/level/levelgen/NoiseGeneratorSettings;Lnet/minecraft/core/HolderGetter;JLorg/spongepowered/asm/mixin/injection/callback/CallbackInfo;)V doesn't use it's CallbackInfo
[23:39:42] [Server thread/DEBUG] (FabricLoader/Mixin) Mixing ClimateSamplerMixin from fabric-biome-api-v1.mixins.json into net.minecraft.world.level.biome.Climate$Sampler
[23:39:42] [Server thread/INFO] (net.minecraft.server.level.progress.LoggingLevelLoadListener) Selecting global world spawn...
[23:39:42] [Worker-Main-3/DEBUG] (FabricLoader/Mixin) Mixing SerializableChunkDataMixin from fabric-data-attachment-api-v1.mixins.json into net.minecraft.world.level.chunk.storage.SerializableChunkData
[23:39:42] [Worker-Main-3/DEBUG] (FabricLoader/Mixin) Renaming @Unique field LOGGERLorg/slf4j/Logger; to fd7baf8b$fabric-data-attachment-api-v1$LOGGER$0 in fabric-data-attachment-api-v1.mixins.json:SerializableChunkDataMixin from mod fabric-data-attachment-api-v1
[23:39:42] [Worker-Main-3/DEBUG] (FabricLoader/Mixin) Mixing SerializableChunkDataMixin from fabric-registry-sync-v0.mixins.json into net.minecraft.world.level.chunk.storage.SerializableChunkData
[23:39:42] [Worker-Main-3/DEBUG] (FabricLoader/Mixin) fabric-data-attachment-api-v1.mixins.json:SerializableChunkDataMixin from mod fabric-data-attachment-api-v1->@Inject::storeAttachmentNbtData(Lnet/minecraft/world/level/LevelHeightAccessor;Lnet/minecraft/world/level/chunk/PalettedContainerFactory;Lnet/minecraft/nbt/CompoundTag;Lorg/spongepowered/asm/mixin/injection/callback/CallbackInfoReturnable;)V does use it's CallbackInfoReturnable
[23:39:42] [Worker-Main-3/DEBUG] (FabricLoader/Mixin) fabric-data-attachment-api-v1.mixins.json:SerializableChunkDataMixin from mod fabric-data-attachment-api-v1->@Inject::storeAttachmentNbtData(Lnet/minecraft/world/level/LevelHeightAccessor;Lnet/minecraft/world/level/chunk/PalettedContainerFactory;Lnet/minecraft/nbt/CompoundTag;Lorg/spongepowered/asm/mixin/injection/callback/CallbackInfoReturnable;)V does use it's CallbackInfoReturnable
[23:39:42] [Worker-Main-3/DEBUG] (FabricLoader/Mixin) fabric-data-attachment-api-v1.mixins.json:SerializableChunkDataMixin from mod fabric-data-attachment-api-v1->@Inject::setAttachmentDataInChunk(Lnet/minecraft/server/level/ServerLevel;Lnet/minecraft/world/entity/ai/village/poi/PoiManager;Lnet/minecraft/world/level/chunk/storage/RegionStorageInfo;Lnet/minecraft/world/level/ChunkPos;Lorg/spongepowered/asm/mixin/injection/callback/CallbackInfoReturnable;)V does use it's CallbackInfoReturnable
[23:39:42] [Worker-Main-3/DEBUG] (FabricLoader/Mixin) fabric-data-attachment-api-v1.mixins.json:SerializableChunkDataMixin from mod fabric-data-attachment-api-v1->@Inject::setAttachmentDataInChunk(Lnet/minecraft/server/level/ServerLevel;Lnet/minecraft/world/entity/ai/village/poi/PoiManager;Lnet/minecraft/world/level/chunk/storage/RegionStorageInfo;Lnet/minecraft/world/level/ChunkPos;Lorg/spongepowered/asm/mixin/injection/callback/CallbackInfoReturnable;)V does use it's CallbackInfoReturnable
[23:39:42] [Worker-Main-3/DEBUG] (FabricLoader/Mixin) fabric-data-attachment-api-v1.mixins.json:SerializableChunkDataMixin from mod fabric-data-attachment-api-v1->@Inject::storeAttachmentNbtData(Lnet/minecraft/server/level/ServerLevel;Lnet/minecraft/world/level/chunk/ChunkAccess;Lorg/spongepowered/asm/mixin/injection/callback/CallbackInfoReturnable;)V does use it's CallbackInfoReturnable
[23:39:42] [Worker-Main-3/DEBUG] (FabricLoader/Mixin) fabric-data-attachment-api-v1.mixins.json:SerializableChunkDataMixin from mod fabric-data-attachment-api-v1->@Inject::writeChunkAttachments(Lorg/spongepowered/asm/mixin/injection/callback/CallbackInfoReturnable;)V does use it's CallbackInfoReturnable
[23:39:42] [Server thread/DEBUG] (FabricLoader/Mixin) Mixing LevelChunkSectionMixin from fabric-block-api-v1.mixins.json into net.minecraft.world.level.chunk.LevelChunkSection
[23:39:42] [Worker-Main-7/DEBUG] (FabricLoader/Mixin) Mixing NoiseChunkMixin from fabric-biome-api-v1.mixins.json into net.minecraft.world.level.levelgen.NoiseChunk
[23:39:42] [Worker-Main-7/DEBUG] (FabricLoader/Mixin) fabric-biome-api-v1.mixins.json:NoiseChunkMixin from mod fabric-biome-api-v1->@Inject::init(ILnet/minecraft/world/level/levelgen/RandomState;IILnet/minecraft/world/level/levelgen/NoiseSettings;Lnet/minecraft/world/level/levelgen/DensityFunctions$BeardifierOrMarker;Lnet/minecraft/world/level/levelgen/NoiseGeneratorSettings;Lnet/minecraft/world/level/levelgen/Aquifer$FluidPicker;Lnet/minecraft/world/level/levelgen/blending/Blender;Lorg/spongepowered/asm/mixin/injection/callback/CallbackInfo;)V doesn't use it's CallbackInfo
[23:39:42] [Worker-Main-7/DEBUG] (FabricLoader/Mixin) fabric-biome-api-v1.mixins.json:NoiseChunkMixin from mod fabric-biome-api-v1->@Inject::init(ILnet/minecraft/world/level/levelgen/RandomState;IILnet/minecraft/world/level/levelgen/NoiseSettings;Lnet/minecraft/world/level/levelgen/DensityFunctions$BeardifierOrMarker;Lnet/minecraft/world/level/levelgen/NoiseGeneratorSettings;Lnet/minecraft/world/level/levelgen/Aquifer$FluidPicker;Lnet/minecraft/world/level/levelgen/blending/Blender;Lorg/spongepowered/asm/mixin/injection/callback/CallbackInfo;)V has 0 override(s) in child classes
[23:39:42] [Worker-Main-7/DEBUG] (FabricLoader/Mixin) fabric-biome-api-v1.mixins.json:NoiseChunkMixin from mod fabric-biome-api-v1->@Inject::init(ILnet/minecraft/world/level/levelgen/RandomState;IILnet/minecraft/world/level/levelgen/NoiseSettings;Lnet/minecraft/world/level/levelgen/DensityFunctions$BeardifierOrMarker;Lnet/minecraft/world/level/levelgen/NoiseGeneratorSettings;Lnet/minecraft/world/level/levelgen/Aquifer$FluidPicker;Lnet/minecraft/world/level/levelgen/blending/Blender;Lorg/spongepowered/asm/mixin/injection/callback/CallbackInfo;)V won't be passed a CallbackInfo as a result
[23:39:42] [Worker-Main-7/DEBUG] (FabricLoader/Mixin) fabric-biome-api-v1.mixins.json:NoiseChunkMixin from mod fabric-biome-api-v1->@Inject::createMultiNoiseSampler(Lnet/minecraft/world/level/levelgen/NoiseRouter;Ljava/util/List;Lorg/spongepowered/asm/mixin/injection/callback/CallbackInfoReturnable;)V does use it's CallbackInfoReturnable
[23:39:44] [Server thread/DEBUG] (FabricLoader/Mixin) Mixing ImposterProtoChunkMixin from fabric-data-attachment-api-v1.mixins.json into net.minecraft.world.level.chunk.ImposterProtoChunk
[23:39:44] [Server thread/DEBUG] (FabricLoader/Mixin) Mixing TagValueInputMixin from fabric-serialization-api-v1.mixins.json into net.minecraft.world.level.storage.TagValueInput
[23:39:44] [Server thread/DEBUG] (FabricLoader/Mixin) Mixing ValueInputMixin from fabric-serialization-api-v1.mixins.json into net.minecraft.world.level.storage.ValueInput
[23:39:44] [Server thread/INFO] (net.minecraft.server.level.progress.LoggingLevelLoadListener) Loading 0 persistent chunks...
[23:39:44] [Server thread/INFO] (net.minecraft.server.level.progress.LoggingLevelLoadListener) Preparing spawn area: 16%
[23:39:44] [Server thread/INFO] (net.minecraft.server.MinecraftServer) Saving chunks for level 'ServerLevel[New World]'/minecraft:overworld
[23:39:44] [Server thread/DEBUG] (FabricLoader/Mixin) Mixing TagValueOutputMixin from fabric-serialization-api-v1.mixins.json into net.minecraft.world.level.storage.TagValueOutput
[23:39:44] [Server thread/INFO] (net.minecraft.server.MinecraftServer) Saving chunks for level 'ServerLevel[New World]'/minecraft:the_nether
[23:39:44] [Server thread/INFO] (net.minecraft.server.MinecraftServer) Saving chunks for level 'ServerLevel[New World]'/minecraft:the_end
[23:39:44] [Server thread/INFO] (net.minecraft.server.MinecraftServer) ThreadedAnvilChunkStorage (world): All chunks are saved
[23:39:44] [Server thread/INFO] (net.minecraft.server.MinecraftServer) ThreadedAnvilChunkStorage (DIM-1): All chunks are saved
[23:39:44] [Server thread/INFO] (net.minecraft.server.MinecraftServer) ThreadedAnvilChunkStorage (DIM1): All chunks are saved
[23:39:44] [Server thread/INFO] (net.minecraft.server.MinecraftServer) ThreadedAnvilChunkStorage: All dimensions are saved
[23:39:44] [Netty Local IO #2/DEBUG] (FabricLoader/Mixin) Mixing ServerLoginPacketListenerImplMixin from fabric-networking-api-v1.mixins.json into net.minecraft.server.network.ServerLoginPacketListenerImpl
[23:39:44] [Netty Local IO #2/DEBUG] (FabricLoader/Mixin) Mixing accessor.ServerLoginPacketListenerImplAccessor from fabric-networking-api-v1.mixins.json into net.minecraft.server.network.ServerLoginPacketListenerImpl
[23:39:44] [Netty Local IO #2/DEBUG] (FabricLoader/Mixin) fabric-networking-api-v1.mixins.json:ServerLoginPacketListenerImplMixin from mod fabric-networking-api-v1->@Inject::initAddon(Lnet/minecraft/server/MinecraftServer;Lnet/minecraft/network/Connection;ZLorg/spongepowered/asm/mixin/injection/callback/CallbackInfo;)V doesn't use it's CallbackInfo
[23:39:44] [Netty Local IO #2/DEBUG] (FabricLoader/Mixin) fabric-networking-api-v1.mixins.json:ServerLoginPacketListenerImplMixin from mod fabric-networking-api-v1->@Inject::initAddon(Lnet/minecraft/server/MinecraftServer;Lnet/minecraft/network/Connection;ZLorg/spongepowered/asm/mixin/injection/callback/CallbackInfo;)V has 0 override(s) in child classes
[23:39:44] [Netty Local IO #2/DEBUG] (FabricLoader/Mixin) fabric-networking-api-v1.mixins.json:ServerLoginPacketListenerImplMixin from mod fabric-networking-api-v1->@Inject::initAddon(Lnet/minecraft/server/MinecraftServer;Lnet/minecraft/network/Connection;ZLorg/spongepowered/asm/mixin/injection/callback/CallbackInfo;)V won't be passed a CallbackInfo as a result
[23:39:44] [Netty Local IO #2/DEBUG] (FabricLoader/Mixin) fabric-networking-api-v1.mixins.json:ServerLoginPacketListenerImplMixin from mod fabric-networking-api-v1->@Inject::handleCustomPayloadReceivedAsync(Lnet/minecraft/network/protocol/login/ServerboundCustomQueryAnswerPacket;Lorg/spongepowered/asm/mixin/injection/callback/CallbackInfo;)V does use it's CallbackInfo
[23:39:44] [Netty Local IO #2/DEBUG] (FabricLoader/Mixin) fabric-networking-api-v1.mixins.json:ServerLoginPacketListenerImplMixin from mod fabric-networking-api-v1->@Inject::storeGameProfileContext(Lcom/mojang/authlib/GameProfile;Lorg/spongepowered/asm/mixin/injection/callback/CallbackInfo;)V doesn't use it's CallbackInfo
[23:39:44] [Netty Local IO #2/DEBUG] (FabricLoader/Mixin) fabric-networking-api-v1.mixins.json:ServerLoginPacketListenerImplMixin from mod fabric-networking-api-v1->@Inject::storeGameProfileContext(Lcom/mojang/authlib/GameProfile;Lorg/spongepowered/asm/mixin/injection/callback/CallbackInfo;)V has 0 override(s) in child classes
[23:39:44] [Netty Local IO #2/DEBUG] (FabricLoader/Mixin) fabric-networking-api-v1.mixins.json:ServerLoginPacketListenerImplMixin from mod fabric-networking-api-v1->@Inject::storeGameProfileContext(Lcom/mojang/authlib/GameProfile;Lorg/spongepowered/asm/mixin/injection/callback/CallbackInfo;)V won't be passed a CallbackInfo as a result
[23:39:44] [Netty Local IO #1/DEBUG] (FabricLoader/Mixin) Mixing ServerboundCustomPayloadPacketMixin from fabric-networking-api-v1.mixins.json into net.minecraft.network.protocol.common.ServerboundCustomPayloadPacket
[23:39:44] [Netty Local IO #1/DEBUG] (FabricLoader/Mixin) Renaming synthetic method lambda$wrapCodec$0(Lnet/minecraft/network/FriendlyByteBuf;Lnet/minecraft/resources/Identifier;)Lnet/minecraft/network/protocol/common/custom/CustomPacketPayload$TypeAndCodec; to md7baf8b$fabric-networking-api-v1$lambda$wrapCodec$0$0 in fabric-networking-api-v1.mixins.json:ServerboundCustomPayloadPacketMixin from mod fabric-networking-api-v1
[23:39:44] [Netty Local IO #1/DEBUG] (FabricLoader/Mixin) Mixing ServerboundSelectKnownPacksMixin from fabric-resource-loader-v1.mixins.json into net.minecraft.network.protocol.configuration.ServerboundSelectKnownPacks
[23:39:44] [Netty Local IO #1/DEBUG] (FabricLoader/Mixin) Mixing RegistrySynchronizationMixin from fabric-registry-sync-v0.mixins.json into net.minecraft.core.RegistrySynchronization
[23:39:44] [Netty Local IO #1/DEBUG] (FabricLoader/Mixin) fabric-registry-sync-v0.mixins.json:RegistrySynchronizationMixin from mod fabric-registry-sync-v0->@Inject::filterNonSyncedEntries(Lnet/minecraft/core/RegistryAccess$RegistryEntry;Lorg/spongepowered/asm/mixin/injection/callback/CallbackInfoReturnable;)V does use it's CallbackInfoReturnable
[23:39:44] [Netty Local IO #1/DEBUG] (FabricLoader/Mixin) fabric-registry-sync-v0.mixins.json:RegistrySynchronizationMixin from mod fabric-registry-sync-v0->@Inject::filterNonSyncedEntriesAgain(Ljava/util/Set;Lnet/minecraft/resources/RegistryDataLoader$RegistryData;Lcom/mojang/serialization/DynamicOps;Ljava/util/function/BiConsumer;Lnet/minecraft/core/Registry;Lorg/spongepowered/asm/mixin/injection/callback/CallbackInfo;)V does use it's CallbackInfo
[23:39:44] [Netty Local IO #1/DEBUG] (FabricLoader/Mixin) Mixing RegistryDataCollectorMixin from fabric-registry-sync-v0.client.mixins.json into net.minecraft.client.multiplayer.RegistryDataCollector
[23:39:44] [Netty Local IO #1/DEBUG] (FabricLoader/Mixin) Renaming synthetic method lambda$skipEmptyRegistries$0(Ljava/util/Map;Lnet/minecraft/resources/RegistryDataLoader$RegistryData;)Z to md7baf8b$fabric-registry-sync-v0$lambda$skipEmptyRegistries$0$0 in fabric-registry-sync-v0.client.mixins.json:RegistryDataCollectorMixin from mod fabric-registry-sync-v0
[23:39:44] [Netty Local IO #1/DEBUG] (FabricLoader/Mixin) Mixing BundlePacketMixin from fabric-networking-api-v1.mixins.json into net.minecraft.network.protocol.BundlePacket
[23:39:44] [Netty Local IO #1/DEBUG] (ClientPlayNetworkAddon for Player742) Handling inbound packet from channel with name "minecraft:register"
[23:39:44] [Netty Local IO #2/DEBUG] (ServerConfigurationNetworkAddon for Player742) Handling inbound packet from channel with name "minecraft:register"
[23:39:44] [Netty Local IO #1/DEBUG] (ClientPlayNetworkAddon for Player742) Handling inbound packet from channel with name "minecraft:brand"
[23:39:44] [Netty Local IO #2/DEBUG] (FabricLoader/Mixin) Mixing SynchronizeRegistriesTaskMixin from fabric-resource-loader-v1.mixins.json into net.minecraft.server.network.config.SynchronizeRegistriesTask
[23:39:44] [Netty Local IO #2/DEBUG] (FabricLoader/Mixin) fabric-resource-loader-v1.mixins.json:SynchronizeRegistriesTaskMixin from mod fabric-resource-loader-v1->@Inject::onSelectKnownPacks(Ljava/util/List;Ljava/util/function/Consumer;Lorg/spongepowered/asm/mixin/injection/callback/CallbackInfo;)V does use it's CallbackInfo
[23:39:44] [Netty Local IO #2/DEBUG] (FabricLoader/Mixin) fabric-resource-loader-v1.mixins.json:SynchronizeRegistriesTaskMixin from mod fabric-resource-loader-v1->@Inject::syncRegistryAndTags(Ljava/util/function/Consumer;Ljava/util/Set;Lorg/spongepowered/asm/mixin/injection/callback/CallbackInfo;)V doesn't use it's CallbackInfo
[23:39:44] [Netty Local IO #2/DEBUG] (FabricLoader/Mixin) fabric-resource-loader-v1.mixins.json:SynchronizeRegistriesTaskMixin from mod fabric-resource-loader-v1->@Inject::syncRegistryAndTags(Ljava/util/function/Consumer;Ljava/util/Set;Lorg/spongepowered/asm/mixin/injection/callback/CallbackInfo;)V has 0 override(s) in child classes
[23:39:44] [Netty Local IO #2/DEBUG] (FabricLoader/Mixin) fabric-resource-loader-v1.mixins.json:SynchronizeRegistriesTaskMixin from mod fabric-resource-loader-v1->@Inject::syncRegistryAndTags(Ljava/util/function/Consumer;Ljava/util/Set;Lorg/spongepowered/asm/mixin/injection/callback/CallbackInfo;)V won't be passed a CallbackInfo as a result
[23:39:44] [Netty Local IO #2/DEBUG] (FabricLoader/Mixin) fabric-resource-loader-v1.mixins.json:SynchronizeRegistriesTaskMixin from mod fabric-resource-loader-v1->@Inject::sendPacket(Ljava/util/function/Consumer;Lorg/spongepowered/asm/mixin/injection/callback/CallbackInfo;)V does use it's CallbackInfo
[23:39:44] [Netty Local IO #1/DEBUG] (ClientPlayNetworkAddon for Player742) Handling inbound packet from channel with name "fabric:custom_ingredient_sync"
[23:39:44] [Netty Local IO #2/DEBUG] (ServerConfigurationNetworkAddon for Player742) Handling inbound packet from channel with name "fabric:custom_ingredient_sync"
[23:39:44] [Netty Local IO #1/DEBUG] (ClientPlayNetworkAddon for Player742) Handling inbound packet from channel with name "fabric:accepted_attachments_v1"
[23:39:44] [Netty Local IO #2/DEBUG] (ServerConfigurationNetworkAddon for Player742) Handling inbound packet from channel with name "fabric:accepted_attachments_v1"
[23:39:44] [Netty Local IO #1/DEBUG] (ClientPlayNetworkAddon for Player742) Handling inbound packet from channel with name "c:version"
[23:39:44] [Netty Local IO #1/DEBUG] (ClientPlayNetworkAddon for Player742) Negotiated common packet version 1
[23:39:44] [Netty Local IO #2/DEBUG] (ServerConfigurationNetworkAddon for Player742) Handling inbound packet from channel with name "c:version"
[23:39:44] [Netty Local IO #2/DEBUG] (ServerConfigurationNetworkAddon for Player742) Negotiated common packet version 1
[23:39:44] [Netty Local IO #1/DEBUG] (ClientPlayNetworkAddon for Player742) Handling inbound packet from channel with name "c:register"
[23:39:44] [Netty Local IO #1/DEBUG] (fabric-networking-api-v1) Received accepted channels from the server
[23:39:44] [Netty Local IO #2/DEBUG] (ServerConfigurationNetworkAddon for Player742) Handling inbound packet from channel with name "c:register"
[23:39:44] [Netty Local IO #2/DEBUG] (fabric-networking-api-v1) Received accepted channels from the client for play phase
[23:39:44] [Render thread/DEBUG] (ClientPlayNetworkAddon for Player742) Handling inbound packet from channel with name "minecraft:brand"
[23:39:44] [Render thread/DEBUG] (FabricLoader/Mixin) Mixing KnownPacksManagerMixin from fabric-resource-loader-v1.client.mixins.json into net.minecraft.client.multiplayer.KnownPacksManager
[23:39:44] [Render thread/DEBUG] (net.fabricmc.fabric.impl.resource.pack.ModPackResourcesUtil) [Fabric] Starting internal pack sorting with: []
[23:39:44] [Render thread/DEBUG] (net.fabricmc.fabric.impl.resource.pack.ModPackResourcesUtil) [Fabric] Removed all internal packs, result: []
[23:39:44] [Render thread/DEBUG] (net.fabricmc.fabric.impl.resource.pack.ModPackResourcesUtil) [Fabric] Final sorting result: []
[23:39:44] [Render thread/DEBUG] (net.fabricmc.fabric.impl.resource.pack.ModPackResourcesUtil) [Fabric] Starting internal pack sorting with: [vanilla, fabric-convention-tags-v2, fabric-gametest-api-v1]
[23:39:44] [Render thread/DEBUG] (net.fabricmc.fabric.impl.resource.pack.ModPackResourcesUtil) [Fabric] Removed all internal packs, result: [vanilla, fabric-convention-tags-v2, fabric-gametest-api-v1]
[23:39:44] [Render thread/DEBUG] (net.fabricmc.fabric.impl.resource.pack.ModPackResourcesUtil) [Fabric] Final sorting result: [vanilla, fabric-convention-tags-v2, fabric-gametest-api-v1]
[23:39:44] [Server thread/DEBUG] (SynchronizeRegistriesTaskMixin) Synchronizing registries with common known packs: [vanilla:fabric-convention-tags-v2:4.7.1+1f023a9e9e, vanilla:fabric-gametest-api-v1:4.0.22+4a7fa0819e, minecraft:core:26.2]
[23:39:44] [Render thread/DEBUG] (FabricLoader/Mixin) Mixing RegistryDataCollectorContentsCollectorAccessor from fabric-registry-sync-v0.client.mixins.json into net.minecraft.client.multiplayer.RegistryDataCollector$ContentsCollector
[23:39:45] [Server thread/INFO] (net.minecraft.server.level.progress.LoggingLevelLoadListener) Loading 47 chunks for player spawn...
[23:39:45] [Server thread/INFO] (net.minecraft.server.level.progress.LoggingLevelLoadListener) Preparing spawn area: 16%
[23:39:45] [Server thread/INFO] (net.minecraft.server.level.progress.LoggingLevelLoadListener) Preparing spawn area: 16%
[23:39:45] [Server thread/INFO] (net.minecraft.server.level.progress.LoggingLevelLoadListener) Preparing spawn area: 16%
[23:39:45] [Server thread/INFO] (net.minecraft.server.level.progress.LoggingLevelLoadListener) Preparing spawn area: 16%
[23:39:45] [Server thread/INFO] (net.minecraft.server.level.progress.LoggingLevelLoadListener) Preparing spawn area: 16%
[23:39:45] [Server thread/INFO] (net.minecraft.server.level.progress.LoggingLevelLoadListener) Preparing spawn area: 16%
[23:39:45] [Server thread/INFO] (net.minecraft.server.level.progress.LoggingLevelLoadListener) Preparing spawn area: 16%
[23:39:46] [Server thread/INFO] (net.minecraft.server.level.progress.LoggingLevelLoadListener) Preparing spawn area: 29%
[23:39:46] [Worker-Main-5/DEBUG] (FabricLoader/Mixin) Mixing fluid.SwimMixin from fabric-content-registries-v0.mixins.json into net.minecraft.world.entity.ai.behavior.Swim
[23:39:46] [Worker-Main-5/DEBUG] (FabricLoader/Mixin) Mixing WalkNodeEvaluatorMixin from fabric-content-registries-v0.mixins.json into net.minecraft.world.level.pathfinder.WalkNodeEvaluator
[23:39:46] [Worker-Main-5/DEBUG] (FabricLoader/Mixin) fabric-content-registries-v0.mixins.json:WalkNodeEvaluatorMixin from mod fabric-content-registries-v0->@Inject::getCommonNodeType(Lnet/minecraft/world/level/BlockGetter;Lnet/minecraft/core/BlockPos;Lorg/spongepowered/asm/mixin/injection/callback/CallbackInfoReturnable;)V does use it's CallbackInfoReturnable
[23:39:46] [Server thread/INFO] (net.minecraft.server.level.progress.LoggingLevelLoadListener) Preparing spawn area: 57%
[23:39:47] [Server thread/DEBUG] (FabricLoader/Mixin) Mixing accessor.EntityTrackerAccessor from fabric-networking-api-v1.mixins.json into net.minecraft.server.level.ChunkMap$TrackedEntity
[23:39:47] [Server thread/DEBUG] (FabricLoader/Mixin) Mixing ServerEntityMixin from fabric-networking-api-v1.mixins.json into net.minecraft.server.level.ServerEntity
[23:39:47] [Server thread/DEBUG] (FabricLoader/Mixin) fabric-networking-api-v1.mixins.json:ServerEntityMixin from mod fabric-networking-api-v1->@Inject::onStartTracking(Lnet/minecraft/server/level/ServerPlayer;Lorg/spongepowered/asm/mixin/injection/callback/CallbackInfo;)V doesn't use it's CallbackInfo
[23:39:47] [Server thread/DEBUG] (FabricLoader/Mixin) fabric-networking-api-v1.mixins.json:ServerEntityMixin from mod fabric-networking-api-v1->@Inject::onStartTracking(Lnet/minecraft/server/level/ServerPlayer;Lorg/spongepowered/asm/mixin/injection/callback/CallbackInfo;)V has 0 override(s) in child classes
[23:39:47] [Server thread/DEBUG] (FabricLoader/Mixin) fabric-networking-api-v1.mixins.json:ServerEntityMixin from mod fabric-networking-api-v1->@Inject::onStartTracking(Lnet/minecraft/server/level/ServerPlayer;Lorg/spongepowered/asm/mixin/injection/callback/CallbackInfo;)V won't be passed a CallbackInfo as a result
[23:39:47] [Server thread/DEBUG] (FabricLoader/Mixin) fabric-networking-api-v1.mixins.json:ServerEntityMixin from mod fabric-networking-api-v1->@Inject::onStopTracking(Lnet/minecraft/server/level/ServerPlayer;Lorg/spongepowered/asm/mixin/injection/callback/CallbackInfo;)V doesn't use it's CallbackInfo
[23:39:47] [Server thread/DEBUG] (FabricLoader/Mixin) fabric-networking-api-v1.mixins.json:ServerEntityMixin from mod fabric-networking-api-v1->@Inject::onStopTracking(Lnet/minecraft/server/level/ServerPlayer;Lorg/spongepowered/asm/mixin/injection/callback/CallbackInfo;)V has 0 override(s) in child classes
[23:39:47] [Server thread/DEBUG] (FabricLoader/Mixin) fabric-networking-api-v1.mixins.json:ServerEntityMixin from mod fabric-networking-api-v1->@Inject::onStopTracking(Lnet/minecraft/server/level/ServerPlayer;Lorg/spongepowered/asm/mixin/injection/callback/CallbackInfo;)V won't be passed a CallbackInfo as a result
[23:39:47] [Server thread/INFO] (net.minecraft.server.level.progress.LoggingLevelLoadListener) Time elapsed: 4853 ms
[23:39:47] [Render thread/DEBUG] (FabricLoader/Mixin) Mixing sync.ClientRecipeContainerMixin from fabric-recipe-api-v1.client.mixins.json into net.minecraft.client.multiplayer.ClientRecipeContainer
[23:39:47] [Render thread/DEBUG] (FabricLoader/Mixin) Mixing advancement.ClientAdvancementsAccessor from fabric-rendering-v1.mixins.json into net.minecraft.client.multiplayer.ClientAdvancements
[23:39:47] [Render thread/DEBUG] (FabricLoader/Mixin) Mixing ClientSuggestionProviderMixin from fabric-command-api-v2.client.mixins.json into net.minecraft.client.multiplayer.ClientSuggestionProvider
[23:39:47] [Render thread/DEBUG] (FabricLoader/Mixin) Mixing ClientDebugSubscriberMixin from fabric-debug-api-v1.client.mixins.json into net.minecraft.client.multiplayer.ClientDebugSubscriber
[23:39:47] [Render thread/DEBUG] (FabricLoader/Mixin) fabric-debug-api-v1.client.mixins.json:ClientDebugSubscriberMixin from mod fabric-debug-api-v1->@Inject::addSubscribers(Lorg/spongepowered/asm/mixin/injection/callback/CallbackInfoReturnable;)V doesn't use it's CallbackInfoReturnable
[23:39:47] [Render thread/DEBUG] (FabricLoader/Mixin) fabric-debug-api-v1.client.mixins.json:ClientDebugSubscriberMixin from mod fabric-debug-api-v1->@Inject::addSubscribers(Lorg/spongepowered/asm/mixin/injection/callback/CallbackInfoReturnable;)V has 0 override(s) in child classes
[23:39:47] [Render thread/DEBUG] (FabricLoader/Mixin) fabric-debug-api-v1.client.mixins.json:ClientDebugSubscriberMixin from mod fabric-debug-api-v1->@Inject::addSubscribers(Lorg/spongepowered/asm/mixin/injection/callback/CallbackInfoReturnable;)V won't be passed a CallbackInfoReturnable as a result
[23:39:47] [Server thread/DEBUG] (FabricLoader/Mixin) Mixing PlayerAdvancementsMixin from fabric-events-interaction-v0.mixins.json into net.minecraft.server.PlayerAdvancements
[23:39:47] [Server thread/DEBUG] (FabricLoader/Mixin) fabric-events-interaction-v0.mixins.json:PlayerAdvancementsMixin from mod fabric-events-interaction-v0->@Inject::preventOwnerOverride(Lnet/minecraft/server/level/ServerPlayer;Lorg/spongepowered/asm/mixin/injection/callback/CallbackInfo;)V does use it's CallbackInfo
[23:39:47] [Server thread/DEBUG] (FabricLoader/Mixin) fabric-events-interaction-v0.mixins.json:PlayerAdvancementsMixin from mod fabric-events-interaction-v0->@Inject::preventGrantCriterion(Lnet/minecraft/advancements/AdvancementHolder;Ljava/lang/String;Lorg/spongepowered/asm/mixin/injection/callback/CallbackInfoReturnable;)V does use it's CallbackInfoReturnable
[23:39:47] [Server thread/INFO] (net.minecraft.server.players.PlayerList) Player742[local:E:6814d73f] logged in with entity id 21 at (-3.5, 95.0, -8.5)
[23:39:47] [Server thread/DEBUG] (FabricLoader/Mixin) Mixing PlayerChunkSenderMixin from fabric-data-attachment-api-v1.mixins.json into net.minecraft.server.network.PlayerChunkSender
[23:39:47] [Server thread/INFO] (Chunk Preloader) Chunk Preloader configured for a 100-chunk CIRCLE (31417 chunks total)
[23:39:47] [Server thread/INFO] (Chunk Preloader) Starting chunk preload: 31417 chunks in minecraft:overworld around (-1, -1)
[23:39:47] [Server thread/INFO] (net.minecraft.server.MinecraftServer) Player742 joined the game
[23:39:47] [Netty Local IO #1/DEBUG] (ClientPlayNetworkAddon for Player742) Handling inbound packet from channel with name "chunkpreload:progress"
[23:39:47] [Render thread/DEBUG] (FabricLoader/Mixin) Mixing MultiPlayerGameModeMixin from fabric-events-interaction-v0.client.mixins.json into net.minecraft.client.multiplayer.MultiPlayerGameMode
[23:39:47] [Render thread/DEBUG] (FabricLoader/Mixin) Renaming synthetic method lambda$interactItem$0(Lnet/minecraft/world/InteractionHand;Lnet/minecraft/world/entity/player/Player;I)Lnet/minecraft/network/protocol/Packet; to md7baf8b$fabric-events-interaction-v0$lambda$interactItem$0$0 in fabric-events-interaction-v0.client.mixins.json:MultiPlayerGameModeMixin from mod fabric-events-interaction-v0
[23:39:47] [Render thread/DEBUG] (FabricLoader/Mixin) Renaming synthetic method lambda$interactBlock$0(Lnet/minecraft/world/InteractionHand;Lnet/minecraft/world/phys/BlockHitResult;I)Lnet/minecraft/network/protocol/Packet; to md7baf8b$fabric-events-interaction-v0$lambda$interactBlock$0$1 in fabric-events-interaction-v0.client.mixins.json:MultiPlayerGameModeMixin from mod fabric-events-interaction-v0
[23:39:47] [Render thread/DEBUG] (FabricLoader/Mixin) Renaming synthetic method lambda$fabric_fireAttackBlockCallback$0(Lnet/minecraft/core/BlockPos;Lnet/minecraft/core/Direction;I)Lnet/minecraft/network/protocol/Packet; to md7baf8b$fabric-events-interaction-v0$lambda$fabric_fireAttackBlockCallback$0$2 in fabric-events-interaction-v0.client.mixins.json:MultiPlayerGameModeMixin from mod fabric-events-interaction-v0
[23:39:47] [Render thread/DEBUG] (FabricLoader/Mixin) Mixing MultiPlayerGameModeMixin from fabric-item-api-v1.client.mixins.json into net.minecraft.client.multiplayer.MultiPlayerGameMode
[23:39:47] [Render thread/DEBUG] (FabricLoader/Mixin) fabric-events-interaction-v0.client.mixins.json:MultiPlayerGameModeMixin from mod fabric-events-interaction-v0->@Inject::attackBlock(Lnet/minecraft/core/BlockPos;Lnet/minecraft/core/Direction;Lorg/spongepowered/asm/mixin/injection/callback/CallbackInfoReturnable;)V does use it's CallbackInfoReturnable
[23:39:47] [Render thread/DEBUG] (FabricLoader/Mixin) fabric-events-interaction-v0.client.mixins.json:MultiPlayerGameModeMixin from mod fabric-events-interaction-v0->@Inject::method_2902(Lnet/minecraft/core/BlockPos;Lnet/minecraft/core/Direction;Lorg/spongepowered/asm/mixin/injection/callback/CallbackInfoReturnable;)V does use it's CallbackInfoReturnable
[23:39:47] [Render thread/DEBUG] (FabricLoader/Mixin) fabric-events-interaction-v0.client.mixins.json:MultiPlayerGameModeMixin from mod fabric-events-interaction-v0->@Inject::fabric$onBlockBroken(Lnet/minecraft/core/BlockPos;Lorg/spongepowered/asm/mixin/injection/callback/CallbackInfoReturnable;)V doesn't use it's CallbackInfoReturnable
[23:39:47] [Render thread/DEBUG] (FabricLoader/Mixin) fabric-events-interaction-v0.client.mixins.json:MultiPlayerGameModeMixin from mod fabric-events-interaction-v0->@Inject::fabric$onBlockBroken(Lnet/minecraft/core/BlockPos;Lorg/spongepowered/asm/mixin/injection/callback/CallbackInfoReturnable;)V has 0 override(s) in child classes
[23:39:47] [Render thread/DEBUG] (FabricLoader/Mixin) fabric-events-interaction-v0.client.mixins.json:MultiPlayerGameModeMixin from mod fabric-events-interaction-v0->@Inject::fabric$onBlockBroken(Lnet/minecraft/core/BlockPos;Lorg/spongepowered/asm/mixin/injection/callback/CallbackInfoReturnable;)V won't be passed a CallbackInfoReturnable as a result
[23:39:47] [Render thread/DEBUG] (FabricLoader/Mixin) fabric-events-interaction-v0.client.mixins.json:MultiPlayerGameModeMixin from mod fabric-events-interaction-v0->@Inject::interactBlock(Lnet/minecraft/client/player/LocalPlayer;Lnet/minecraft/world/InteractionHand;Lnet/minecraft/world/phys/BlockHitResult;Lorg/spongepowered/asm/mixin/injection/callback/CallbackInfoReturnable;)V does use it's CallbackInfoReturnable
[23:39:47] [Render thread/DEBUG] (FabricLoader/Mixin) fabric-events-interaction-v0.client.mixins.json:MultiPlayerGameModeMixin from mod fabric-events-interaction-v0->@Inject::interactItem(Lnet/minecraft/world/entity/player/Player;Lnet/minecraft/world/InteractionHand;Lorg/spongepowered/asm/mixin/injection/callback/CallbackInfoReturnable;)V does use it's CallbackInfoReturnable
[23:39:47] [Render thread/DEBUG] (FabricLoader/Mixin) fabric-events-interaction-v0.client.mixins.json:MultiPlayerGameModeMixin from mod fabric-events-interaction-v0->@Inject::attackEntity(Lnet/minecraft/world/entity/player/Player;Lnet/minecraft/world/entity/Entity;Lorg/spongepowered/asm/mixin/injection/callback/CallbackInfo;)V does use it's CallbackInfo
[23:39:47] [Render thread/DEBUG] (FabricLoader/Mixin) Mixing ClientChunkCacheMixin from fabric-lifecycle-events-v1.client.mixins.json into net.minecraft.client.multiplayer.ClientChunkCache
[23:39:47] [Render thread/DEBUG] (FabricLoader/Mixin) fabric-lifecycle-events-v1.client.mixins.json:ClientChunkCacheMixin from mod fabric-lifecycle-events-v1->@Inject::onChunkLoad(IILnet/minecraft/network/FriendlyByteBuf;Ljava/util/Map;Ljava/util/function/Consumer;Lorg/spongepowered/asm/mixin/injection/callback/CallbackInfoReturnable;)V does use it's CallbackInfoReturnable
[23:39:47] [Render thread/DEBUG] (FabricLoader/Mixin) fabric-lifecycle-events-v1.client.mixins.json:ClientChunkCacheMixin from mod fabric-lifecycle-events-v1->@Inject::onChunkUnload(IILnet/minecraft/network/FriendlyByteBuf;Ljava/util/Map;Ljava/util/function/Consumer;Lorg/spongepowered/asm/mixin/injection/callback/CallbackInfoReturnable;)V doesn't use it's CallbackInfoReturnable
[23:39:47] [Render thread/DEBUG] (FabricLoader/Mixin) fabric-lifecycle-events-v1.client.mixins.json:ClientChunkCacheMixin from mod fabric-lifecycle-events-v1->@Inject::onChunkUnload(IILnet/minecraft/network/FriendlyByteBuf;Ljava/util/Map;Ljava/util/function/Consumer;Lorg/spongepowered/asm/mixin/injection/callback/CallbackInfoReturnable;)V has 0 override(s) in child classes
[23:39:47] [Render thread/DEBUG] (FabricLoader/Mixin) fabric-lifecycle-events-v1.client.mixins.json:ClientChunkCacheMixin from mod fabric-lifecycle-events-v1->@Inject::onChunkUnload(IILnet/minecraft/network/FriendlyByteBuf;Ljava/util/Map;Ljava/util/function/Consumer;Lorg/spongepowered/asm/mixin/injection/callback/CallbackInfoReturnable;)V won't be passed a CallbackInfoReturnable as a result
[23:39:47] [Render thread/DEBUG] (FabricLoader/Mixin) fabric-lifecycle-events-v1.client.mixins.json:ClientChunkCacheMixin from mod fabric-lifecycle-events-v1->@Inject::onChunkUnload(Lnet/minecraft/world/level/ChunkPos;Lorg/spongepowered/asm/mixin/injection/callback/CallbackInfo;)V doesn't use it's CallbackInfo
[23:39:47] [Render thread/DEBUG] (FabricLoader/Mixin) fabric-lifecycle-events-v1.client.mixins.json:ClientChunkCacheMixin from mod fabric-lifecycle-events-v1->@Inject::onChunkUnload(Lnet/minecraft/world/level/ChunkPos;Lorg/spongepowered/asm/mixin/injection/callback/CallbackInfo;)V has 0 override(s) in child classes
[23:39:47] [Render thread/DEBUG] (FabricLoader/Mixin) fabric-lifecycle-events-v1.client.mixins.json:ClientChunkCacheMixin from mod fabric-lifecycle-events-v1->@Inject::onChunkUnload(Lnet/minecraft/world/level/ChunkPos;Lorg/spongepowered/asm/mixin/injection/callback/CallbackInfo;)V won't be passed a CallbackInfo as a result
[23:39:47] [Render thread/DEBUG] (FabricLoader/Mixin) fabric-lifecycle-events-v1.client.mixins.json:ClientChunkCacheMixin from mod fabric-lifecycle-events-v1->@Inject::onUpdateLoadDistance(ILorg/spongepowered/asm/mixin/injection/callback/CallbackInfo;)V doesn't use it's CallbackInfo
[23:39:47] [Render thread/DEBUG] (FabricLoader/Mixin) fabric-lifecycle-events-v1.client.mixins.json:ClientChunkCacheMixin from mod fabric-lifecycle-events-v1->@Inject::onUpdateLoadDistance(ILorg/spongepowered/asm/mixin/injection/callback/CallbackInfo;)V has 0 override(s) in child classes
[23:39:47] [Render thread/DEBUG] (FabricLoader/Mixin) fabric-lifecycle-events-v1.client.mixins.json:ClientChunkCacheMixin from mod fabric-lifecycle-events-v1->@Inject::onUpdateLoadDistance(ILorg/spongepowered/asm/mixin/injection/callback/CallbackInfo;)V won't be passed a CallbackInfo as a result
[23:39:47] [Render thread/DEBUG] (FabricLoader/Mixin) Mixing ClientLevelEntityCallbacksMixin from fabric-lifecycle-events-v1.client.mixins.json into net.minecraft.client.multiplayer.ClientLevel$EntityCallbacks
[23:39:47] [Render thread/DEBUG] (FabricLoader/Mixin) fabric-lifecycle-events-v1.client.mixins.json:ClientLevelEntityCallbacksMixin from mod fabric-lifecycle-events-v1->@Inject::invokeLoadEntity(Lnet/minecraft/world/entity/Entity;Lorg/spongepowered/asm/mixin/injection/callback/CallbackInfo;)V doesn't use it's CallbackInfo
[23:39:47] [Render thread/DEBUG] (FabricLoader/Mixin) fabric-lifecycle-events-v1.client.mixins.json:ClientLevelEntityCallbacksMixin from mod fabric-lifecycle-events-v1->@Inject::invokeUnloadEntity(Lnet/minecraft/world/entity/Entity;Lorg/spongepowered/asm/mixin/injection/callback/CallbackInfo;)V doesn't use it's CallbackInfo
[23:39:47] [Server thread/DEBUG] (FabricLoader/Mixin) Mixing EnchantmentHelperMixin from fabric-item-api-v1.mixins.json into net.minecraft.world.item.enchantment.EnchantmentHelper
[23:39:47] [Render thread/DEBUG] (FabricLoader/Mixin) Mixing HangingSignEditScreenMixin from fabric-object-builder-v1.client.mixins.json into net.minecraft.client.gui.screens.inventory.HangingSignEditScreen
[23:39:47] [Render thread/DEBUG] (FabricLoader/Mixin) Renaming synthetic method lambda$init$0(Ljava/lang/String;)Ljava/lang/String; to md7baf8b$fabric-object-builder-api-v1$lambda$init$0$0 in fabric-object-builder-v1.client.mixins.json:HangingSignEditScreenMixin from mod fabric-object-builder-api-v1
[23:39:47] [Render thread/DEBUG] (FabricLoader/Mixin) Mixing SignEditScreenMixin from fabric-object-builder-v1.client.mixins.json into net.minecraft.client.gui.screens.inventory.SignEditScreen
[23:39:47] [Render thread/DEBUG] (FabricLoader/Mixin) Renaming synthetic method lambda$init$0(Ljava/lang/String;)Ljava/lang/String; to md7baf8b$fabric-object-builder-api-v1$lambda$init$0$0 in fabric-object-builder-v1.client.mixins.json:SignEditScreenMixin from mod fabric-object-builder-api-v1
[23:39:47] [Server thread/INFO] (Chunk Preloader) Pregen Progress: 0/31417 chunks (minecraft:overworld) | Speed: 0.0 ch/s
[23:39:47] [Download-2/DEBUG] (com.mojang.authlib.minecraft.client.MinecraftClient) Connecting to https://api.minecraftservices.com/player/certificates
[23:39:47] [Netty Local IO #2/DEBUG] (ServerPlayNetworkAddon for literal{Player742}[style={clickEvent=SuggestCommand[command=/tell Player742 ],hoverEvent=ShowEntity[entity=net.minecraft.network.chat.HoverEvent$EntityTooltipInfo@de720572],insertion=Player742}]) Handling inbound packet from channel with name "minecraft:register"
[23:39:47] [Server thread/INFO] (net.minecraft.client.server.IntegratedServer) Changing view distance to 16, from 10
[23:39:47] [Server thread/INFO] (net.minecraft.client.server.IntegratedServer) Changing simulation distance to 12, from 0
[23:39:47] [Render thread/DEBUG] (ClientPlayNetworkAddon for Player742) Handling inbound packet from channel with name "chunkpreload:progress"
[23:39:47] [Render thread/INFO] (net.minecraft.advancements.AdvancementTree) Loaded 2 advancements
[23:39:47] [Render thread/DEBUG] (FabricLoader/Mixin) Mixing block.render.SectionCompilerMixin from fabric-renderer-api-v1.mixins.json into net.minecraft.client.renderer.chunk.SectionCompiler
[23:39:47] [Render thread/DEBUG] (FabricLoader/Mixin) Renaming synthetic method lambda$beforeLoopCompile$0(Ljava/util/Map;Lnet/minecraft/client/renderer/SectionBufferBuilderPack;Lnet/fabricmc/fabric/api/client/renderer/v1/mesh/MutableQuadView;)V to md7baf8b$fabric-renderer-api-v1$lambda$beforeLoopCompile$0$0 in fabric-renderer-api-v1.mixins.json:block.render.SectionCompilerMixin from mod fabric-renderer-api-v1
[23:39:47] [Render thread/DEBUG] (FabricLoader/Mixin) fabric-renderer-api-v1.mixins.json:block.render.SectionCompilerMixin from mod fabric-renderer-api-v1->@Inject::beforeLoopCompile(Lnet/minecraft/core/SectionPos;Lnet/minecraft/client/renderer/chunk/RenderSectionRegion;Lcom/mojang/blaze3d/vertex/VertexSorting;Lnet/minecraft/client/renderer/SectionBufferBuilderPack;Lorg/spongepowered/asm/mixin/injection/callback/CallbackInfoReturnable;)V doesn't use it's CallbackInfoReturnable
[23:39:47] [Render thread/DEBUG] (FabricLoader/Mixin) fabric-renderer-api-v1.mixins.json:block.render.SectionCompilerMixin from mod fabric-renderer-api-v1->@Inject::beforeLoopCompile(Lnet/minecraft/core/SectionPos;Lnet/minecraft/client/renderer/chunk/RenderSectionRegion;Lcom/mojang/blaze3d/vertex/VertexSorting;Lnet/minecraft/client/renderer/SectionBufferBuilderPack;Lorg/spongepowered/asm/mixin/injection/callback/CallbackInfoReturnable;)V has 0 override(s) in child classes
[23:39:47] [Render thread/DEBUG] (FabricLoader/Mixin) fabric-renderer-api-v1.mixins.json:block.render.SectionCompilerMixin from mod fabric-renderer-api-v1->@Inject::beforeLoopCompile(Lnet/minecraft/core/SectionPos;Lnet/minecraft/client/renderer/chunk/RenderSectionRegion;Lcom/mojang/blaze3d/vertex/VertexSorting;Lnet/minecraft/client/renderer/SectionBufferBuilderPack;Lorg/spongepowered/asm/mixin/injection/callback/CallbackInfoReturnable;)V won't be passed a CallbackInfoReturnable as a result
[23:39:47] [Render thread/DEBUG] (FabricLoader/Mixin) Mixing RenderRegionCacheMixin from fabric-block-getter-api-v2.client.mixins.json into net.minecraft.client.renderer.chunk.RenderRegionCache
[23:39:47] [Render thread/DEBUG] (FabricLoader/Mixin) fabric-block-getter-api-v2.client.mixins.json:RenderRegionCacheMixin from mod fabric-block-getter-api-v2->@Inject::copyDataForChunk(Lnet/minecraft/client/multiplayer/ClientLevel;JLorg/spongepowered/asm/mixin/injection/callback/CallbackInfoReturnable;)V doesn't use it's CallbackInfoReturnable
[23:39:47] [Render thread/DEBUG] (FabricLoader/Mixin) fabric-block-getter-api-v2.client.mixins.json:RenderRegionCacheMixin from mod fabric-block-getter-api-v2->@Inject::copyDataForChunk(Lnet/minecraft/client/multiplayer/ClientLevel;JLorg/spongepowered/asm/mixin/injection/callback/CallbackInfoReturnable;)V has 0 override(s) in child classes
[23:39:47] [Render thread/DEBUG] (FabricLoader/Mixin) fabric-block-getter-api-v2.client.mixins.json:RenderRegionCacheMixin from mod fabric-block-getter-api-v2->@Inject::copyDataForChunk(Lnet/minecraft/client/multiplayer/ClientLevel;JLorg/spongepowered/asm/mixin/injection/callback/CallbackInfoReturnable;)V won't be passed a CallbackInfoReturnable as a result
[23:39:47] [Render thread/DEBUG] (FabricLoader/Mixin) fabric-block-getter-api-v2.client.mixins.json:RenderRegionCacheMixin from mod fabric-block-getter-api-v2->@Inject::createDataMap(Lnet/minecraft/client/multiplayer/ClientLevel;JLorg/spongepowered/asm/mixin/injection/callback/CallbackInfoReturnable;)V does use it's CallbackInfoReturnable
[23:39:47] [Render thread/DEBUG] (FabricLoader/Mixin) Mixing renderstate.RenderStateMixin from fabric-rendering-v1.mixins.json into net.minecraft.client.renderer.state.level.BlockOutlineRenderState
[23:39:47] [Download-2/ERROR] (net.minecraft.client.multiplayer.AccountProfileKeyPairManager) Failed to retrieve profile key pair
MinecraftClientHttpException[type=HTTP_ERROR, status=401, response=ErrorResponse[path=/player/certificates, error=null, errorMessage=null, details=null]]
	at knot//com.mojang.authlib.minecraft.client.MinecraftClient.buildHttpException(MinecraftClient.java:170)
	at knot//com.mojang.authlib.minecraft.client.MinecraftClient.readServiceResponse(MinecraftClient.java:147)
	at knot//com.mojang.authlib.minecraft.client.MinecraftClient.post(MinecraftClient.java:89)
	at knot//com.mojang.authlib.yggdrasil.YggdrasilUserApiService.getKeyPair(YggdrasilUserApiService.java:62)
	at knot//net.minecraft.client.multiplayer.AccountProfileKeyPairManager.fetchProfileKeyPair(AccountProfileKeyPairManager.java:128)
	at knot//net.minecraft.client.multiplayer.AccountProfileKeyPairManager.lambda$readOrFetchProfileKeyPair$0(AccountProfileKeyPairManager.java:77)
	at java.base/java.util.concurrent.CompletableFuture$AsyncSupply.run(Unknown Source)
	at java.base/java.util.concurrent.ThreadPoolExecutor.runWorker(Unknown Source)
	at java.base/java.util.concurrent.ThreadPoolExecutor$Worker.run(Unknown Source)
	at java.base/java.lang.Thread.run(Unknown Source)
[23:39:47] [Render thread/DEBUG] (FabricLoader/Mixin) Mixing submit.SubmitNodeCollectionMixin from fabric-renderer-api-v1.mixins.json into net.minecraft.client.renderer.SubmitNodeCollection
[23:39:47] [Render thread/DEBUG] (FabricLoader/Mixin) Renaming synthetic method lambda$submitBreakingBlockModel$0(Lnet/minecraft/client/renderer/rendertype/RenderType;Lnet/minecraft/client/renderer/chunk/ChunkSectionLayer;)Lnet/minecraft/client/renderer/rendertype/RenderType; to md7baf8b$fabric-renderer-api-v1$lambda$submitBreakingBlockModel$0$0 in fabric-renderer-api-v1.mixins.json:submit.SubmitNodeCollectionMixin from mod fabric-renderer-api-v1
[23:39:47] [Render thread/DEBUG] (FabricLoader/Mixin) Renaming synthetic method lambda$submitBlockModel$1(Ljava/util/function/Function;Lnet/minecraft/client/renderer/chunk/ChunkSectionLayer;)Lnet/minecraft/client/renderer/rendertype/RenderType; to md7baf8b$fabric-renderer-api-v1$lambda$submitBlockModel$1$1 in fabric-renderer-api-v1.mixins.json:submit.SubmitNodeCollectionMixin from mod fabric-renderer-api-v1
[23:39:47] [Render thread/DEBUG] (FabricLoader/Mixin) Renaming synthetic method lambda$submitBlockModel$0(Ljava/util/function/Function;Lnet/minecraft/client/renderer/chunk/ChunkSectionLayer;)Lnet/minecraft/client/renderer/rendertype/RenderType; to md7baf8b$fabric-renderer-api-v1$lambda$submitBlockModel$0$2 in fabric-renderer-api-v1.mixins.json:submit.SubmitNodeCollectionMixin from mod fabric-renderer-api-v1
[23:39:47] [Render thread/DEBUG] (FabricLoader/Mixin) Mixing SubmitNodeCollectionMixin from fabric-rendering-v1.mixins.json into net.minecraft.client.renderer.SubmitNodeCollection
[23:39:47] [Render thread/DEBUG] (com.mojang.blaze3d.systems.RenderSystem) Growing IndexBuffer: Old limit 0, new limit 144.
[23:39:47] [Render thread/INFO] (net.minecraft.client.renderer.DynamicUniformStorage) Resizing Dynamic Transforms UBO, capacity limit of 2 reached during a single frame. New capacity will be 4.
[23:39:47] [Render thread/DEBUG] (FabricLoader/Mixin) Mixing RenderSectionRegionMixin from fabric-block-getter-api-v2.client.mixins.json into net.minecraft.client.renderer.chunk.RenderSectionRegion
[23:39:47] [Render thread/INFO] (net.minecraft.client.renderer.DynamicUniformStorage) Resizing Dynamic Transforms UBO, capacity limit of 4 reached during a single frame. New capacity will be 8.
[23:39:47] [Render thread/DEBUG] (com.mojang.blaze3d.systems.RenderSystem) Growing IndexBuffer: Old limit 14688, new limit 120408.
[23:39:47] [Worker-Main-2/DEBUG] (FabricLoader/Mixin) Mixing BlockModelLighterAccessor from fabric-renderer-indigo.mixins.json into net.minecraft.client.renderer.block.BlockModelLighter
[23:39:47] [Worker-Main-2/DEBUG] (FabricLoader/Mixin) Renaming @Accessor method fabric_getCACHE()Ljava/lang/ThreadLocal; to fabric_getCACHE$fabric-renderer-indigo_$md$7baf8b$0 in fabric-renderer-indigo.mixins.json:BlockModelLighterAccessor from mod fabric-renderer-indigo
[23:39:47] [Worker-Main-11/DEBUG] (FabricLoader/Mixin) Mixing ModelBlockRendererMixin from fabric-rendering-v1.mixins.json into net.minecraft.client.renderer.block.ModelBlockRenderer
[23:39:47] [Render thread/INFO] (net.minecraft.client.renderer.DynamicUniformStorage) Resizing Dynamic Transforms UBO, capacity limit of 8 reached during a single frame. New capacity will be 16.
[23:39:47] [Worker-Main-11/DEBUG] (FabricLoader/Mixin) fabric-rendering-v1.mixins.json:ModelBlockRendererMixin from mod fabric-rendering-v1->@Inject::injectFactoryTintCacheLoading(Lnet/minecraft/client/renderer/block/BlockAndTintGetter;Lnet/minecraft/world/level/block/state/BlockState;Lnet/minecraft/core/BlockPos;ILorg/spongepowered/asm/mixin/injection/callback/CallbackInfoReturnable;)V doesn't use it's CallbackInfoReturnable
[23:39:47] [Worker-Main-11/DEBUG] (FabricLoader/Mixin) fabric-rendering-v1.mixins.json:ModelBlockRendererMixin from mod fabric-rendering-v1->@Inject::injectFactoryTintCacheLoading(Lnet/minecraft/client/renderer/block/BlockAndTintGetter;Lnet/minecraft/world/level/block/state/BlockState;Lnet/minecraft/core/BlockPos;ILorg/spongepowered/asm/mixin/injection/callback/CallbackInfoReturnable;)V has 0 override(s) in child classes
[23:39:47] [Worker-Main-11/DEBUG] (FabricLoader/Mixin) fabric-rendering-v1.mixins.json:ModelBlockRendererMixin from mod fabric-rendering-v1->@Inject::injectFactoryTintCacheLoading(Lnet/minecraft/client/renderer/block/BlockAndTintGetter;Lnet/minecraft/world/level/block/state/BlockState;Lnet/minecraft/core/BlockPos;ILorg/spongepowered/asm/mixin/injection/callback/CallbackInfoReturnable;)V won't be passed a CallbackInfoReturnable as a result
[23:39:47] [Worker-Main-8/DEBUG] (FabricLoader/Mixin) Mixing FluidRendererMixin from fabric-rendering-fluids-v1.mixins.json into net.minecraft.client.renderer.block.FluidRenderer
[23:39:47] [Worker-Main-8/DEBUG] (FabricLoader/Mixin) fabric-rendering-fluids-v1.mixins.json:FluidRendererMixin from mod fabric-rendering-fluids-v1->@Inject::onHeadRender(Lnet/minecraft/client/renderer/block/BlockAndTintGetter;Lnet/minecraft/core/BlockPos;Lnet/minecraft/client/renderer/block/FluidRenderer$Output;Lnet/minecraft/world/level/block/state/BlockState;Lnet/minecraft/world/level/material/FluidState;Lorg/spongepowered/asm/mixin/injection/callback/CallbackInfo;)V does use it's CallbackInfo
[23:39:48] [Render thread/INFO] (net.minecraft.client.renderer.DynamicUniformStorage) Resizing Chunk Sections UBO, capacity limit of 2 reached during a single frame. New capacity will be 16.
[23:39:48] [Server thread/DEBUG] (FabricLoader/Mixin) Mixing PathfindingContextMixin from fabric-content-registries-v0.mixins.json into net.minecraft.world.level.pathfinder.PathfindingContext
[23:39:48] [Server thread/DEBUG] (FabricLoader/Mixin) fabric-content-registries-v0.mixins.json:PathfindingContextMixin from mod fabric-content-registries-v0->@Inject::onGetNodeType(IIILorg/spongepowered/asm/mixin/injection/callback/CallbackInfoReturnable;)V does use it's CallbackInfoReturnable
[23:39:49] [Render thread/INFO] (net.minecraft.client.renderer.DynamicUniformStorage) Resizing Chunk Sections UBO, capacity limit of 16 reached during a single frame. New capacity will be 32.
[23:39:49] [Render thread/INFO] (net.minecraft.client.renderer.DynamicUniformStorage) Resizing Chunk Sections UBO, capacity limit of 32 reached during a single frame. New capacity will be 64.
[23:39:49] [Render thread/DEBUG] (FabricLoader/Mixin) Mixing ParticleUtilsMixin from fabric-particles-v1.mixins.json into net.minecraft.util.ParticleUtils
[23:39:51] [Server thread/WARN] (net.minecraft.server.MinecraftServer) Can't keep up! Is the server overloaded? Running 4170ms or 83 ticks behind
[23:39:51] [Render thread/INFO] (net.minecraft.client.renderer.DynamicUniformStorage) Resizing Chunk Sections UBO, capacity limit of 64 reached during a single frame. New capacity will be 128.
[23:39:53] [Render thread/INFO] (net.minecraft.client.renderer.DynamicUniformStorage) Resizing Chunk Sections UBO, capacity limit of 128 reached during a single frame. New capacity will be 256.
[23:39:53] [Netty Local IO #1/DEBUG] (ClientPlayNetworkAddon for Player742) Handling inbound packet from channel with name "chunkpreload:progress"
[23:39:53] [Render thread/DEBUG] (ClientPlayNetworkAddon for Player742) Handling inbound packet from channel with name "chunkpreload:progress"
[23:39:56] [Render thread/INFO] (net.minecraft.client.renderer.DynamicUniformStorage) Resizing Chunk Sections UBO, capacity limit of 256 reached during a single frame. New capacity will be 512.
[23:39:58] [Worker-Main-1/DEBUG] (FabricLoader/Mixin) Mixing WorkAtComposterAccessor from fabric-content-registries-v0.mixins.json into net.minecraft.world.entity.ai.behavior.WorkAtComposter
[23:39:58] [Worker-Main-1/DEBUG] (FabricLoader/Mixin) Renaming @Accessor method fabric_setCompostables(Ljava/util/List;)V to fabric_setCompostables$fabric-content-registries-v0_$md$7baf8b$0 in fabric-content-registries-v0.mixins.json:WorkAtComposterAccessor from mod fabric-content-registries-v0
[23:39:58] [Worker-Main-1/DEBUG] (FabricLoader/Mixin) Renaming @Accessor method fabric_getCompostable()Ljava/util/List; to fabric_getCompostable$fabric-content-registries-v0_$md$7baf8b$1 in fabric-content-registries-v0.mixins.json:WorkAtComposterAccessor from mod fabric-content-registries-v0
[23:39:58] [Worker-Main-1/DEBUG] (FabricLoader/Mixin) Mixing GiveGiftToHeroAccessor from fabric-content-registries-v0.mixins.json into net.minecraft.world.entity.ai.behavior.GiveGiftToHero
[23:39:58] [Worker-Main-1/DEBUG] (FabricLoader/Mixin) Renaming @Accessor method fabric_getGifts()Ljava/util/Map; to fabric_getGifts$fabric-content-registries-v0_$md$7baf8b$0 in fabric-content-registries-v0.mixins.json:GiveGiftToHeroAccessor from mod fabric-content-registries-v0
[23:39:58] [Worker-Main-1/DEBUG] (FabricLoader/Mixin) Mixing GiveGiftToHeroMixin from fabric-content-registries-v0.mixins.json into net.minecraft.world.entity.ai.behavior.GiveGiftToHero
[23:39:58] [Worker-Main-1/DEBUG] (FabricLoader/Mixin) fabric-content-registries-v0.mixins.json:GiveGiftToHeroMixin from mod fabric-content-registries-v0->@Inject::makeMutable(Lorg/spongepowered/asm/mixin/injection/callback/CallbackInfo;)V doesn't use it's CallbackInfo
[23:39:59] [Server thread/INFO] (net.minecraft.client.server.IntegratedServer) Saving and pausing game...
[23:39:59] [Server thread/INFO] (net.minecraft.server.MinecraftServer) Saving chunks for level 'ServerLevel[New World]'/minecraft:overworld
[23:39:59] [Server thread/INFO] (net.minecraft.server.MinecraftServer) Saving chunks for level 'ServerLevel[New World]'/minecraft:the_nether
[23:39:59] [Server thread/INFO] (net.minecraft.server.MinecraftServer) Saving chunks for level 'ServerLevel[New World]'/minecraft:the_end
[23:40:05] [Render thread/INFO] (Chunk Preloader) Chunk Preloader configured for a 100-chunk CIRCLE (31417 chunks total)
[23:40:05] [Render thread/INFO] (net.minecraft.client.renderer.DynamicUniformStorage) Resizing Chunk Sections UBO, capacity limit of 512 reached during a single frame. New capacity will be 1024.
[23:40:07] [Netty Local IO #1/DEBUG] (ClientPlayNetworkAddon for Player742) Handling inbound packet from channel with name "chunkpreload:progress"
[23:40:07] [Render thread/DEBUG] (ClientPlayNetworkAddon for Player742) Handling inbound packet from channel with name "chunkpreload:progress"
[23:40:14] [Netty Local IO #1/DEBUG] (ClientPlayNetworkAddon for Player742) Handling inbound packet from channel with name "chunkpreload:progress"
[23:40:14] [Render thread/DEBUG] (ClientPlayNetworkAddon for Player742) Handling inbound packet from channel with name "chunkpreload:progress"
[23:40:17] [Server thread/INFO] (Chunk Preloader) Pregen Progress: 1425/31417 chunks (minecraft:overworld) | Speed: 95.3 ch/s
[23:40:18] [Netty Local IO #1/DEBUG] (ClientPlayNetworkAddon for Player742) Handling inbound packet from channel with name "chunkpreload:progress"
[23:40:18] [Render thread/DEBUG] (ClientPlayNetworkAddon for Player742) Handling inbound packet from channel with name "chunkpreload:progress"
[23:40:24] [Netty Local IO #1/DEBUG] (ClientPlayNetworkAddon for Player742) Handling inbound packet from channel with name "chunkpreload:progress"
[23:40:24] [Render thread/DEBUG] (ClientPlayNetworkAddon for Player742) Handling inbound packet from channel with name "chunkpreload:progress"
[23:40:29] [Netty Local IO #1/DEBUG] (ClientPlayNetworkAddon for Player742) Handling inbound packet from channel with name "chunkpreload:progress"
[23:40:29] [Render thread/DEBUG] (ClientPlayNetworkAddon for Player742) Handling inbound packet from channel with name "chunkpreload:progress"
[23:40:30] [Server thread/INFO] (net.minecraft.client.server.IntegratedServer) Saving and pausing game...
[23:40:30] [Server thread/INFO] (net.minecraft.server.MinecraftServer) Saving chunks for level 'ServerLevel[New World]'/minecraft:overworld
[23:40:31] [Server thread/INFO] (net.minecraft.server.MinecraftServer) Saving chunks for level 'ServerLevel[New World]'/minecraft:the_nether
[23:40:31] [Server thread/INFO] (net.minecraft.server.MinecraftServer) Saving chunks for level 'ServerLevel[New World]'/minecraft:the_end
[23:40:41] [Render thread/INFO] (Chunk Preloader) Chunk Preloader configured for a 100-chunk CIRCLE (31417 chunks total)
[23:40:44] [Worker-Main-11/DEBUG] (FabricLoader/Mixin) Mixing ChunkSectionBlockStateCounterMixin from fabric-block-api-v1.mixins.json into net.minecraft.world.level.chunk.LevelChunkSection$1BlockCounter
[23:40:46] [Server thread/INFO] (net.minecraft.client.server.IntegratedServer) Saving and pausing game...
[23:40:46] [Server thread/INFO] (net.minecraft.server.MinecraftServer) Saving chunks for level 'ServerLevel[New World]'/minecraft:overworld
[23:40:46] [Server thread/INFO] (net.minecraft.server.MinecraftServer) Saving chunks for level 'ServerLevel[New World]'/minecraft:the_nether
[23:40:46] [Server thread/INFO] (net.minecraft.server.MinecraftServer) Saving chunks for level 'ServerLevel[New World]'/minecraft:the_end
[23:40:55] [Render thread/INFO] (Chunk Preloader) Chunk Preloader configured for a 100-chunk CIRCLE (31417 chunks total)
[23:40:55] [Server thread/INFO] (Chunk Preloader) Pregen Progress: 2673/31417 chunks (minecraft:overworld) | Speed: 30.3 ch/s
[23:40:56] [Netty Local IO #1/DEBUG] (ClientPlayNetworkAddon for Player742) Handling inbound packet from channel with name "chunkpreload:progress"
[23:40:56] [Render thread/DEBUG] (ClientPlayNetworkAddon for Player742) Handling inbound packet from channel with name "chunkpreload:progress"
[23:40:56] [Server thread/INFO] (Chunk Preloader) Pregen Progress: 2721/31417 chunks (minecraft:overworld) | Speed: 33.9 ch/s
[23:40:57] [Render thread/INFO] (net.minecraft.client.renderer.DynamicUniformStorage) Resizing Chunk Sections UBO, capacity limit of 1024 reached during a single frame. New capacity will be 2048.
[23:40:58] [Server thread/INFO] (Chunk Preloader) Pregen Progress: 2769/31417 chunks (minecraft:overworld) | Speed: 31.8 ch/s
[23:40:59] [Server thread/INFO] (Chunk Preloader) Pregen Progress: 2817/31417 chunks (minecraft:overworld) | Speed: 27.2 ch/s
[23:41:01] [Server thread/INFO] (Chunk Preloader) Pregen Progress: 2865/31417 chunks (minecraft:overworld) | Speed: 30.0 ch/s
[23:41:03] [Server thread/INFO] (Chunk Preloader) Pregen Progress: 2913/31417 chunks (minecraft:overworld) | Speed: 32.3 ch/s
[23:41:04] [Netty Local IO #1/DEBUG] (ClientPlayNetworkAddon for Player742) Handling inbound packet from channel with name "chunkpreload:progress"
[23:41:04] [Render thread/DEBUG] (ClientPlayNetworkAddon for Player742) Handling inbound packet from channel with name "chunkpreload:progress"
[23:41:05] [Server thread/INFO] (Chunk Preloader) Pregen Progress: 2961/31417 chunks (minecraft:overworld) | Speed: 21.1 ch/s
[23:41:06] [Server thread/INFO] (Chunk Preloader) Pregen Progress: 3009/31417 chunks (minecraft:overworld) | Speed: 30.4 ch/s
[23:41:08] [Server thread/INFO] (Chunk Preloader) Pregen Progress: 3057/31417 chunks (minecraft:overworld) | Speed: 29.0 ch/s
[23:41:10] [Server thread/INFO] (Chunk Preloader) Pregen Progress: 3105/31417 chunks (minecraft:overworld) | Speed: 28.4 ch/s
[23:41:12] [Server thread/INFO] (Chunk Preloader) Pregen Progress: 3153/31417 chunks (minecraft:overworld) | Speed: 22.1 ch/s
[23:41:13] [Netty Local IO #1/DEBUG] (ClientPlayNetworkAddon for Player742) Handling inbound packet from channel with name "chunkpreload:progress"
[23:41:13] [Render thread/DEBUG] (ClientPlayNetworkAddon for Player742) Handling inbound packet from channel with name "chunkpreload:progress"
[23:41:14] [Server thread/INFO] (Chunk Preloader) Pregen Progress: 3201/31417 chunks (minecraft:overworld) | Speed: 25.2 ch/s
[23:41:15] [Server thread/INFO] (Chunk Preloader) Pregen Progress: 3249/31417 chunks (minecraft:overworld) | Speed: 29.8 ch/s
[23:41:17] [Server thread/INFO] (Chunk Preloader) Pregen Progress: 3297/31417 chunks (minecraft:overworld) | Speed: 24.9 ch/s
[23:41:19] [Server thread/INFO] (Chunk Preloader) Pregen Progress: 3345/31417 chunks (minecraft:overworld) | Speed: 23.0 ch/s
[23:41:21] [Server thread/INFO] (Chunk Preloader) Pregen Progress: 3393/31417 chunks (minecraft:overworld) | Speed: 26.5 ch/s
[23:41:22] [Netty Local IO #1/DEBUG] (ClientPlayNetworkAddon for Player742) Handling inbound packet from channel with name "chunkpreload:progress"
[23:41:22] [Render thread/DEBUG] (ClientPlayNetworkAddon for Player742) Handling inbound packet from channel with name "chunkpreload:progress"
[23:41:23] [Server thread/INFO] (Chunk Preloader) Pregen Progress: 3441/31417 chunks (minecraft:overworld) | Speed: 26.1 ch/s
[23:41:25] [Server thread/INFO] (Chunk Preloader) Pregen Progress: 3489/31417 chunks (minecraft:overworld) | Speed: 25.8 ch/s
[23:41:27] [Server thread/INFO] (Chunk Preloader) Pregen Progress: 3537/31417 chunks (minecraft:overworld) | Speed: 24.7 ch/s
[23:41:27] [Render thread/INFO] (net.minecraft.advancements.AdvancementTree) Loaded 3 advancements
[23:41:28] [Server thread/INFO] (Chunk Preloader) Pregen Progress: 3585/31417 chunks (minecraft:overworld) | Speed: 30.4 ch/s
[23:41:30] [Server thread/INFO] (Chunk Preloader) Pregen Progress: 3633/31417 chunks (minecraft:overworld) | Speed: 26.3 ch/s
[23:41:31] [Netty Local IO #1/DEBUG] (ClientPlayNetworkAddon for Player742) Handling inbound packet from channel with name "chunkpreload:progress"
[23:41:31] [Render thread/DEBUG] (ClientPlayNetworkAddon for Player742) Handling inbound packet from channel with name "chunkpreload:progress"
[23:41:32] [Server thread/INFO] (Chunk Preloader) Pregen Progress: 3681/31417 chunks (minecraft:overworld) | Speed: 25.9 ch/s
[23:41:34] [Server thread/INFO] (Chunk Preloader) Pregen Progress: 3729/31417 chunks (minecraft:overworld) | Speed: 21.3 ch/s
[23:41:36] [Server thread/INFO] (Chunk Preloader) Pregen Progress: 3777/31417 chunks (minecraft:overworld) | Speed: 26.1 ch/s
[23:41:38] [Server thread/INFO] (Chunk Preloader) Pregen Progress: 3825/31417 chunks (minecraft:overworld) | Speed: 27.4 ch/s
[23:41:40] [Server thread/INFO] (Chunk Preloader) Pregen Progress: 3873/31417 chunks (minecraft:overworld) | Speed: 26.8 ch/s
[23:41:41] [Netty Local IO #1/DEBUG] (ClientPlayNetworkAddon for Player742) Handling inbound packet from channel with name "chunkpreload:progress"
[23:41:41] [Render thread/DEBUG] (ClientPlayNetworkAddon for Player742) Handling inbound packet from channel with name "chunkpreload:progress"
[23:41:42] [Server thread/INFO] (Chunk Preloader) Pregen Progress: 3921/31417 chunks (minecraft:overworld) | Speed: 25.5 ch/s
[23:41:43] [Server thread/INFO] (Chunk Preloader) Pregen Progress: 3969/31417 chunks (minecraft:overworld) | Speed: 31.8 ch/s
[23:41:45] [Server thread/INFO] (Chunk Preloader) Pregen Progress: 4017/31417 chunks (minecraft:overworld) | Speed: 23.2 ch/s
[23:41:47] [Server thread/INFO] (Chunk Preloader) Pregen Progress: 4065/31417 chunks (minecraft:overworld) | Speed: 26.3 ch/s
[23:41:49] [Server thread/INFO] (Chunk Preloader) Pregen Progress: 4113/31417 chunks (minecraft:overworld) | Speed: 22.3 ch/s
[23:41:50] [Netty Local IO #1/DEBUG] (ClientPlayNetworkAddon for Player742) Handling inbound packet from channel with name "chunkpreload:progress"
[23:41:50] [Render thread/DEBUG] (ClientPlayNetworkAddon for Player742) Handling inbound packet from channel with name "chunkpreload:progress"
[23:41:51] [Server thread/INFO] (Chunk Preloader) Pregen Progress: 4161/31417 chunks (minecraft:overworld) | Speed: 25.5 ch/s
[23:41:53] [Server thread/INFO] (Chunk Preloader) Pregen Progress: 4209/31417 chunks (minecraft:overworld) | Speed: 24.9 ch/s
[23:41:55] [Server thread/INFO] (Chunk Preloader) Pregen Progress: 4257/31417 chunks (minecraft:overworld) | Speed: 28.0 ch/s
[23:41:57] [Server thread/INFO] (Chunk Preloader) Pregen Progress: 4305/31417 chunks (minecraft:overworld) | Speed: 25.6 ch/s
[23:41:58] [Server thread/INFO] (Chunk Preloader) Pregen Progress: 4353/31417 chunks (minecraft:overworld) | Speed: 28.6 ch/s
[23:42:00] [Netty Local IO #1/DEBUG] (ClientPlayNetworkAddon for Player742) Handling inbound packet from channel with name "chunkpreload:progress"
[23:42:00] [Render thread/DEBUG] (ClientPlayNetworkAddon for Player742) Handling inbound packet from channel with name "chunkpreload:progress"
[23:42:00] [Server thread/INFO] (Chunk Preloader) Pregen Progress: 4401/31417 chunks (minecraft:overworld) | Speed: 23.4 ch/s
[23:42:02] [Server thread/INFO] (Chunk Preloader) Pregen Progress: 4449/31417 chunks (minecraft:overworld) | Speed: 24.2 ch/s
[23:42:04] [Server thread/INFO] (Chunk Preloader) Pregen Progress: 4497/31417 chunks (minecraft:overworld) | Speed: 22.5 ch/s
[23:42:07] [Server thread/INFO] (Chunk Preloader) Pregen Progress: 4545/31417 chunks (minecraft:overworld) | Speed: 22.8 ch/s
[23:42:08] [Server thread/INFO] (Chunk Preloader) Pregen Progress: 4593/31417 chunks (minecraft:overworld) | Speed: 26.2 ch/s
[23:42:09] [Netty Local IO #1/DEBUG] (ClientPlayNetworkAddon for Player742) Handling inbound packet from channel with name "chunkpreload:progress"
[23:42:09] [Render thread/DEBUG] (ClientPlayNetworkAddon for Player742) Handling inbound packet from channel with name "chunkpreload:progress"
[23:42:10] [Server thread/INFO] (Chunk Preloader) Pregen Progress: 4641/31417 chunks (minecraft:overworld) | Speed: 28.7 ch/s
[23:42:12] [Server thread/INFO] (Chunk Preloader) Pregen Progress: 4689/31417 chunks (minecraft:overworld) | Speed: 24.8 ch/s
[23:42:14] [Server thread/INFO] (Chunk Preloader) Pregen Progress: 4737/31417 chunks (minecraft:overworld) | Speed: 24.2 ch/s
[23:42:16] [Server thread/INFO] (Chunk Preloader) Pregen Progress: 4785/31417 chunks (minecraft:overworld) | Speed: 28.6 ch/s
[23:42:18] [Server thread/INFO] (Chunk Preloader) Pregen Progress: 4833/31417 chunks (minecraft:overworld) | Speed: 24.8 ch/s
[23:42:19] [Netty Local IO #1/DEBUG] (ClientPlayNetworkAddon for Player742) Handling inbound packet from channel with name "chunkpreload:progress"
[23:42:19] [Render thread/DEBUG] (ClientPlayNetworkAddon for Player742) Handling inbound packet from channel with name "chunkpreload:progress"
[23:42:20] [Server thread/INFO] (Chunk Preloader) Pregen Progress: 4881/31417 chunks (minecraft:overworld) | Speed: 22.4 ch/s
[23:42:22] [Server thread/INFO] (Chunk Preloader) Pregen Progress: 4929/31417 chunks (minecraft:overworld) | Speed: 25.4 ch/s
[23:42:22] [Render thread/DEBUG] (FabricLoader/Mixin) Mixing CreativeModeInventoryScreenMixin from fabric-creative-tab-api-v1.client.mixins.json into net.minecraft.client.gui.screens.inventory.CreativeModeInventoryScreen
[23:42:22] [Render thread/DEBUG] (FabricLoader/Mixin) Renaming synthetic method lambda$getTabsOnPage$1(Lnet/minecraft/world/item/CreativeModeTab;Lnet/minecraft/world/item/CreativeModeTab;)I to md7baf8b$fabric-creative-tab-api-v1$lambda$getTabsOnPage$1$0 in fabric-creative-tab-api-v1.client.mixins.json:CreativeModeInventoryScreenMixin from mod fabric-creative-tab-api-v1
[23:42:22] [Render thread/DEBUG] (FabricLoader/Mixin) Renaming synthetic method lambda$getTabsOnPage$0(ILnet/minecraft/world/item/CreativeModeTab;)Z to md7baf8b$fabric-creative-tab-api-v1$lambda$getTabsOnPage$0$1 in fabric-creative-tab-api-v1.client.mixins.json:CreativeModeInventoryScreenMixin from mod fabric-creative-tab-api-v1
[23:42:22] [Render thread/DEBUG] (FabricLoader/Mixin) Renaming synthetic method lambda$hasGroupForPage$0(ILnet/minecraft/world/item/CreativeModeTab;)Z to md7baf8b$fabric-creative-tab-api-v1$lambda$hasGroupForPage$0$2 in fabric-creative-tab-api-v1.client.mixins.json:CreativeModeInventoryScreenMixin from mod fabric-creative-tab-api-v1
[23:42:22] [Render thread/DEBUG] (FabricLoader/Mixin) Renaming synthetic method lambda$updateSelection$0(Lnet/minecraft/world/item/CreativeModeTab;Lnet/minecraft/world/item/CreativeModeTab;)I to md7baf8b$fabric-creative-tab-api-v1$lambda$updateSelection$0$3 in fabric-creative-tab-api-v1.client.mixins.json:CreativeModeInventoryScreenMixin from mod fabric-creative-tab-api-v1
[23:42:22] [Render thread/DEBUG] (FabricLoader/Mixin) fabric-creative-tab-api-v1.client.mixins.json:CreativeModeInventoryScreenMixin from mod fabric-creative-tab-api-v1->@Inject::init(Lorg/spongepowered/asm/mixin/injection/callback/CallbackInfo;)V doesn't use it's CallbackInfo
[23:42:22] [Render thread/DEBUG] (FabricLoader/Mixin) fabric-creative-tab-api-v1.client.mixins.json:CreativeModeInventoryScreenMixin from mod fabric-creative-tab-api-v1->@Inject::init(Lorg/spongepowered/asm/mixin/injection/callback/CallbackInfo;)V has 0 override(s) in child classes
[23:42:22] [Render thread/DEBUG] (FabricLoader/Mixin) fabric-creative-tab-api-v1.client.mixins.json:CreativeModeInventoryScreenMixin from mod fabric-creative-tab-api-v1->@Inject::init(Lorg/spongepowered/asm/mixin/injection/callback/CallbackInfo;)V won't be passed a CallbackInfo as a result
[23:42:22] [Render thread/DEBUG] (FabricLoader/Mixin) fabric-creative-tab-api-v1.client.mixins.json:CreativeModeInventoryScreenMixin from mod fabric-creative-tab-api-v1->@Inject::setSelectedTab(Lnet/minecraft/world/item/CreativeModeTab;Lorg/spongepowered/asm/mixin/injection/callback/CallbackInfo;)V does use it's CallbackInfo
[23:42:22] [Render thread/DEBUG] (FabricLoader/Mixin) fabric-creative-tab-api-v1.client.mixins.json:CreativeModeInventoryScreenMixin from mod fabric-creative-tab-api-v1->@Inject::renderTabTooltipIfHovered(Lnet/minecraft/client/gui/GuiGraphicsExtractor;Lnet/minecraft/world/item/CreativeModeTab;IILorg/spongepowered/asm/mixin/injection/callback/CallbackInfoReturnable;)V does use it's CallbackInfoReturnable
[23:42:22] [Render thread/DEBUG] (FabricLoader/Mixin) fabric-creative-tab-api-v1.client.mixins.json:CreativeModeInventoryScreenMixin from mod fabric-creative-tab-api-v1->@Inject::isClickInTab(Lnet/minecraft/world/item/CreativeModeTab;DDLorg/spongepowered/asm/mixin/injection/callback/CallbackInfoReturnable;)V does use it's CallbackInfoReturnable
[23:42:22] [Render thread/DEBUG] (FabricLoader/Mixin) fabric-creative-tab-api-v1.client.mixins.json:CreativeModeInventoryScreenMixin from mod fabric-creative-tab-api-v1->@Inject::extractTabButton(Lnet/minecraft/client/gui/GuiGraphicsExtractor;IILnet/minecraft/world/item/CreativeModeTab;Lorg/spongepowered/asm/mixin/injection/callback/CallbackInfo;)V does use it's CallbackInfo
[23:42:22] [Render thread/DEBUG] (FabricLoader/Mixin) fabric-creative-tab-api-v1.client.mixins.json:CreativeModeInventoryScreenMixin from mod fabric-creative-tab-api-v1->@Inject::keyPressed(Lnet/minecraft/client/input/KeyEvent;Lorg/spongepowered/asm/mixin/injection/callback/CallbackInfoReturnable;)V does use it's CallbackInfoReturnable
[23:42:22] [Render thread/DEBUG] (FabricLoader/Mixin) Generating mapped inner class net/minecraft/world/item/CreativeModeTabs$1CreativeModeTabPosition$0e98f82501ab3a9692342fe737dd0eec (originally net/fabricmc/fabric/mixin/creativetab/CreativeModeTabsMixin$1CreativeModeTabPosition)
[23:42:24] [Server thread/INFO] (Chunk Preloader) Pregen Progress: 4977/31417 chunks (minecraft:overworld) | Speed: 22.5 ch/s
[23:42:26] [Server thread/INFO] (Chunk Preloader) Pregen Progress: 5025/31417 chunks (minecraft:overworld) | Speed: 24.3 ch/s
[23:42:28] [Server thread/INFO] (Chunk Preloader) Pregen Progress: 5073/31417 chunks (minecraft:overworld) | Speed: 25.5 ch/s
[23:42:29] [Netty Local IO #1/DEBUG] (ClientPlayNetworkAddon for Player742) Handling inbound packet from channel with name "chunkpreload:progress"
[23:42:29] [Render thread/DEBUG] (ClientPlayNetworkAddon for Player742) Handling inbound packet from channel with name "chunkpreload:progress"
[23:42:30] [Render thread/DEBUG] (com.mojang.blaze3d.platform.MonitorManager) Selecting monitor - primary: 3009039900496, current monitors: {3009039897424=Generic PnP Monitor[0x000002BC98C11350](1920x1200@60 (24bit) at (-1920,0)), 3009039900496=Generic PnP Monitor[0x000002BC98C11F50](2560x1440@75 (24bit) at (0,0))}
[23:42:30] [Render thread/DEBUG] (com.mojang.blaze3d.platform.MonitorManager) Selected monitor: Generic PnP Monitor[0x000002BC98C11F50](2560x1440@75 (24bit) at (0,0))
[23:42:30] [Server thread/INFO] (Chunk Preloader) Pregen Progress: 5121/31417 chunks (minecraft:overworld) | Speed: 22.5 ch/s
[23:42:30] [Render thread/INFO] (net.minecraft.advancements.AdvancementTree) Loaded 7 advancements
[23:42:32] [Server thread/INFO] (Chunk Preloader) Pregen Progress: 5169/31417 chunks (minecraft:overworld) | Speed: 27.2 ch/s
[23:42:34] [Server thread/INFO] (net.minecraft.client.server.IntegratedServer) Saving and pausing game...
[23:42:34] [Server thread/INFO] (net.minecraft.server.MinecraftServer) Saving chunks for level 'ServerLevel[New World]'/minecraft:overworld
[23:42:34] [Server thread/INFO] (net.minecraft.server.MinecraftServer) Saving chunks for level 'ServerLevel[New World]'/minecraft:the_nether
[23:42:34] [Server thread/INFO] (net.minecraft.server.MinecraftServer) Saving chunks for level 'ServerLevel[New World]'/minecraft:the_end
[23:42:35] [Server thread/INFO] (Chunk Preloader) Pregen Progress: 5233/31417 chunks (minecraft:overworld) | Speed: 17.5 ch/s
[23:42:38] [Server thread/INFO] (Chunk Preloader) Pregen Progress: 5281/31417 chunks (minecraft:overworld) | Speed: 20.2 ch/s
[23:42:39] [Server thread/INFO] (Chunk Preloader) Pregen Progress: 5329/31417 chunks (minecraft:overworld) | Speed: 28.7 ch/s
[23:42:41] [Netty Local IO #1/DEBUG] (ClientPlayNetworkAddon for Player742) Handling inbound packet from channel with name "chunkpreload:progress"
[23:42:41] [Render thread/DEBUG] (ClientPlayNetworkAddon for Player742) Handling inbound packet from channel with name "chunkpreload:progress"
[23:42:42] [Server thread/INFO] (Chunk Preloader) Pregen Progress: 5377/31417 chunks (minecraft:overworld) | Speed: 18.5 ch/s
[23:42:44] [Server thread/INFO] (Chunk Preloader) Pregen Progress: 5425/31417 chunks (minecraft:overworld) | Speed: 18.7 ch/s
[23:42:46] [Server thread/INFO] (Chunk Preloader) Pregen Progress: 5473/31417 chunks (minecraft:overworld) | Speed: 26.4 ch/s
[23:42:49] [Server thread/INFO] (Chunk Preloader) Pregen Progress: 5521/31417 chunks (minecraft:overworld) | Speed: 17.6 ch/s
[23:42:51] [Server thread/INFO] (Chunk Preloader) Pregen Progress: 5569/31417 chunks (minecraft:overworld) | Speed: 22.0 ch/s
[23:42:52] [Netty Local IO #1/DEBUG] (ClientPlayNetworkAddon for Player742) Handling inbound packet from channel with name "chunkpreload:progress"
[23:42:53] [Render thread/DEBUG] (ClientPlayNetworkAddon for Player742) Handling inbound packet from channel with name "chunkpreload:progress"
[23:42:53] [Server thread/INFO] (Chunk Preloader) Pregen Progress: 5617/31417 chunks (minecraft:overworld) | Speed: 23.0 ch/s
[23:42:55] [Server thread/INFO] (Chunk Preloader) Pregen Progress: 5665/31417 chunks (minecraft:overworld) | Speed: 21.5 ch/s
[23:42:58] [Server thread/INFO] (Chunk Preloader) Pregen Progress: 5713/31417 chunks (minecraft:overworld) | Speed: 22.2 ch/s
[23:42:59] [Server thread/INFO] (Chunk Preloader) Pregen Progress: 5761/31417 chunks (minecraft:overworld) | Speed: 27.7 ch/s
[23:43:02] [Server thread/INFO] (Chunk Preloader) Pregen Progress: 5809/31417 chunks (minecraft:overworld) | Speed: 20.6 ch/s
[23:43:03] [Netty Local IO #1/DEBUG] (ClientPlayNetworkAddon for Player742) Handling inbound packet from channel with name "chunkpreload:progress"
[23:43:03] [Render thread/DEBUG] (ClientPlayNetworkAddon for Player742) Handling inbound packet from channel with name "chunkpreload:progress"
[23:43:04] [Server thread/INFO] (net.minecraft.client.server.IntegratedServer) Saving and pausing game...
[23:43:04] [Server thread/INFO] (net.minecraft.server.MinecraftServer) Saving chunks for level 'ServerLevel[New World]'/minecraft:overworld
[23:43:04] [Server thread/INFO] (net.minecraft.server.MinecraftServer) Saving chunks for level 'ServerLevel[New World]'/minecraft:the_nether
[23:43:04] [Server thread/INFO] (net.minecraft.server.MinecraftServer) Saving chunks for level 'ServerLevel[New World]'/minecraft:the_end
[23:43:07] [Render thread/INFO] (Chunk Preloader) Chunk Preloader configured for a 100-chunk CIRCLE (31417 chunks total)
[23:43:08] [Server thread/INFO] (Chunk Preloader) Pregen Progress: 5937/31417 chunks (minecraft:overworld) | Speed: 20.7 ch/s
[23:43:10] [Server thread/INFO] (Chunk Preloader) Pregen Progress: 5985/31417 chunks (minecraft:overworld) | Speed: 20.7 ch/s
[23:43:12] [Server thread/INFO] (Chunk Preloader) Pregen Progress: 6033/31417 chunks (minecraft:overworld) | Speed: 21.6 ch/s
[23:43:14] [Server thread/INFO] (Chunk Preloader) Pregen Progress: 6081/31417 chunks (minecraft:overworld) | Speed: 26.8 ch/s
[23:43:17] [Server thread/INFO] (Chunk Preloader) Pregen Progress: 6129/31417 chunks (minecraft:overworld) | Speed: 19.6 ch/s
[23:43:18] [Netty Local IO #1/DEBUG] (ClientPlayNetworkAddon for Player742) Handling inbound packet from channel with name "chunkpreload:progress"
[23:43:18] [Render thread/DEBUG] (ClientPlayNetworkAddon for Player742) Handling inbound packet from channel with name "chunkpreload:progress"
[23:43:19] [Server thread/INFO] (Chunk Preloader) Pregen Progress: 6177/31417 chunks (minecraft:overworld) | Speed: 18.4 ch/s
[23:43:21] [Server thread/INFO] (Chunk Preloader) Pregen Progress: 6225/31417 chunks (minecraft:overworld) | Speed: 23.4 ch/s
[23:43:23] [Server thread/INFO] (Chunk Preloader) Pregen Progress: 6273/31417 chunks (minecraft:overworld) | Speed: 24.7 ch/s
[23:43:26] [Server thread/INFO] (Chunk Preloader) Pregen Progress: 6321/31417 chunks (minecraft:overworld) | Speed: 19.8 ch/s
[23:43:28] [Server thread/INFO] (Chunk Preloader) Pregen Progress: 6369/31417 chunks (minecraft:overworld) | Speed: 25.7 ch/s
[23:43:29] [Netty Local IO #1/DEBUG] (ClientPlayNetworkAddon for Player742) Handling inbound packet from channel with name "chunkpreload:progress"
[23:43:29] [Render thread/DEBUG] (ClientPlayNetworkAddon for Player742) Handling inbound packet from channel with name "chunkpreload:progress"
[23:43:30] [Server thread/INFO] (Chunk Preloader) Pregen Progress: 6417/31417 chunks (minecraft:overworld) | Speed: 22.9 ch/s
[23:43:32] [Server thread/INFO] (Chunk Preloader) Pregen Progress: 6465/31417 chunks (minecraft:overworld) | Speed: 21.3 ch/s
[23:43:34] [Server thread/INFO] (Chunk Preloader) Pregen Progress: 6513/31417 chunks (minecraft:overworld) | Speed: 18.5 ch/s
[23:43:36] [Server thread/INFO] (Chunk Preloader) Pregen Progress: 6561/31417 chunks (minecraft:overworld) | Speed: 25.3 ch/s
[23:43:39] [Server thread/INFO] (Chunk Preloader) Pregen Progress: 6609/31417 chunks (minecraft:overworld) | Speed: 20.0 ch/s
[23:43:40] [Netty Local IO #1/DEBUG] (ClientPlayNetworkAddon for Player742) Handling inbound packet from channel with name "chunkpreload:progress"
[23:43:40] [Render thread/DEBUG] (ClientPlayNetworkAddon for Player742) Handling inbound packet from channel with name "chunkpreload:progress"
[23:43:41] [Server thread/INFO] (Chunk Preloader) Pregen Progress: 6657/31417 chunks (minecraft:overworld) | Speed: 21.8 ch/s
[23:43:43] [Server thread/INFO] (Chunk Preloader) Pregen Progress: 6705/31417 chunks (minecraft:overworld) | Speed: 25.8 ch/s
[23:43:45] [Server thread/INFO] (Chunk Preloader) Pregen Progress: 6753/31417 chunks (minecraft:overworld) | Speed: 21.2 ch/s
[23:43:48] [Server thread/INFO] (Chunk Preloader) Pregen Progress: 6801/31417 chunks (minecraft:overworld) | Speed: 19.5 ch/s
[23:43:50] [Server thread/INFO] (Chunk Preloader) Pregen Progress: 6849/31417 chunks (minecraft:overworld) | Speed: 18.8 ch/s
[23:43:51] [Netty Local IO #1/DEBUG] (ClientPlayNetworkAddon for Player742) Handling inbound packet from channel with name "chunkpreload:progress"
[23:43:51] [Render thread/DEBUG] (ClientPlayNetworkAddon for Player742) Handling inbound packet from channel with name "chunkpreload:progress"
[23:43:52] [Server thread/INFO] (Chunk Preloader) Pregen Progress: 6897/31417 chunks (minecraft:overworld) | Speed: 25.3 ch/s
[23:43:54] [Server thread/INFO] (Chunk Preloader) Pregen Progress: 6945/31417 chunks (minecraft:overworld) | Speed: 22.3 ch/s
[23:43:56] [Server thread/INFO] (Chunk Preloader) Pregen Progress: 6993/31417 chunks (minecraft:overworld) | Speed: 21.2 ch/s
[23:43:58] [Server thread/INFO] (Chunk Preloader) Pregen Progress: 7041/31417 chunks (minecraft:overworld) | Speed: 25.2 ch/s
[23:44:01] [Server thread/INFO] (Chunk Preloader) Pregen Progress: 7089/31417 chunks (minecraft:overworld) | Speed: 20.9 ch/s
[23:44:01] [Netty Local IO #1/DEBUG] (ClientPlayNetworkAddon for Player742) Handling inbound packet from channel with name "chunkpreload:progress"
[23:44:01] [Render thread/DEBUG] (ClientPlayNetworkAddon for Player742) Handling inbound packet from channel with name "chunkpreload:progress"
[23:44:02] [Server thread/INFO] (Chunk Preloader) Pregen Progress: 7121/31417 chunks (minecraft:overworld) | Speed: 20.5 ch/s
[23:44:03] [Server thread/INFO] (Chunk Preloader) Pregen Progress: 7137/31417 chunks (minecraft:overworld) | Speed: 15.8 ch/s
[23:44:05] [Server thread/INFO] (Chunk Preloader) Pregen Progress: 7169/31417 chunks (minecraft:overworld) | Speed: 19.9 ch/s
[23:44:05] [Netty Local IO #1/DEBUG] (ClientPlayNetworkAddon for Player742) Handling inbound packet from channel with name "chunkpreload:progress"
[23:44:05] [Render thread/DEBUG] (ClientPlayNetworkAddon for Player742) Handling inbound packet from channel with name "chunkpreload:progress"
[23:44:06] [Server thread/INFO] (Chunk Preloader) Pregen Progress: 7201/31417 chunks (minecraft:overworld) | Speed: 22.4 ch/s
[23:44:08] [Server thread/INFO] (Chunk Preloader) Pregen Progress: 7233/31417 chunks (minecraft:overworld) | Speed: 23.5 ch/s
[23:44:08] [Netty Local IO #1/DEBUG] (ClientPlayNetworkAddon for Player742) Handling inbound packet from channel with name "chunkpreload:progress"
[23:44:08] [Render thread/DEBUG] (ClientPlayNetworkAddon for Player742) Handling inbound packet from channel with name "chunkpreload:progress"
[23:44:09] [Server thread/INFO] (Chunk Preloader) Pregen Progress: 7265/31417 chunks (minecraft:overworld) | Speed: 22.4 ch/s
[23:44:10] [Server thread/INFO] (Chunk Preloader) Pregen Progress: 7297/31417 chunks (minecraft:overworld) | Speed: 22.1 ch/s
[23:44:12] [Server thread/INFO] (Chunk Preloader) Pregen Progress: 7329/31417 chunks (minecraft:overworld) | Speed: 25.4 ch/s
[23:44:12] [Netty Local IO #1/DEBUG] (ClientPlayNetworkAddon for Player742) Handling inbound packet from channel with name "chunkpreload:progress"
[23:44:12] [Render thread/DEBUG] (ClientPlayNetworkAddon for Player742) Handling inbound packet from channel with name "chunkpreload:progress"
[23:44:13] [Server thread/INFO] (Chunk Preloader) Pregen Progress: 7361/31417 chunks (minecraft:overworld) | Speed: 26.6 ch/s
[23:44:14] [Server thread/INFO] (Chunk Preloader) Pregen Progress: 7393/31417 chunks (minecraft:overworld) | Speed: 28.6 ch/s
[23:44:15] [Netty Local IO #1/DEBUG] (ClientPlayNetworkAddon for Player742) Handling inbound packet from channel with name "chunkpreload:progress"
[23:44:15] [Render thread/DEBUG] (ClientPlayNetworkAddon for Player742) Handling inbound packet from channel with name "chunkpreload:progress"
[23:44:16] [Server thread/INFO] (Chunk Preloader) Pregen Progress: 7425/31417 chunks (minecraft:overworld) | Speed: 18.8 ch/s
[23:44:17] [Server thread/INFO] (Chunk Preloader) Pregen Progress: 7457/31417 chunks (minecraft:overworld) | Speed: 23.8 ch/s
[23:44:20] [Server thread/INFO] (Chunk Preloader) Pregen Progress: 7521/31417 chunks (minecraft:overworld) | Speed: 21.7 ch/s
[23:44:21] [Netty Local IO #1/DEBUG] (ClientPlayNetworkAddon for Player742) Handling inbound packet from channel with name "chunkpreload:progress"
[23:44:21] [Render thread/DEBUG] (ClientPlayNetworkAddon for Player742) Handling inbound packet from channel with name "chunkpreload:progress"
[23:44:22] [Server thread/INFO] (Chunk Preloader) Pregen Progress: 7569/31417 chunks (minecraft:overworld) | Speed: 31.1 ch/s
[23:44:24] [Server thread/INFO] (Chunk Preloader) Pregen Progress: 7617/31417 chunks (minecraft:overworld) | Speed: 19.6 ch/s
[23:44:26] [Server thread/INFO] (Chunk Preloader) Pregen Progress: 7649/31417 chunks (minecraft:overworld) | Speed: 19.9 ch/s
[23:44:26] [Netty Local IO #1/DEBUG] (ClientPlayNetworkAddon for Player742) Handling inbound packet from channel with name "chunkpreload:progress"
[23:44:26] [Render thread/DEBUG] (ClientPlayNetworkAddon for Player742) Handling inbound packet from channel with name "chunkpreload:progress"
[23:44:27] [Server thread/INFO] (Chunk Preloader) Pregen Progress: 7681/31417 chunks (minecraft:overworld) | Speed: 23.5 ch/s
[23:44:29] [Server thread/INFO] (Chunk Preloader) Pregen Progress: 7729/31417 chunks (minecraft:overworld) | Speed: 25.2 ch/s
[23:44:31] [Server thread/INFO] (Chunk Preloader) Pregen Progress: 7777/31417 chunks (minecraft:overworld) | Speed: 22.3 ch/s
[23:44:34] [Server thread/INFO] (Chunk Preloader) Pregen Progress: 7825/31417 chunks (minecraft:overworld) | Speed: 19.3 ch/s
[23:44:36] [Server thread/INFO] (Chunk Preloader) Pregen Progress: 7873/31417 chunks (minecraft:overworld) | Speed: 22.4 ch/s
[23:44:36] [Netty Local IO #1/DEBUG] (ClientPlayNetworkAddon for Player742) Handling inbound packet from channel with name "chunkpreload:progress"
[23:44:36] [Render thread/DEBUG] (ClientPlayNetworkAddon for Player742) Handling inbound packet from channel with name "chunkpreload:progress"
[23:44:37] [Server thread/INFO] (net.minecraft.client.server.IntegratedServer) Saving and pausing game...
[23:44:37] [Server thread/INFO] (net.minecraft.server.MinecraftServer) Saving chunks for level 'ServerLevel[New World]'/minecraft:overworld
[23:44:37] [Server thread/INFO] (net.minecraft.server.MinecraftServer) Saving chunks for level 'ServerLevel[New World]'/minecraft:the_nether
[23:44:37] [Server thread/INFO] (net.minecraft.server.MinecraftServer) Saving chunks for level 'ServerLevel[New World]'/minecraft:the_end
[23:44:45] [Render thread/INFO] (Chunk Preloader) Chunk Preloader configured for a 100-chunk CIRCLE (31417 chunks total)
[23:44:45] [Server thread/INFO] (Chunk Preloader) Pregen Progress: 8065/31417 chunks (minecraft:overworld) | Speed: 20.3 ch/s
[23:44:46] [Render thread/DEBUG] (FabricLoader/Mixin) Mixing MovingBlockRenderStateMixin from fabric-block-getter-api-v2.client.mixins.json into net.minecraft.client.renderer.block.MovingBlockRenderState
[23:44:46] [Render thread/DEBUG] (FabricLoader/Mixin) Mixing renderstate.RenderStateMixin from fabric-rendering-v1.mixins.json into net.minecraft.client.renderer.block.MovingBlockRenderState
[23:44:46] [Render thread/DEBUG] (FabricLoader/Mixin) Generating mapped inner class net/minecraft/client/renderer/feature/MovingBlockFeatureRenderer$Anonymous$f26b90aaddd338f3a91348764399f40b (originally net/fabricmc/fabric/mixin/client/renderer/block/render/MovingBlockFeatureRendererMixin$1)
[23:44:46] [Netty Local IO #1/DEBUG] (ClientPlayNetworkAddon for Player742) Handling inbound packet from channel with name "chunkpreload:progress"
[23:44:46] [Render thread/DEBUG] (ClientPlayNetworkAddon for Player742) Handling inbound packet from channel with name "chunkpreload:progress"
[23:44:46] [Server thread/INFO] (Chunk Preloader) Pregen Progress: 8065/31417 chunks (minecraft:overworld) | Speed: 0.0 ch/s
[23:44:47] [Server thread/WARN] (net.minecraft.server.MinecraftServer) Can't keep up! Is the server overloaded? Running 281175ms or 5623 ticks behind
[23:44:47] [Server thread/INFO] (Chunk Preloader) Pregen Progress: 8065/31417 chunks (minecraft:overworld) | Speed: 0.0 ch/s
[23:44:48] [Server thread/INFO] (Chunk Preloader) Pregen Progress: 8065/31417 chunks (minecraft:overworld) | Speed: 0.0 ch/s
[23:44:49] [Server thread/INFO] (Chunk Preloader) Pregen Progress: 8065/31417 chunks (minecraft:overworld) | Speed: 0.0 ch/s
[23:44:50] [Server thread/INFO] (Chunk Preloader) Pregen Progress: 8065/31417 chunks (minecraft:overworld) | Speed: 0.0 ch/s
[23:44:51] [Server thread/INFO] (Chunk Preloader) Pregen Progress: 8065/31417 chunks (minecraft:overworld) | Speed: 0.0 ch/s
[23:44:52] [Server thread/INFO] (Chunk Preloader) Pregen Progress: 8065/31417 chunks (minecraft:overworld) | Speed: 0.0 ch/s
[23:44:53] [Server thread/INFO] (Chunk Preloader) Pregen Progress: 8065/31417 chunks (minecraft:overworld) | Speed: 0.0 ch/s
[23:44:54] [Server thread/INFO] (Chunk Preloader) Pregen Progress: 8065/31417 chunks (minecraft:overworld) | Speed: 0.0 ch/s
[23:44:55] [Server thread/INFO] (Chunk Preloader) Pregen Progress: 8065/31417 chunks (minecraft:overworld) | Speed: 0.0 ch/s
[23:44:57] [Server thread/INFO] (Chunk Preloader) Pregen Progress: 8065/31417 chunks (minecraft:overworld) | Speed: 0.0 ch/s
[23:44:58] [Server thread/INFO] (Chunk Preloader) Pregen Progress: 8065/31417 chunks (minecraft:overworld) | Speed: 0.0 ch/s
[23:44:59] [Server thread/INFO] (Chunk Preloader) Pregen Progress: 8065/31417 chunks (minecraft:overworld) | Speed: 0.0 ch/s
[23:45:00] [Server thread/INFO] (Chunk Preloader) Pregen Progress: 8065/31417 chunks (minecraft:overworld) | Speed: 0.0 ch/s
[23:45:01] [Server thread/INFO] (Chunk Preloader) Pregen Progress: 8065/31417 chunks (minecraft:overworld) | Speed: 0.0 ch/s
[23:45:02] [Server thread/INFO] (Chunk Preloader) Pregen Progress: 8065/31417 chunks (minecraft:overworld) | Speed: 0.0 ch/s
[23:45:03] [Server thread/INFO] (Chunk Preloader) Pregen Progress: 8065/31417 chunks (minecraft:overworld) | Speed: 0.0 ch/s
[23:45:04] [Server thread/INFO] (Chunk Preloader) Pregen Progress: 8065/31417 chunks (minecraft:overworld) | Speed: 0.0 ch/s
[23:45:05] [Server thread/INFO] (Chunk Preloader) Pregen Progress: 8065/31417 chunks (minecraft:overworld) | Speed: 0.0 ch/s
[23:45:06] [Server thread/INFO] (Chunk Preloader) Pregen Progress: 8065/31417 chunks (minecraft:overworld) | Speed: 0.0 ch/s
[23:45:07] [Server thread/INFO] (Chunk Preloader) Pregen Progress: 8065/31417 chunks (minecraft:overworld) | Speed: 0.0 ch/s
[23:45:08] [Server thread/INFO] (Chunk Preloader) Pregen Progress: 8065/31417 chunks (minecraft:overworld) | Speed: 0.0 ch/s
[23:45:09] [Server thread/INFO] (Chunk Preloader) Pregen Progress: 8065/31417 chunks (minecraft:overworld) | Speed: 0.0 ch/s
[23:45:10] [Server thread/INFO] (Chunk Preloader) Pregen Progress: 8065/31417 chunks (minecraft:overworld) | Speed: 0.0 ch/s
[23:45:11] [Server thread/INFO] (Chunk Preloader) Pregen Progress: 8065/31417 chunks (minecraft:overworld) | Speed: 0.0 ch/s
[23:45:12] [Server thread/INFO] (Chunk Preloader) Pregen Progress: 8065/31417 chunks (minecraft:overworld) | Speed: 0.0 ch/s
[23:45:13] [Server thread/INFO] (Chunk Preloader) Pregen Progress: 8065/31417 chunks (minecraft:overworld) | Speed: 0.0 ch/s
[23:45:14] [Server thread/INFO] (Chunk Preloader) Pregen Progress: 8065/31417 chunks (minecraft:overworld) | Speed: 0.0 ch/s
[23:45:15] [Server thread/INFO] (Chunk Preloader) Pregen Progress: 8065/31417 chunks (minecraft:overworld) | Speed: 0.0 ch/s
[23:45:16] [Server thread/INFO] (Chunk Preloader) Pregen Progress: 8065/31417 chunks (minecraft:overworld) | Speed: 0.0 ch/s
[23:45:17] [Server thread/INFO] (Chunk Preloader) Pregen Progress: 8065/31417 chunks (minecraft:overworld) | Speed: 0.0 ch/s
[23:45:18] [Server thread/INFO] (Chunk Preloader) Pregen Progress: 8065/31417 chunks (minecraft:overworld) | Speed: 0.0 ch/s
[23:45:19] [Server thread/INFO] (Chunk Preloader) Pregen Progress: 8065/31417 chunks (minecraft:overworld) | Speed: 0.0 ch/s
[23:45:20] [Server thread/INFO] (Chunk Preloader) Pregen Progress: 8065/31417 chunks (minecraft:overworld) | Speed: 0.0 ch/s
[23:45:21] [Server thread/INFO] (Chunk Preloader) Pregen Progress: 8065/31417 chunks (minecraft:overworld) | Speed: 0.0 ch/s
[23:45:22] [Server thread/INFO] (Chunk Preloader) Pregen Progress: 8065/31417 chunks (minecraft:overworld) | Speed: 0.0 ch/s
[23:45:23] [Server thread/INFO] (Chunk Preloader) Pregen Progress: 8065/31417 chunks (minecraft:overworld) | Speed: 0.0 ch/s
[23:45:24] [Server thread/INFO] (Chunk Preloader) Pregen Progress: 8065/31417 chunks (minecraft:overworld) | Speed: 0.0 ch/s
[23:45:26] [Server thread/INFO] (Chunk Preloader) Pregen Progress: 8065/31417 chunks (minecraft:overworld) | Speed: 0.0 ch/s
[23:45:27] [Server thread/INFO] (Chunk Preloader) Pregen Progress: 8065/31417 chunks (minecraft:overworld) | Speed: 0.0 ch/s
[23:45:28] [Server thread/INFO] (Chunk Preloader) Pregen Progress: 8065/31417 chunks (minecraft:overworld) | Speed: 0.0 ch/s
[23:45:29] [Server thread/INFO] (Chunk Preloader) Pregen Progress: 8065/31417 chunks (minecraft:overworld) | Speed: 0.0 ch/s
[23:45:30] [Server thread/INFO] (Chunk Preloader) Pregen Progress: 8065/31417 chunks (minecraft:overworld) | Speed: 0.0 ch/s
[23:45:31] [Server thread/INFO] (Chunk Preloader) Pregen Progress: 8065/31417 chunks (minecraft:overworld) | Speed: 0.0 ch/s
[23:45:32] [Server thread/INFO] (Chunk Preloader) Pregen Progress: 8065/31417 chunks (minecraft:overworld) | Speed: 0.0 ch/s
[23:45:33] [Server thread/INFO] (Chunk Preloader) Pregen Progress: 8065/31417 chunks (minecraft:overworld) | Speed: 0.0 ch/s
[23:45:34] [Server thread/INFO] (Chunk Preloader) Pregen Progress: 8065/31417 chunks (minecraft:overworld) | Speed: 0.0 ch/s
[23:45:35] [Server thread/INFO] (Chunk Preloader) Pregen Progress: 8065/31417 chunks (minecraft:overworld) | Speed: 0.0 ch/s
[23:45:36] [Server thread/INFO] (Chunk Preloader) Pregen Progress: 8065/31417 chunks (minecraft:overworld) | Speed: 0.0 ch/s
[23:45:36] [Render thread/DEBUG] (net.fabricmc.fabric.impl.command.client.ClientCommandInternals) Syntax exception for client-sided command 'enchant Player742 minecraft:wind_burst 3'
com.mojang.brigadier.exceptions.CommandSyntaxException: Unknown or incomplete command. See below for error at position 0: <--[HERE]
[23:45:36] [Server thread/DEBUG] (FabricLoader/Mixin) Mixing effect.ContextChainAccessor from fabric-entity-events-v1.mixins.json into com.mojang.brigadier.context.ContextChain
[23:45:36] [Server thread/DEBUG] (FabricLoader/Mixin) Mixing effect.ContextChainMixin from fabric-entity-events-v1.mixins.json into com.mojang.brigadier.context.ContextChain
[23:45:36] [Server thread/DEBUG] (FabricLoader/Mixin) Mixing effect.CommandQueueEntryMixin from fabric-entity-events-v1.mixins.json into net.minecraft.commands.execution.CommandQueueEntry
[23:45:36] [Server thread/DEBUG] (FabricLoader/Mixin) Mixing effect.BuildContextsAccessor from fabric-entity-events-v1.mixins.json into net.minecraft.commands.execution.tasks.BuildContexts
[23:45:36] [Server thread/INFO] (net.minecraft.server.MinecraftServer) [Player742: Applied enchantment Wind Burst III to Player742's item]
[23:45:36] [Render thread/INFO] (net.minecraft.client.gui.components.ChatComponent) [System] [CHAT] Applied enchantment Wind Burst III to Player742's item
[23:45:37] [Server thread/INFO] (Chunk Preloader) Pregen Progress: 8065/31417 chunks (minecraft:overworld) | Speed: 0.0 ch/s
[23:45:38] [Server thread/INFO] (Chunk Preloader) Pregen Progress: 8065/31417 chunks (minecraft:overworld) | Speed: 0.0 ch/s
[23:45:39] [Server thread/INFO] (Chunk Preloader) Pregen Progress: 8065/31417 chunks (minecraft:overworld) | Speed: 0.0 ch/s
[23:45:40] [Server thread/INFO] (Chunk Preloader) Pregen Progress: 8065/31417 chunks (minecraft:overworld) | Speed: 0.0 ch/s
[23:45:41] [Server thread/INFO] (Chunk Preloader) Pregen Progress: 8065/31417 chunks (minecraft:overworld) | Speed: 0.0 ch/s
[23:45:42] [Server thread/INFO] (Chunk Preloader) Pregen Progress: 8065/31417 chunks (minecraft:overworld) | Speed: 0.0 ch/s
[23:45:43] [Server thread/INFO] (Chunk Preloader) Pregen Progress: 8065/31417 chunks (minecraft:overworld) | Speed: 0.0 ch/s
[23:45:44] [Render thread/INFO] (net.minecraft.advancements.AdvancementTree) Loaded 46 advancements
[23:45:44] [Server thread/INFO] (Chunk Preloader) Pregen Progress: 8065/31417 chunks (minecraft:overworld) | Speed: 0.0 ch/s
[23:45:45] [Server thread/INFO] (Chunk Preloader) Pregen Progress: 8065/31417 chunks (minecraft:overworld) | Speed: 0.0 ch/s
[23:45:46] [Server thread/INFO] (Chunk Preloader) Pregen Progress: 8065/31417 chunks (minecraft:overworld) | Speed: 0.0 ch/s
[23:45:47] [Server thread/INFO] (Chunk Preloader) Pregen Progress: 8065/31417 chunks (minecraft:overworld) | Speed: 0.0 ch/s
[23:45:48] [Server thread/INFO] (Chunk Preloader) Pregen Progress: 8065/31417 chunks (minecraft:overworld) | Speed: 0.0 ch/s
[23:45:49] [Server thread/INFO] (Chunk Preloader) Pregen Progress: 8065/31417 chunks (minecraft:overworld) | Speed: 0.0 ch/s
[23:45:50] [Server thread/INFO] (Chunk Preloader) Pregen Progress: 8065/31417 chunks (minecraft:overworld) | Speed: 0.0 ch/s
[23:45:51] [Server thread/INFO] (Chunk Preloader) Pregen Progress: 8065/31417 chunks (minecraft:overworld) | Speed: 0.0 ch/s
[23:45:52] [Server thread/INFO] (Chunk Preloader) Pregen Progress: 8065/31417 chunks (minecraft:overworld) | Speed: 0.0 ch/s
[23:45:53] [Server thread/INFO] (Chunk Preloader) Pregen Progress: 8065/31417 chunks (minecraft:overworld) | Speed: 0.0 ch/s
[23:45:54] [Server thread/INFO] (Chunk Preloader) Pregen Progress: 8065/31417 chunks (minecraft:overworld) | Speed: 0.0 ch/s
[23:45:56] [Server thread/INFO] (Chunk Preloader) Pregen Progress: 8065/31417 chunks (minecraft:overworld) | Speed: 0.0 ch/s
[23:45:57] [Server thread/INFO] (Chunk Preloader) Pregen Progress: 8065/31417 chunks (minecraft:overworld) | Speed: 0.0 ch/s
[23:45:58] [Server thread/INFO] (Chunk Preloader) Pregen Progress: 8065/31417 chunks (minecraft:overworld) | Speed: 0.0 ch/s
[23:45:59] [Server thread/INFO] (Chunk Preloader) Pregen Progress: 8065/31417 chunks (minecraft:overworld) | Speed: 0.0 ch/s
[23:46:00] [Server thread/INFO] (Chunk Preloader) Pregen Progress: 8065/31417 chunks (minecraft:overworld) | Speed: 0.0 ch/s
[23:46:01] [Server thread/INFO] (Chunk Preloader) Pregen Progress: 8065/31417 chunks (minecraft:overworld) | Speed: 0.0 ch/s
[23:46:02] [Server thread/INFO] (Chunk Preloader) Pregen Progress: 8065/31417 chunks (minecraft:overworld) | Speed: 0.0 ch/s
[23:46:03] [Server thread/INFO] (Chunk Preloader) Pregen Progress: 8065/31417 chunks (minecraft:overworld) | Speed: 0.0 ch/s
[23:46:04] [Server thread/INFO] (Chunk Preloader) Pregen Progress: 8065/31417 chunks (minecraft:overworld) | Speed: 0.0 ch/s
[23:46:05] [Server thread/INFO] (Chunk Preloader) Pregen Progress: 8065/31417 chunks (minecraft:overworld) | Speed: 0.0 ch/s
[23:46:06] [Server thread/INFO] (Chunk Preloader) Pregen Progress: 8065/31417 chunks (minecraft:overworld) | Speed: 0.0 ch/s
[23:46:07] [Server thread/INFO] (Chunk Preloader) Pregen Progress: 8065/31417 chunks (minecraft:overworld) | Speed: 0.0 ch/s
[23:46:08] [Server thread/INFO] (Chunk Preloader) Pregen Progress: 8065/31417 chunks (minecraft:overworld) | Speed: 0.0 ch/s
[23:46:09] [Server thread/INFO] (Chunk Preloader) Pregen Progress: 8065/31417 chunks (minecraft:overworld) | Speed: 0.0 ch/s
[23:46:10] [Server thread/INFO] (Chunk Preloader) Pregen Progress: 8065/31417 chunks (minecraft:overworld) | Speed: 0.0 ch/s
[23:46:11] [Server thread/INFO] (Chunk Preloader) Pregen Progress: 8065/31417 chunks (minecraft:overworld) | Speed: 0.0 ch/s
[23:46:12] [Server thread/INFO] (Chunk Preloader) Pregen Progress: 8065/31417 chunks (minecraft:overworld) | Speed: 0.0 ch/s
[23:46:13] [Server thread/INFO] (Chunk Preloader) Pregen Progress: 8065/31417 chunks (minecraft:overworld) | Speed: 0.0 ch/s
[23:46:14] [Server thread/INFO] (Chunk Preloader) Pregen Progress: 8065/31417 chunks (minecraft:overworld) | Speed: 0.0 ch/s
[23:46:15] [Server thread/INFO] (Chunk Preloader) Pregen Progress: 8065/31417 chunks (minecraft:overworld) | Speed: 0.0 ch/s
[23:46:16] [Server thread/INFO] (Chunk Preloader) Pregen Progress: 8065/31417 chunks (minecraft:overworld) | Speed: 0.0 ch/s
[23:46:17] [Server thread/INFO] (Chunk Preloader) Pregen Progress: 8065/31417 chunks (minecraft:overworld) | Speed: 0.0 ch/s
[23:46:18] [Server thread/INFO] (Chunk Preloader) Pregen Progress: 8065/31417 chunks (minecraft:overworld) | Speed: 0.0 ch/s
[23:46:19] [Server thread/INFO] (Chunk Preloader) Pregen Progress: 8065/31417 chunks (minecraft:overworld) | Speed: 0.0 ch/s
[23:46:20] [Server thread/INFO] (Chunk Preloader) Pregen Progress: 8065/31417 chunks (minecraft:overworld) | Speed: 0.0 ch/s
[23:46:21] [Server thread/INFO] (Chunk Preloader) Pregen Progress: 8065/31417 chunks (minecraft:overworld) | Speed: 0.0 ch/s
[23:46:22] [Server thread/INFO] (Chunk Preloader) Pregen Progress: 8065/31417 chunks (minecraft:overworld) | Speed: 0.0 ch/s
[23:46:23] [Server thread/INFO] (Chunk Preloader) Pregen Progress: 8065/31417 chunks (minecraft:overworld) | Speed: 0.0 ch/s
[23:46:25] [Server thread/INFO] (Chunk Preloader) Pregen Progress: 8065/31417 chunks (minecraft:overworld) | Speed: 0.0 ch/s
[23:46:26] [Server thread/INFO] (Chunk Preloader) Pregen Progress: 8065/31417 chunks (minecraft:overworld) | Speed: 0.0 ch/s
[23:46:27] [Server thread/INFO] (Chunk Preloader) Pregen Progress: 8065/31417 chunks (minecraft:overworld) | Speed: 0.0 ch/s
[23:46:28] [Server thread/INFO] (Chunk Preloader) Pregen Progress: 8065/31417 chunks (minecraft:overworld) | Speed: 0.0 ch/s
[23:46:29] [Server thread/INFO] (Chunk Preloader) Pregen Progress: 8065/31417 chunks (minecraft:overworld) | Speed: 0.0 ch/s
[23:46:30] [Server thread/INFO] (Chunk Preloader) Pregen Progress: 8065/31417 chunks (minecraft:overworld) | Speed: 0.0 ch/s
[23:46:31] [Server thread/INFO] (Chunk Preloader) Pregen Progress: 8065/31417 chunks (minecraft:overworld) | Speed: 0.0 ch/s
[23:46:32] [Server thread/INFO] (Chunk Preloader) Pregen Progress: 8065/31417 chunks (minecraft:overworld) | Speed: 0.0 ch/s
[23:46:33] [Server thread/INFO] (Chunk Preloader) Pregen Progress: 8065/31417 chunks (minecraft:overworld) | Speed: 0.0 ch/s
[23:46:34] [Server thread/INFO] (Chunk Preloader) Pregen Progress: 8065/31417 chunks (minecraft:overworld) | Speed: 0.0 ch/s
[23:46:35] [Server thread/INFO] (Chunk Preloader) Pregen Progress: 8065/31417 chunks (minecraft:overworld) | Speed: 0.0 ch/s
[23:46:36] [Server thread/INFO] (Chunk Preloader) Pregen Progress: 8065/31417 chunks (minecraft:overworld) | Speed: 0.0 ch/s
[23:46:37] [Server thread/INFO] (Chunk Preloader) Pregen Progress: 8065/31417 chunks (minecraft:overworld) | Speed: 0.0 ch/s
[23:46:38] [Server thread/INFO] (Chunk Preloader) Pregen Progress: 8065/31417 chunks (minecraft:overworld) | Speed: 0.0 ch/s
[23:46:39] [Server thread/INFO] (Chunk Preloader) Pregen Progress: 8065/31417 chunks (minecraft:overworld) | Speed: 0.0 ch/s
[23:46:40] [Server thread/INFO] (Chunk Preloader) Pregen Progress: 8065/31417 chunks (minecraft:overworld) | Speed: 0.0 ch/s
[23:46:41] [Server thread/INFO] (Chunk Preloader) Pregen Progress: 8065/31417 chunks (minecraft:overworld) | Speed: 0.0 ch/s
[23:46:42] [Server thread/INFO] (Chunk Preloader) Pregen Progress: 8065/31417 chunks (minecraft:overworld) | Speed: 0.0 ch/s
[23:46:43] [Server thread/INFO] (Chunk Preloader) Pregen Progress: 8065/31417 chunks (minecraft:overworld) | Speed: 0.0 ch/s
[23:46:44] [Server thread/INFO] (Chunk Preloader) Pregen Progress: 8065/31417 chunks (minecraft:overworld) | Speed: 0.0 ch/s
[23:46:45] [Server thread/INFO] (Chunk Preloader) Pregen Progress: 8065/31417 chunks (minecraft:overworld) | Speed: 0.0 ch/s
[23:46:46] [Server thread/INFO] (Chunk Preloader) Pregen Progress: 8065/31417 chunks (minecraft:overworld) | Speed: 0.0 ch/s
[23:46:47] [Server thread/INFO] (Chunk Preloader) Pregen Progress: 8065/31417 chunks (minecraft:overworld) | Speed: 0.0 ch/s
[23:46:48] [Server thread/INFO] (Chunk Preloader) Pregen Progress: 8065/31417 chunks (minecraft:overworld) | Speed: 0.0 ch/s
[23:46:49] [Server thread/INFO] (Chunk Preloader) Pregen Progress: 8065/31417 chunks (minecraft:overworld) | Speed: 0.0 ch/s
[23:46:50] [Server thread/INFO] (Chunk Preloader) Pregen Progress: 8065/31417 chunks (minecraft:overworld) | Speed: 0.0 ch/s
[23:46:51] [Server thread/INFO] (Chunk Preloader) Pregen Progress: 8065/31417 chunks (minecraft:overworld) | Speed: 0.0 ch/s
[23:46:52] [Server thread/INFO] (Chunk Preloader) Pregen Progress: 8065/31417 chunks (minecraft:overworld) | Speed: 0.0 ch/s
[23:46:53] [Server thread/INFO] (Chunk Preloader) Pregen Progress: 8065/31417 chunks (minecraft:overworld) | Speed: 0.0 ch/s
[23:46:54] [Server thread/INFO] (Chunk Preloader) Pregen Progress: 8065/31417 chunks (minecraft:overworld) | Speed: 0.0 ch/s
[23:46:55] [Server thread/INFO] (Chunk Preloader) Pregen Progress: 8065/31417 chunks (minecraft:overworld) | Speed: 0.0 ch/s
[23:46:56] [Server thread/INFO] (Chunk Preloader) Pregen Progress: 8065/31417 chunks (minecraft:overworld) | Speed: 0.0 ch/s
[23:46:57] [Server thread/INFO] (Chunk Preloader) Pregen Progress: 8065/31417 chunks (minecraft:overworld) | Speed: 0.0 ch/s
[23:46:59] [Server thread/INFO] (Chunk Preloader) Pregen Progress: 8065/31417 chunks (minecraft:overworld) | Speed: 0.0 ch/s
[23:47:00] [Server thread/INFO] (Chunk Preloader) Pregen Progress: 8065/31417 chunks (minecraft:overworld) | Speed: 0.0 ch/s
[23:47:01] [Server thread/INFO] (Chunk Preloader) Pregen Progress: 8065/31417 chunks (minecraft:overworld) | Speed: 0.0 ch/s
[23:47:02] [Server thread/INFO] (Chunk Preloader) Pregen Progress: 8065/31417 chunks (minecraft:overworld) | Speed: 0.0 ch/s
[23:47:03] [Server thread/INFO] (Chunk Preloader) Pregen Progress: 8065/31417 chunks (minecraft:overworld) | Speed: 0.0 ch/s
[23:47:04] [Server thread/INFO] (Chunk Preloader) Pregen Progress: 8065/31417 chunks (minecraft:overworld) | Speed: 0.0 ch/s
[23:47:05] [Server thread/INFO] (Chunk Preloader) Pregen Progress: 8065/31417 chunks (minecraft:overworld) | Speed: 0.0 ch/s
[23:47:06] [Server thread/INFO] (Chunk Preloader) Pregen Progress: 8065/31417 chunks (minecraft:overworld) | Speed: 0.0 ch/s
[23:47:07] [Server thread/INFO] (Chunk Preloader) Pregen Progress: 8065/31417 chunks (minecraft:overworld) | Speed: 0.0 ch/s
[23:47:08] [Server thread/INFO] (Chunk Preloader) Pregen Progress: 8065/31417 chunks (minecraft:overworld) | Speed: 0.0 ch/s
[23:47:09] [Server thread/INFO] (Chunk Preloader) Pregen Progress: 8065/31417 chunks (minecraft:overworld) | Speed: 0.0 ch/s
[23:47:10] [Server thread/INFO] (Chunk Preloader) Pregen Progress: 8065/31417 chunks (minecraft:overworld) | Speed: 0.0 ch/s
[23:47:11] [Server thread/INFO] (Chunk Preloader) Pregen Progress: 8065/31417 chunks (minecraft:overworld) | Speed: 0.0 ch/s
[23:47:12] [Server thread/INFO] (Chunk Preloader) Pregen Progress: 8065/31417 chunks (minecraft:overworld) | Speed: 0.0 ch/s
[23:47:13] [Server thread/INFO] (Chunk Preloader) Pregen Progress: 8065/31417 chunks (minecraft:overworld) | Speed: 0.0 ch/s
[23:47:14] [Server thread/INFO] (Chunk Preloader) Pregen Progress: 8065/31417 chunks (minecraft:overworld) | Speed: 0.0 ch/s
[23:47:15] [Server thread/INFO] (Chunk Preloader) Pregen Progress: 8065/31417 chunks (minecraft:overworld) | Speed: 0.0 ch/s
[23:47:16] [Server thread/INFO] (Chunk Preloader) Pregen Progress: 8065/31417 chunks (minecraft:overworld) | Speed: 0.0 ch/s
[23:47:17] [Server thread/INFO] (Chunk Preloader) Pregen Progress: 8065/31417 chunks (minecraft:overworld) | Speed: 0.0 ch/s
[23:47:18] [Server thread/INFO] (Chunk Preloader) Pregen Progress: 8065/31417 chunks (minecraft:overworld) | Speed: 0.0 ch/s
[23:47:19] [Server thread/INFO] (Chunk Preloader) Pregen Progress: 8065/31417 chunks (minecraft:overworld) | Speed: 0.0 ch/s
[23:47:20] [Server thread/INFO] (Chunk Preloader) Pregen Progress: 8065/31417 chunks (minecraft:overworld) | Speed: 0.0 ch/s
[23:47:21] [Server thread/INFO] (Chunk Preloader) Pregen Progress: 8065/31417 chunks (minecraft:overworld) | Speed: 0.0 ch/s
[23:47:22] [Server thread/INFO] (Chunk Preloader) Pregen Progress: 8065/31417 chunks (minecraft:overworld) | Speed: 0.0 ch/s
[23:47:23] [Server thread/INFO] (Chunk Preloader) Pregen Progress: 8065/31417 chunks (minecraft:overworld) | Speed: 0.0 ch/s
[23:47:24] [Server thread/INFO] (Chunk Preloader) Pregen Progress: 8065/31417 chunks (minecraft:overworld) | Speed: 0.0 ch/s
[23:47:25] [Server thread/INFO] (Chunk Preloader) Pregen Progress: 8065/31417 chunks (minecraft:overworld) | Speed: 0.0 ch/s
[23:47:26] [Server thread/INFO] (Chunk Preloader) Pregen Progress: 8065/31417 chunks (minecraft:overworld) | Speed: 0.0 ch/s
[23:47:28] [Server thread/INFO] (Chunk Preloader) Pregen Progress: 8065/31417 chunks (minecraft:overworld) | Speed: 0.0 ch/s
[23:47:29] [Server thread/INFO] (Chunk Preloader) Pregen Progress: 8065/31417 chunks (minecraft:overworld) | Speed: 0.0 ch/s
[23:47:30] [Server thread/INFO] (Chunk Preloader) Pregen Progress: 8065/31417 chunks (minecraft:overworld) | Speed: 0.0 ch/s
[23:47:31] [Server thread/INFO] (Chunk Preloader) Pregen Progress: 8065/31417 chunks (minecraft:overworld) | Speed: 0.0 ch/s
[23:47:32] [Server thread/INFO] (Chunk Preloader) Pregen Progress: 8065/31417 chunks (minecraft:overworld) | Speed: 0.0 ch/s
[23:47:33] [Server thread/INFO] (Chunk Preloader) Pregen Progress: 8065/31417 chunks (minecraft:overworld) | Speed: 0.0 ch/s
[23:47:34] [Server thread/INFO] (Chunk Preloader) Pregen Progress: 8065/31417 chunks (minecraft:overworld) | Speed: 0.0 ch/s
[23:47:35] [Server thread/INFO] (Chunk Preloader) Pregen Progress: 8065/31417 chunks (minecraft:overworld) | Speed: 0.0 ch/s
[23:47:36] [Server thread/INFO] (Chunk Preloader) Pregen Progress: 8065/31417 chunks (minecraft:overworld) | Speed: 0.0 ch/s
[23:47:37] [Server thread/INFO] (Chunk Preloader) Pregen Progress: 8065/31417 chunks (minecraft:overworld) | Speed: 0.0 ch/s
[23:47:38] [Server thread/INFO] (Chunk Preloader) Pregen Progress: 8065/31417 chunks (minecraft:overworld) | Speed: 0.0 ch/s
[23:47:39] [Server thread/INFO] (Chunk Preloader) Pregen Progress: 8065/31417 chunks (minecraft:overworld) | Speed: 0.0 ch/s
[23:47:40] [Server thread/INFO] (Chunk Preloader) Pregen Progress: 8065/31417 chunks (minecraft:overworld) | Speed: 0.0 ch/s
[23:47:41] [Server thread/INFO] (Chunk Preloader) Pregen Progress: 8065/31417 chunks (minecraft:overworld) | Speed: 0.0 ch/s
[23:47:42] [Server thread/INFO] (Chunk Preloader) Pregen Progress: 8065/31417 chunks (minecraft:overworld) | Speed: 0.0 ch/s
[23:47:43] [Server thread/INFO] (Chunk Preloader) Pregen Progress: 8065/31417 chunks (minecraft:overworld) | Speed: 0.0 ch/s
[23:47:44] [Server thread/INFO] (Chunk Preloader) Pregen Progress: 8065/31417 chunks (minecraft:overworld) | Speed: 0.0 ch/s
[23:47:45] [Server thread/INFO] (Chunk Preloader) Pregen Progress: 8065/31417 chunks (minecraft:overworld) | Speed: 0.0 ch/s
[23:47:46] [Server thread/INFO] (Chunk Preloader) Pregen Progress: 8065/31417 chunks (minecraft:overworld) | Speed: 0.0 ch/s
[23:47:47] [Server thread/INFO] (Chunk Preloader) Pregen Progress: 8065/31417 chunks (minecraft:overworld) | Speed: 0.0 ch/s
[23:47:48] [Server thread/INFO] (Chunk Preloader) Pregen Progress: 8065/31417 chunks (minecraft:overworld) | Speed: 0.0 ch/s
[23:47:49] [Server thread/INFO] (Chunk Preloader) Pregen Progress: 8065/31417 chunks (minecraft:overworld) | Speed: 0.0 ch/s
[23:47:50] [Server thread/INFO] (Chunk Preloader) Pregen Progress: 8065/31417 chunks (minecraft:overworld) | Speed: 0.0 ch/s
[23:47:51] [Server thread/INFO] (Chunk Preloader) Pregen Progress: 8065/31417 chunks (minecraft:overworld) | Speed: 0.0 ch/s
[23:47:52] [Server thread/INFO] (Chunk Preloader) Pregen Progress: 8065/31417 chunks (minecraft:overworld) | Speed: 0.0 ch/s
[23:47:53] [Server thread/INFO] (Chunk Preloader) Pregen Progress: 8065/31417 chunks (minecraft:overworld) | Speed: 0.0 ch/s
[23:47:54] [Server thread/INFO] (Chunk Preloader) Pregen Progress: 8065/31417 chunks (minecraft:overworld) | Speed: 0.0 ch/s
[23:47:55] [Server thread/INFO] (Chunk Preloader) Pregen Progress: 8065/31417 chunks (minecraft:overworld) | Speed: 0.0 ch/s
[23:47:56] [Server thread/INFO] (Chunk Preloader) Pregen Progress: 8065/31417 chunks (minecraft:overworld) | Speed: 0.0 ch/s
[23:47:58] [Server thread/INFO] (Chunk Preloader) Pregen Progress: 8065/31417 chunks (minecraft:overworld) | Speed: 0.0 ch/s
[23:47:59] [Server thread/INFO] (Chunk Preloader) Pregen Progress: 8065/31417 chunks (minecraft:overworld) | Speed: 0.0 ch/s
[23:48:00] [Server thread/INFO] (Chunk Preloader) Pregen Progress: 8065/31417 chunks (minecraft:overworld) | Speed: 0.0 ch/s
[23:48:01] [Server thread/INFO] (Chunk Preloader) Pregen Progress: 8065/31417 chunks (minecraft:overworld) | Speed: 0.0 ch/s
[23:48:02] [Server thread/INFO] (Chunk Preloader) Pregen Progress: 8065/31417 chunks (minecraft:overworld) | Speed: 0.0 ch/s
[23:48:03] [Server thread/INFO] (Chunk Preloader) Pregen Progress: 8065/31417 chunks (minecraft:overworld) | Speed: 0.0 ch/s
[23:48:04] [Server thread/INFO] (Chunk Preloader) Pregen Progress: 8065/31417 chunks (minecraft:overworld) | Speed: 0.0 ch/s
[23:48:05] [Server thread/INFO] (Chunk Preloader) Pregen Progress: 8065/31417 chunks (minecraft:overworld) | Speed: 0.0 ch/s
[23:48:06] [Server thread/INFO] (Chunk Preloader) Pregen Progress: 8065/31417 chunks (minecraft:overworld) | Speed: 0.0 ch/s
[23:48:07] [Server thread/INFO] (Chunk Preloader) Pregen Progress: 8065/31417 chunks (minecraft:overworld) | Speed: 0.0 ch/s
[23:48:08] [Server thread/INFO] (Chunk Preloader) Pregen Progress: 8065/31417 chunks (minecraft:overworld) | Speed: 0.0 ch/s
[23:48:09] [Server thread/INFO] (Chunk Preloader) Pregen Progress: 8065/31417 chunks (minecraft:overworld) | Speed: 0.0 ch/s
[23:48:10] [Server thread/INFO] (Chunk Preloader) Pregen Progress: 8065/31417 chunks (minecraft:overworld) | Speed: 0.0 ch/s
[23:48:11] [Server thread/INFO] (Chunk Preloader) Pregen Progress: 8065/31417 chunks (minecraft:overworld) | Speed: 0.0 ch/s
[23:48:12] [Server thread/INFO] (Chunk Preloader) Pregen Progress: 8065/31417 chunks (minecraft:overworld) | Speed: 0.0 ch/s
[23:48:13] [Server thread/INFO] (Chunk Preloader) Pregen Progress: 8065/31417 chunks (minecraft:overworld) | Speed: 0.0 ch/s
[23:48:14] [Server thread/INFO] (Chunk Preloader) Pregen Progress: 8065/31417 chunks (minecraft:overworld) | Speed: 0.0 ch/s
[23:48:15] [Server thread/INFO] (Chunk Preloader) Pregen Progress: 8065/31417 chunks (minecraft:overworld) | Speed: 0.0 ch/s
[23:48:16] [Server thread/INFO] (Chunk Preloader) Pregen Progress: 8065/31417 chunks (minecraft:overworld) | Speed: 0.0 ch/s
[23:48:17] [Server thread/INFO] (Chunk Preloader) Pregen Progress: 8065/31417 chunks (minecraft:overworld) | Speed: 0.0 ch/s
[23:48:18] [Server thread/INFO] (Chunk Preloader) Pregen Progress: 8065/31417 chunks (minecraft:overworld) | Speed: 0.0 ch/s
[23:48:19] [Server thread/INFO] (Chunk Preloader) Pregen Progress: 8065/31417 chunks (minecraft:overworld) | Speed: 0.0 ch/s
[23:48:20] [Server thread/INFO] (Chunk Preloader) Pregen Progress: 8065/31417 chunks (minecraft:overworld) | Speed: 0.0 ch/s
[23:48:21] [Server thread/INFO] (Chunk Preloader) Pregen Progress: 8065/31417 chunks (minecraft:overworld) | Speed: 0.0 ch/s
[23:48:22] [Server thread/INFO] (Chunk Preloader) Pregen Progress: 8065/31417 chunks (minecraft:overworld) | Speed: 0.0 ch/s
[23:48:23] [Server thread/INFO] (Chunk Preloader) Pregen Progress: 8065/31417 chunks (minecraft:overworld) | Speed: 0.0 ch/s
[23:48:24] [Server thread/INFO] (Chunk Preloader) Pregen Progress: 8065/31417 chunks (minecraft:overworld) | Speed: 0.0 ch/s
[23:48:25] [Server thread/INFO] (Chunk Preloader) Pregen Progress: 8065/31417 chunks (minecraft:overworld) | Speed: 0.0 ch/s
[23:48:26] [Server thread/INFO] (Chunk Preloader) Pregen Progress: 8065/31417 chunks (minecraft:overworld) | Speed: 0.0 ch/s
[23:48:27] [Server thread/INFO] (Chunk Preloader) Pregen Progress: 8065/31417 chunks (minecraft:overworld) | Speed: 0.0 ch/s
[23:48:29] [Server thread/INFO] (Chunk Preloader) Pregen Progress: 8065/31417 chunks (minecraft:overworld) | Speed: 0.0 ch/s
[23:48:30] [Server thread/INFO] (Chunk Preloader) Pregen Progress: 8065/31417 chunks (minecraft:overworld) | Speed: 0.0 ch/s
[23:48:31] [Server thread/INFO] (Chunk Preloader) Pregen Progress: 8065/31417 chunks (minecraft:overworld) | Speed: 0.0 ch/s
[23:48:32] [Server thread/INFO] (Chunk Preloader) Pregen Progress: 8065/31417 chunks (minecraft:overworld) | Speed: 0.0 ch/s
[23:48:33] [Server thread/INFO] (Chunk Preloader) Pregen Progress: 8065/31417 chunks (minecraft:overworld) | Speed: 0.0 ch/s
[23:48:34] [Server thread/INFO] (Chunk Preloader) Pregen Progress: 8065/31417 chunks (minecraft:overworld) | Speed: 0.0 ch/s
[23:48:35] [Server thread/INFO] (Chunk Preloader) Pregen Progress: 8065/31417 chunks (minecraft:overworld) | Speed: 0.0 ch/s
[23:48:36] [Server thread/INFO] (Chunk Preloader) Pregen Progress: 8065/31417 chunks (minecraft:overworld) | Speed: 0.0 ch/s
[23:48:37] [Server thread/INFO] (Chunk Preloader) Pregen Progress: 8065/31417 chunks (minecraft:overworld) | Speed: 0.0 ch/s
[23:48:38] [Server thread/INFO] (Chunk Preloader) Pregen Progress: 8065/31417 chunks (minecraft:overworld) | Speed: 0.0 ch/s
[23:48:39] [Server thread/INFO] (Chunk Preloader) Pregen Progress: 8065/31417 chunks (minecraft:overworld) | Speed: 0.0 ch/s
[23:48:40] [Server thread/INFO] (Chunk Preloader) Pregen Progress: 8065/31417 chunks (minecraft:overworld) | Speed: 0.0 ch/s
[23:48:41] [Server thread/INFO] (Chunk Preloader) Pregen Progress: 8065/31417 chunks (minecraft:overworld) | Speed: 0.0 ch/s
[23:48:42] [Server thread/INFO] (Chunk Preloader) Pregen Progress: 8065/31417 chunks (minecraft:overworld) | Speed: 0.0 ch/s
[23:48:43] [Server thread/INFO] (Chunk Preloader) Pregen Progress: 8065/31417 chunks (minecraft:overworld) | Speed: 0.0 ch/s
[23:48:44] [Server thread/INFO] (Chunk Preloader) Pregen Progress: 8065/31417 chunks (minecraft:overworld) | Speed: 0.0 ch/s
[23:48:45] [Server thread/INFO] (Chunk Preloader) Pregen Progress: 8065/31417 chunks (minecraft:overworld) | Speed: 0.0 ch/s
[23:48:46] [Server thread/INFO] (Chunk Preloader) Pregen Progress: 8065/31417 chunks (minecraft:overworld) | Speed: 0.0 ch/s
[23:48:47] [Server thread/INFO] (Chunk Preloader) Pregen Progress: 8065/31417 chunks (minecraft:overworld) | Speed: 0.0 ch/s
[23:48:48] [Server thread/INFO] (Chunk Preloader) Pregen Progress: 8065/31417 chunks (minecraft:overworld) | Speed: 0.0 ch/s
[23:48:49] [Server thread/INFO] (Chunk Preloader) Pregen Progress: 8065/31417 chunks (minecraft:overworld) | Speed: 0.0 ch/s
[23:48:50] [Server thread/INFO] (Chunk Preloader) Pregen Progress: 8065/31417 chunks (minecraft:overworld) | Speed: 0.0 ch/s
[23:48:51] [Server thread/INFO] (Chunk Preloader) Pregen Progress: 8065/31417 chunks (minecraft:overworld) | Speed: 0.0 ch/s
[23:48:52] [Server thread/INFO] (Chunk Preloader) Pregen Progress: 8065/31417 chunks (minecraft:overworld) | Speed: 0.0 ch/s
[23:48:53] [Server thread/INFO] (Chunk Preloader) Pregen Progress: 8065/31417 chunks (minecraft:overworld) | Speed: 0.0 ch/s
[23:48:54] [Server thread/INFO] (Chunk Preloader) Pregen Progress: 8065/31417 chunks (minecraft:overworld) | Speed: 0.0 ch/s
[23:48:55] [Server thread/INFO] (Chunk Preloader) Pregen Progress: 8065/31417 chunks (minecraft:overworld) | Speed: 0.0 ch/s
[23:48:57] [Server thread/INFO] (Chunk Preloader) Pregen Progress: 8065/31417 chunks (minecraft:overworld) | Speed: 0.0 ch/s
[23:48:58] [Server thread/INFO] (Chunk Preloader) Pregen Progress: 8065/31417 chunks (minecraft:overworld) | Speed: 0.0 ch/s
[23:48:59] [Server thread/INFO] (Chunk Preloader) Pregen Progress: 8065/31417 chunks (minecraft:overworld) | Speed: 0.0 ch/s
[23:49:00] [Server thread/INFO] (Chunk Preloader) Pregen Progress: 8065/31417 chunks (minecraft:overworld) | Speed: 0.0 ch/s
[23:49:01] [Server thread/INFO] (Chunk Preloader) Pregen Progress: 8065/31417 chunks (minecraft:overworld) | Speed: 0.0 ch/s
[23:49:02] [Server thread/INFO] (Chunk Preloader) Pregen Progress: 8065/31417 chunks (minecraft:overworld) | Speed: 0.0 ch/s
[23:49:03] [Server thread/INFO] (Chunk Preloader) Pregen Progress: 8065/31417 chunks (minecraft:overworld) | Speed: 0.0 ch/s
[23:49:04] [Server thread/INFO] (Chunk Preloader) Pregen Progress: 8065/31417 chunks (minecraft:overworld) | Speed: 0.0 ch/s
[23:49:05] [Server thread/INFO] (Chunk Preloader) Pregen Progress: 8065/31417 chunks (minecraft:overworld) | Speed: 0.0 ch/s
[23:49:06] [Server thread/INFO] (Chunk Preloader) Pregen Progress: 8065/31417 chunks (minecraft:overworld) | Speed: 0.0 ch/s
[23:49:07] [Server thread/INFO] (Chunk Preloader) Pregen Progress: 8065/31417 chunks (minecraft:overworld) | Speed: 0.0 ch/s
[23:49:08] [Server thread/INFO] (Chunk Preloader) Pregen Progress: 8065/31417 chunks (minecraft:overworld) | Speed: 0.0 ch/s
[23:49:09] [Server thread/INFO] (Chunk Preloader) Pregen Progress: 8065/31417 chunks (minecraft:overworld) | Speed: 0.0 ch/s
[23:49:10] [Server thread/INFO] (Chunk Preloader) Pregen Progress: 8065/31417 chunks (minecraft:overworld) | Speed: 0.0 ch/s
[23:49:11] [Server thread/INFO] (Chunk Preloader) Pregen Progress: 8065/31417 chunks (minecraft:overworld) | Speed: 0.0 ch/s
[23:49:12] [Server thread/INFO] (Chunk Preloader) Pregen Progress: 8065/31417 chunks (minecraft:overworld) | Speed: 0.0 ch/s
[23:49:13] [Server thread/INFO] (Chunk Preloader) Pregen Progress: 8065/31417 chunks (minecraft:overworld) | Speed: 0.0 ch/s
[23:49:14] [Server thread/INFO] (Chunk Preloader) Pregen Progress: 8065/31417 chunks (minecraft:overworld) | Speed: 0.0 ch/s
[23:49:15] [Server thread/INFO] (Chunk Preloader) Pregen Progress: 8065/31417 chunks (minecraft:overworld) | Speed: 0.0 ch/s
[23:49:16] [Server thread/INFO] (Chunk Preloader) Pregen Progress: 8065/31417 chunks (minecraft:overworld) | Speed: 0.0 ch/s
[23:49:17] [Server thread/INFO] (Chunk Preloader) Pregen Progress: 8065/31417 chunks (minecraft:overworld) | Speed: 0.0 ch/s
[23:49:18] [Server thread/INFO] (Chunk Preloader) Pregen Progress: 8065/31417 chunks (minecraft:overworld) | Speed: 0.0 ch/s
[23:49:19] [Server thread/INFO] (Chunk Preloader) Pregen Progress: 8065/31417 chunks (minecraft:overworld) | Speed: 0.0 ch/s
[23:49:20] [Server thread/INFO] (Chunk Preloader) Pregen Progress: 8065/31417 chunks (minecraft:overworld) | Speed: 0.0 ch/s
[23:49:21] [Server thread/INFO] (Chunk Preloader) Pregen Progress: 8065/31417 chunks (minecraft:overworld) | Speed: 0.0 ch/s
[23:49:22] [Server thread/INFO] (Chunk Preloader) Pregen Progress: 8065/31417 chunks (minecraft:overworld) | Speed: 0.0 ch/s
[23:49:23] [Server thread/INFO] (Chunk Preloader) Pregen Progress: 8065/31417 chunks (minecraft:overworld) | Speed: 0.0 ch/s
[23:49:24] [Server thread/INFO] (Chunk Preloader) Pregen Progress: 8065/31417 chunks (minecraft:overworld) | Speed: 0.0 ch/s
[23:49:25] [Server thread/INFO] (Chunk Preloader) Pregen Progress: 8065/31417 chunks (minecraft:overworld) | Speed: 0.0 ch/s
[23:49:26] [Server thread/INFO] (Chunk Preloader) Pregen Progress: 8065/31417 chunks (minecraft:overworld) | Speed: 0.0 ch/s
[23:49:27] [Server thread/INFO] (Chunk Preloader) Pregen Progress: 8065/31417 chunks (minecraft:overworld) | Speed: 0.0 ch/s
[23:49:28] [Server thread/INFO] (Chunk Preloader) Pregen Progress: 8065/31417 chunks (minecraft:overworld) | Speed: 0.0 ch/s
[23:49:30] [Server thread/INFO] (Chunk Preloader) Pregen Progress: 8065/31417 chunks (minecraft:overworld) | Speed: 0.0 ch/s
[23:49:31] [Server thread/INFO] (Chunk Preloader) Pregen Progress: 8065/31417 chunks (minecraft:overworld) | Speed: 0.0 ch/s
[23:49:32] [Server thread/INFO] (Chunk Preloader) Pregen Progress: 8065/31417 chunks (minecraft:overworld) | Speed: 0.0 ch/s
[23:49:33] [Server thread/INFO] (Chunk Preloader) Pregen Progress: 8065/31417 chunks (minecraft:overworld) | Speed: 0.0 ch/s
[23:49:34] [Server thread/INFO] (Chunk Preloader) Pregen Progress: 8065/31417 chunks (minecraft:overworld) | Speed: 0.0 ch/s
[23:49:35] [Server thread/INFO] (Chunk Preloader) Pregen Progress: 8065/31417 chunks (minecraft:overworld) | Speed: 0.0 ch/s
[23:49:36] [Server thread/INFO] (Chunk Preloader) Pregen Progress: 8065/31417 chunks (minecraft:overworld) | Speed: 0.0 ch/s
[23:49:36] [Render thread/INFO] (net.minecraft.advancements.AdvancementTree) Loaded 56 advancements
[23:49:37] [Server thread/INFO] (Chunk Preloader) Pregen Progress: 8065/31417 chunks (minecraft:overworld) | Speed: 0.0 ch/s
[23:49:38] [Server thread/INFO] (Chunk Preloader) Pregen Progress: 8065/31417 chunks (minecraft:overworld) | Speed: 0.0 ch/s
[23:49:39] [Server thread/INFO] (Chunk Preloader) Pregen Progress: 8065/31417 chunks (minecraft:overworld) | Speed: 0.0 ch/s
[23:49:40] [Server thread/INFO] (Chunk Preloader) Pregen Progress: 8065/31417 chunks (minecraft:overworld) | Speed: 0.0 ch/s
[23:49:41] [Server thread/INFO] (Chunk Preloader) Pregen Progress: 8065/31417 chunks (minecraft:overworld) | Speed: 0.0 ch/s
[23:49:42] [Server thread/INFO] (Chunk Preloader) Pregen Progress: 8065/31417 chunks (minecraft:overworld) | Speed: 0.0 ch/s
[23:49:43] [Server thread/INFO] (Chunk Preloader) Pregen Progress: 8065/31417 chunks (minecraft:overworld) | Speed: 0.0 ch/s
[23:49:44] [Server thread/INFO] (Chunk Preloader) Pregen Progress: 8065/31417 chunks (minecraft:overworld) | Speed: 0.0 ch/s
[23:49:45] [Server thread/INFO] (Chunk Preloader) Pregen Progress: 8065/31417 chunks (minecraft:overworld) | Speed: 0.0 ch/s
[23:49:46] [Server thread/INFO] (Chunk Preloader) Pregen Progress: 8065/31417 chunks (minecraft:overworld) | Speed: 0.0 ch/s
[23:49:47] [Server thread/INFO] (Chunk Preloader) Pregen Progress: 8065/31417 chunks (minecraft:overworld) | Speed: 0.0 ch/s
[23:49:48] [Server thread/INFO] (Chunk Preloader) Pregen Progress: 8065/31417 chunks (minecraft:overworld) | Speed: 0.0 ch/s
[23:49:49] [Server thread/INFO] (Chunk Preloader) Pregen Progress: 8065/31417 chunks (minecraft:overworld) | Speed: 0.0 ch/s
[23:49:50] [Server thread/INFO] (Chunk Preloader) Pregen Progress: 8065/31417 chunks (minecraft:overworld) | Speed: 0.0 ch/s
[23:49:51] [Server thread/INFO] (Chunk Preloader) Pregen Progress: 8065/31417 chunks (minecraft:overworld) | Speed: 0.0 ch/s
[23:49:52] [Server thread/INFO] (Chunk Preloader) Pregen Progress: 8065/31417 chunks (minecraft:overworld) | Speed: 0.0 ch/s
[23:49:53] [Server thread/INFO] (Chunk Preloader) Pregen Progress: 8065/31417 chunks (minecraft:overworld) | Speed: 0.0 ch/s
[23:49:54] [Server thread/INFO] (Chunk Preloader) Pregen Progress: 8065/31417 chunks (minecraft:overworld) | Speed: 0.0 ch/s
[23:49:55] [Server thread/INFO] (Chunk Preloader) Pregen Progress: 8065/31417 chunks (minecraft:overworld) | Speed: 0.0 ch/s
[23:49:56] [Server thread/INFO] (Chunk Preloader) Pregen Progress: 8065/31417 chunks (minecraft:overworld) | Speed: 0.0 ch/s
[23:49:57] [Server thread/INFO] (Chunk Preloader) Pregen Progress: 8065/31417 chunks (minecraft:overworld) | Speed: 0.0 ch/s
[23:49:58] [Server thread/INFO] (Chunk Preloader) Pregen Progress: 8065/31417 chunks (minecraft:overworld) | Speed: 0.0 ch/s
[23:49:59] [Server thread/INFO] (Chunk Preloader) Pregen Progress: 8065/31417 chunks (minecraft:overworld) | Speed: 0.0 ch/s
[23:50:00] [Server thread/INFO] (Chunk Preloader) Pregen Progress: 8065/31417 chunks (minecraft:overworld) | Speed: 0.0 ch/s
[23:50:01] [Server thread/INFO] (Chunk Preloader) Pregen Progress: 8065/31417 chunks (minecraft:overworld) | Speed: 0.0 ch/s
[23:50:03] [Server thread/INFO] (Chunk Preloader) Pregen Progress: 8065/31417 chunks (minecraft:overworld) | Speed: 0.0 ch/s
[23:50:04] [Server thread/INFO] (Chunk Preloader) Pregen Progress: 8065/31417 chunks (minecraft:overworld) | Speed: 0.0 ch/s
[23:50:05] [Server thread/INFO] (Chunk Preloader) Pregen Progress: 8065/31417 chunks (minecraft:overworld) | Speed: 0.0 ch/s
[23:50:06] [Server thread/INFO] (Chunk Preloader) Pregen Progress: 8065/31417 chunks (minecraft:overworld) | Speed: 0.0 ch/s
[23:50:07] [Server thread/INFO] (Chunk Preloader) Pregen Progress: 8065/31417 chunks (minecraft:overworld) | Speed: 0.0 ch/s
[23:50:08] [Server thread/INFO] (Chunk Preloader) Pregen Progress: 8065/31417 chunks (minecraft:overworld) | Speed: 0.0 ch/s
[23:50:09] [Server thread/INFO] (Chunk Preloader) Pregen Progress: 8065/31417 chunks (minecraft:overworld) | Speed: 0.0 ch/s
[23:50:10] [Server thread/INFO] (Chunk Preloader) Pregen Progress: 8065/31417 chunks (minecraft:overworld) | Speed: 0.0 ch/s
[23:50:11] [Server thread/INFO] (Chunk Preloader) Pregen Progress: 8065/31417 chunks (minecraft:overworld) | Speed: 0.0 ch/s
[23:50:12] [Server thread/INFO] (Chunk Preloader) Pregen Progress: 8065/31417 chunks (minecraft:overworld) | Speed: 0.0 ch/s
[23:50:13] [Server thread/INFO] (Chunk Preloader) Pregen Progress: 8065/31417 chunks (minecraft:overworld) | Speed: 0.0 ch/s
[23:50:14] [Server thread/INFO] (Chunk Preloader) Pregen Progress: 8065/31417 chunks (minecraft:overworld) | Speed: 0.0 ch/s
[23:50:15] [Server thread/INFO] (Chunk Preloader) Pregen Progress: 8065/31417 chunks (minecraft:overworld) | Speed: 0.0 ch/s
[23:50:16] [Server thread/INFO] (Chunk Preloader) Pregen Progress: 8065/31417 chunks (minecraft:overworld) | Speed: 0.0 ch/s
[23:50:17] [Server thread/INFO] (Chunk Preloader) Pregen Progress: 8065/31417 chunks (minecraft:overworld) | Speed: 0.0 ch/s
[23:50:18] [Server thread/INFO] (Chunk Preloader) Pregen Progress: 8065/31417 chunks (minecraft:overworld) | Speed: 0.0 ch/s
[23:50:19] [Server thread/INFO] (Chunk Preloader) Pregen Progress: 8065/31417 chunks (minecraft:overworld) | Speed: 0.0 ch/s
[23:50:20] [Server thread/INFO] (Chunk Preloader) Pregen Progress: 8065/31417 chunks (minecraft:overworld) | Speed: 0.0 ch/s
[23:50:21] [Server thread/INFO] (Chunk Preloader) Pregen Progress: 8065/31417 chunks (minecraft:overworld) | Speed: 0.0 ch/s
[23:50:22] [Server thread/INFO] (Chunk Preloader) Pregen Progress: 8065/31417 chunks (minecraft:overworld) | Speed: 0.0 ch/s
[23:50:23] [Server thread/INFO] (Chunk Preloader) Pregen Progress: 8065/31417 chunks (minecraft:overworld) | Speed: 0.0 ch/s
[23:50:24] [Server thread/INFO] (Chunk Preloader) Pregen Progress: 8065/31417 chunks (minecraft:overworld) | Speed: 0.0 ch/s
[23:50:25] [Server thread/INFO] (Chunk Preloader) Pregen Progress: 8065/31417 chunks (minecraft:overworld) | Speed: 0.0 ch/s
[23:50:26] [Server thread/INFO] (Chunk Preloader) Pregen Progress: 8065/31417 chunks (minecraft:overworld) | Speed: 0.0 ch/s
[23:50:27] [Server thread/INFO] (Chunk Preloader) Pregen Progress: 8065/31417 chunks (minecraft:overworld) | Speed: 0.0 ch/s
[23:50:28] [Server thread/INFO] (Chunk Preloader) Pregen Progress: 8065/31417 chunks (minecraft:overworld) | Speed: 0.0 ch/s
[23:50:29] [Server thread/INFO] (Chunk Preloader) Pregen Progress: 8065/31417 chunks (minecraft:overworld) | Speed: 0.0 ch/s
[23:50:30] [Server thread/INFO] (Chunk Preloader) Pregen Progress: 8065/31417 chunks (minecraft:overworld) | Speed: 0.0 ch/s
[23:50:31] [Server thread/INFO] (Chunk Preloader) Pregen Progress: 8065/31417 chunks (minecraft:overworld) | Speed: 0.0 ch/s
[23:50:32] [Server thread/INFO] (Chunk Preloader) Pregen Progress: 8065/31417 chunks (minecraft:overworld) | Speed: 0.0 ch/s
[23:50:33] [Server thread/INFO] (Chunk Preloader) Pregen Progress: 8065/31417 chunks (minecraft:overworld) | Speed: 0.0 ch/s
[23:50:34] [Server thread/INFO] (Chunk Preloader) Pregen Progress: 8065/31417 chunks (minecraft:overworld) | Speed: 0.0 ch/s
[23:50:36] [Server thread/INFO] (Chunk Preloader) Pregen Progress: 8065/31417 chunks (minecraft:overworld) | Speed: 0.0 ch/s
[23:50:37] [Server thread/INFO] (Chunk Preloader) Pregen Progress: 8065/31417 chunks (minecraft:overworld) | Speed: 0.0 ch/s
[23:50:38] [Server thread/INFO] (net.minecraft.client.server.IntegratedServer) Saving and pausing game...
[23:50:38] [Server thread/INFO] (net.minecraft.server.MinecraftServer) Saving chunks for level 'ServerLevel[New World]'/minecraft:overworld
[23:50:38] [Server thread/INFO] (net.minecraft.server.MinecraftServer) Saving chunks for level 'ServerLevel[New World]'/minecraft:the_nether
[23:50:38] [Server thread/INFO] (net.minecraft.server.MinecraftServer) Saving chunks for level 'ServerLevel[New World]'/minecraft:the_end
[23:50:44] [Server thread/INFO] (Chunk Preloader) Pregen Progress: 8065/31417 chunks (minecraft:overworld) | Speed: 0.0 ch/s
[23:50:45] [Server thread/INFO] (Chunk Preloader) Pregen Progress: 8065/31417 chunks (minecraft:overworld) | Speed: 0.0 ch/s
[23:50:46] [Server thread/INFO] (Chunk Preloader) Pregen Progress: 8065/31417 chunks (minecraft:overworld) | Speed: 0.0 ch/s
[23:50:47] [Server thread/INFO] (Chunk Preloader) Pregen Progress: 8065/31417 chunks (minecraft:overworld) | Speed: 0.0 ch/s
[23:50:48] [Server thread/INFO] (Chunk Preloader) Pregen Progress: 8065/31417 chunks (minecraft:overworld) | Speed: 0.0 ch/s
[23:50:49] [Server thread/INFO] (Chunk Preloader) Pregen Progress: 8065/31417 chunks (minecraft:overworld) | Speed: 0.0 ch/s
[23:50:50] [Server thread/INFO] (Chunk Preloader) Pregen Progress: 8065/31417 chunks (minecraft:overworld) | Speed: 0.0 ch/s
[23:50:51] [Server thread/INFO] (Chunk Preloader) Pregen Progress: 8065/31417 chunks (minecraft:overworld) | Speed: 0.0 ch/s
[23:50:52] [Server thread/INFO] (Chunk Preloader) Pregen Progress: 8065/31417 chunks (minecraft:overworld) | Speed: 0.0 ch/s
[23:50:53] [Server thread/INFO] (Chunk Preloader) Pregen Progress: 8065/31417 chunks (minecraft:overworld) | Speed: 0.0 ch/s
[23:50:54] [Server thread/INFO] (Chunk Preloader) Pregen Progress: 8065/31417 chunks (minecraft:overworld) | Speed: 0.0 ch/s
[23:50:55] [Server thread/INFO] (Chunk Preloader) Pregen Progress: 8065/31417 chunks (minecraft:overworld) | Speed: 0.0 ch/s
[23:50:56] [Server thread/INFO] (Chunk Preloader) Pregen Progress: 8065/31417 chunks (minecraft:overworld) | Speed: 0.0 ch/s
[23:50:57] [Server thread/INFO] (Chunk Preloader) Pregen Progress: 8065/31417 chunks (minecraft:overworld) | Speed: 0.0 ch/s
[23:50:59] [Server thread/INFO] (Chunk Preloader) Pregen Progress: 8065/31417 chunks (minecraft:overworld) | Speed: 0.0 ch/s
[23:51:00] [Server thread/INFO] (Chunk Preloader) Pregen Progress: 8065/31417 chunks (minecraft:overworld) | Speed: 0.0 ch/s
[23:51:01] [Server thread/INFO] (Chunk Preloader) Pregen Progress: 8065/31417 chunks (minecraft:overworld) | Speed: 0.0 ch/s
[23:51:02] [Server thread/INFO] (Chunk Preloader) Pregen Progress: 8065/31417 chunks (minecraft:overworld) | Speed: 0.0 ch/s
[23:51:03] [Server thread/INFO] (Chunk Preloader) Pregen Progress: 8065/31417 chunks (minecraft:overworld) | Speed: 0.0 ch/s
[23:51:04] [Server thread/INFO] (Chunk Preloader) Pregen Progress: 8065/31417 chunks (minecraft:overworld) | Speed: 0.0 ch/s
[23:51:05] [Server thread/INFO] (Chunk Preloader) Pregen Progress: 8065/31417 chunks (minecraft:overworld) | Speed: 0.0 ch/s
[23:51:06] [Server thread/INFO] (Chunk Preloader) Pregen Progress: 8065/31417 chunks (minecraft:overworld) | Speed: 0.0 ch/s
[23:51:07] [Server thread/INFO] (Chunk Preloader) Pregen Progress: 8065/31417 chunks (minecraft:overworld) | Speed: 0.0 ch/s
[23:51:08] [Server thread/INFO] (Chunk Preloader) Pregen Progress: 8065/31417 chunks (minecraft:overworld) | Speed: 0.0 ch/s
[23:51:09] [Server thread/INFO] (Chunk Preloader) Pregen Progress: 8065/31417 chunks (minecraft:overworld) | Speed: 0.0 ch/s
[23:51:10] [Server thread/INFO] (Chunk Preloader) Pregen Progress: 8065/31417 chunks (minecraft:overworld) | Speed: 0.0 ch/s
[23:51:11] [Server thread/INFO] (Chunk Preloader) Pregen Progress: 8065/31417 chunks (minecraft:overworld) | Speed: 0.0 ch/s
[23:51:12] [Server thread/INFO] (Chunk Preloader) Pregen Progress: 8065/31417 chunks (minecraft:overworld) | Speed: 0.0 ch/s
[23:51:13] [Server thread/INFO] (Chunk Preloader) Pregen Progress: 8065/31417 chunks (minecraft:overworld) | Speed: 0.0 ch/s
[23:51:14] [Server thread/INFO] (Chunk Preloader) Pregen Progress: 8065/31417 chunks (minecraft:overworld) | Speed: 0.0 ch/s
[23:51:15] [Server thread/INFO] (Chunk Preloader) Pregen Progress: 8065/31417 chunks (minecraft:overworld) | Speed: 0.0 ch/s
[23:51:16] [Server thread/INFO] (Chunk Preloader) Pregen Progress: 8065/31417 chunks (minecraft:overworld) | Speed: 0.0 ch/s
[23:51:17] [Server thread/INFO] (Chunk Preloader) Pregen Progress: 8065/31417 chunks (minecraft:overworld) | Speed: 0.0 ch/s
[23:51:18] [Server thread/INFO] (Chunk Preloader) Pregen Progress: 8065/31417 chunks (minecraft:overworld) | Speed: 0.0 ch/s
[23:51:19] [Server thread/INFO] (Chunk Preloader) Pregen Progress: 8065/31417 chunks (minecraft:overworld) | Speed: 0.0 ch/s
[23:51:20] [Server thread/INFO] (Chunk Preloader) Pregen Progress: 8065/31417 chunks (minecraft:overworld) | Speed: 0.0 ch/s
[23:51:21] [Server thread/INFO] (Chunk Preloader) Pregen Progress: 8065/31417 chunks (minecraft:overworld) | Speed: 0.0 ch/s
[23:51:22] [Server thread/INFO] (Chunk Preloader) Pregen Progress: 8065/31417 chunks (minecraft:overworld) | Speed: 0.0 ch/s
[23:51:23] [Server thread/INFO] (Chunk Preloader) Pregen Progress: 8065/31417 chunks (minecraft:overworld) | Speed: 0.0 ch/s
[23:51:24] [Server thread/INFO] (Chunk Preloader) Pregen Progress: 8065/31417 chunks (minecraft:overworld) | Speed: 0.0 ch/s
[23:51:25] [Server thread/INFO] (Chunk Preloader) Pregen Progress: 8065/31417 chunks (minecraft:overworld) | Speed: 0.0 ch/s
[23:51:26] [Server thread/INFO] (Chunk Preloader) Pregen Progress: 8065/31417 chunks (minecraft:overworld) | Speed: 0.0 ch/s
[23:51:28] [Server thread/INFO] (Chunk Preloader) Pregen Progress: 8065/31417 chunks (minecraft:overworld) | Speed: 0.0 ch/s
[23:51:29] [Server thread/INFO] (Chunk Preloader) Pregen Progress: 8065/31417 chunks (minecraft:overworld) | Speed: 0.0 ch/s
[23:51:30] [Server thread/INFO] (Chunk Preloader) Pregen Progress: 8065/31417 chunks (minecraft:overworld) | Speed: 0.0 ch/s
[23:51:31] [Server thread/INFO] (Chunk Preloader) Pregen Progress: 8065/31417 chunks (minecraft:overworld) | Speed: 0.0 ch/s
[23:51:31] [Render thread/DEBUG] (net.fabricmc.fabric.impl.command.client.ClientCommandInternals) Syntax exception for client-sided command 'gamerule keep_inventory true'
com.mojang.brigadier.exceptions.CommandSyntaxException: Unknown or incomplete command. See below for error at position 0: <--[HERE]
[23:51:31] [Server thread/INFO] (net.minecraft.server.MinecraftServer) [Player742: Gamerule keep_inventory is now set to: true]
[23:51:31] [Render thread/INFO] (net.minecraft.client.gui.components.ChatComponent) [System] [CHAT] Gamerule keep_inventory is now set to: true
[23:51:32] [Server thread/INFO] (Chunk Preloader) Pregen Progress: 8065/31417 chunks (minecraft:overworld) | Speed: 0.0 ch/s
[23:51:33] [Server thread/INFO] (Chunk Preloader) Pregen Progress: 8065/31417 chunks (minecraft:overworld) | Speed: 0.0 ch/s
[23:51:34] [Server thread/INFO] (Chunk Preloader) Pregen Progress: 8065/31417 chunks (minecraft:overworld) | Speed: 0.0 ch/s
[23:51:35] [Server thread/INFO] (Chunk Preloader) Pregen Progress: 8065/31417 chunks (minecraft:overworld) | Speed: 0.0 ch/s
[23:51:36] [Server thread/INFO] (Chunk Preloader) Pregen Progress: 8065/31417 chunks (minecraft:overworld) | Speed: 0.0 ch/s
[23:51:37] [Server thread/INFO] (Chunk Preloader) Pregen Progress: 8065/31417 chunks (minecraft:overworld) | Speed: 0.0 ch/s
[23:51:38] [Server thread/INFO] (Chunk Preloader) Pregen Progress: 8065/31417 chunks (minecraft:overworld) | Speed: 0.0 ch/s
[23:51:39] [Server thread/INFO] (Chunk Preloader) Pregen Progress: 8065/31417 chunks (minecraft:overworld) | Speed: 0.0 ch/s
[23:51:40] [Server thread/INFO] (Chunk Preloader) Pregen Progress: 8065/31417 chunks (minecraft:overworld) | Speed: 0.0 ch/s
[23:51:41] [Server thread/INFO] (Chunk Preloader) Pregen Progress: 8065/31417 chunks (minecraft:overworld) | Speed: 0.0 ch/s
[23:51:42] [Render thread/INFO] (net.minecraft.advancements.AdvancementTree) Loaded 57 advancements
[23:51:42] [Server thread/INFO] (Chunk Preloader) Pregen Progress: 8065/31417 chunks (minecraft:overworld) | Speed: 0.0 ch/s
[23:51:43] [Server thread/INFO] (Chunk Preloader) Pregen Progress: 8065/31417 chunks (minecraft:overworld) | Speed: 0.0 ch/s
[23:51:44] [Server thread/INFO] (Chunk Preloader) Pregen Progress: 8065/31417 chunks (minecraft:overworld) | Speed: 0.0 ch/s
[23:51:45] [Server thread/INFO] (Chunk Preloader) Pregen Progress: 8065/31417 chunks (minecraft:overworld) | Speed: 0.0 ch/s
[23:51:46] [Server thread/INFO] (Chunk Preloader) Pregen Progress: 8065/31417 chunks (minecraft:overworld) | Speed: 0.0 ch/s
[23:51:47] [Server thread/INFO] (Chunk Preloader) Pregen Progress: 8065/31417 chunks (minecraft:overworld) | Speed: 0.0 ch/s
[23:51:48] [Server thread/INFO] (Chunk Preloader) Pregen Progress: 8065/31417 chunks (minecraft:overworld) | Speed: 0.0 ch/s
[23:51:49] [Server thread/INFO] (Chunk Preloader) Pregen Progress: 8065/31417 chunks (minecraft:overworld) | Speed: 0.0 ch/s
[23:51:50] [Server thread/INFO] (Chunk Preloader) Pregen Progress: 8065/31417 chunks (minecraft:overworld) | Speed: 0.0 ch/s
[23:51:51] [Server thread/INFO] (Chunk Preloader) Pregen Progress: 8065/31417 chunks (minecraft:overworld) | Speed: 0.0 ch/s
[23:51:52] [Render thread/INFO] (net.minecraft.advancements.AdvancementTree) Loaded 58 advancements
[23:51:53] [Server thread/INFO] (Chunk Preloader) Pregen Progress: 8065/31417 chunks (minecraft:overworld) | Speed: 0.0 ch/s
[23:51:54] [Server thread/INFO] (Chunk Preloader) Pregen Progress: 8065/31417 chunks (minecraft:overworld) | Speed: 0.0 ch/s
[23:51:55] [Server thread/INFO] (Chunk Preloader) Pregen Progress: 8065/31417 chunks (minecraft:overworld) | Speed: 0.0 ch/s
[23:51:56] [Server thread/INFO] (Chunk Preloader) Pregen Progress: 8065/31417 chunks (minecraft:overworld) | Speed: 0.0 ch/s
[23:51:57] [Server thread/INFO] (Chunk Preloader) Pregen Progress: 8065/31417 chunks (minecraft:overworld) | Speed: 0.0 ch/s
[23:51:57] [Render thread/DEBUG] (net.fabricmc.fabric.impl.command.client.ClientCommandInternals) Syntax exception for client-sided command 'gamemode survival'
com.mojang.brigadier.exceptions.CommandSyntaxException: Unknown or incomplete command. See below for error at position 0: <--[HERE]
[23:51:57] [Server thread/INFO] (net.minecraft.server.MinecraftServer) [Player742: Set own game mode to Survival Mode]
[23:51:57] [Render thread/INFO] (net.minecraft.client.gui.components.ChatComponent) [System] [CHAT] Set own game mode to Survival Mode
[23:51:58] [Server thread/INFO] (Chunk Preloader) Pregen Progress: 8065/31417 chunks (minecraft:overworld) | Speed: 0.0 ch/s
[23:51:59] [Server thread/INFO] (Chunk Preloader) Pregen Progress: 8065/31417 chunks (minecraft:overworld) | Speed: 0.0 ch/s
[23:52:00] [Server thread/INFO] (Chunk Preloader) Pregen Progress: 8065/31417 chunks (minecraft:overworld) | Speed: 0.0 ch/s
[23:52:01] [Server thread/INFO] (Chunk Preloader) Pregen Progress: 8065/31417 chunks (minecraft:overworld) | Speed: 0.0 ch/s
[23:52:02] [Server thread/INFO] (Chunk Preloader) Pregen Progress: 8065/31417 chunks (minecraft:overworld) | Speed: 0.0 ch/s
[23:52:02] [Server thread/INFO] (net.minecraft.client.server.IntegratedServer) Saving and pausing game...
[23:52:02] [Server thread/INFO] (net.minecraft.server.MinecraftServer) Saving chunks for level 'ServerLevel[New World]'/minecraft:overworld
[23:52:02] [Server thread/INFO] (net.minecraft.server.MinecraftServer) Saving chunks for level 'ServerLevel[New World]'/minecraft:the_nether
[23:52:02] [Server thread/INFO] (net.minecraft.server.MinecraftServer) Saving chunks for level 'ServerLevel[New World]'/minecraft:the_end
[23:52:05] [Server thread/INFO] (Chunk Preloader) Pregen Progress: 8065/31417 chunks (minecraft:overworld) | Speed: 0.0 ch/s
[23:52:06] [Server thread/INFO] (Chunk Preloader) Pregen Progress: 8065/31417 chunks (minecraft:overworld) | Speed: 0.0 ch/s
[23:52:07] [Render thread/INFO] (net.minecraft.client.renderer.DynamicUniformStorage) Resizing Dynamic Transforms UBO, capacity limit of 16 reached during a single frame. New capacity will be 32.
[23:52:07] [Server thread/INFO] (Chunk Preloader) Pregen Progress: 8065/31417 chunks (minecraft:overworld) | Speed: 0.0 ch/s
[23:52:08] [Server thread/INFO] (Chunk Preloader) Pregen Progress: 8065/31417 chunks (minecraft:overworld) | Speed: 0.0 ch/s
[23:52:09] [Server thread/INFO] (Chunk Preloader) Pregen Progress: 8065/31417 chunks (minecraft:overworld) | Speed: 0.0 ch/s
[23:52:10] [Server thread/INFO] (Chunk Preloader) Pregen Progress: 8065/31417 chunks (minecraft:overworld) | Speed: 0.0 ch/s
[23:52:11] [Server thread/INFO] (Chunk Preloader) Pregen Progress: 8065/31417 chunks (minecraft:overworld) | Speed: 0.0 ch/s
[23:52:12] [Server thread/INFO] (net.minecraft.server.MinecraftServer) Player742 fell from a high place
[23:52:12] [Render thread/INFO] (net.minecraft.client.gui.components.ChatComponent) [System] [CHAT] Player742 fell from a high place
[23:52:12] [Server thread/INFO] (Chunk Preloader) Pregen Progress: 8065/31417 chunks (minecraft:overworld) | Speed: 0.0 ch/s
[23:52:13] [Server thread/INFO] (Chunk Preloader) Pregen Progress: 8065/31417 chunks (minecraft:overworld) | Speed: 0.0 ch/s
[23:52:14] [Server thread/INFO] (Chunk Preloader) Pregen Progress: 8065/31417 chunks (minecraft:overworld) | Speed: 0.0 ch/s
[23:52:15] [Server thread/INFO] (Chunk Preloader) Pregen Progress: 8065/31417 chunks (minecraft:overworld) | Speed: 0.0 ch/s
[23:52:16] [Server thread/INFO] (Chunk Preloader) Pregen Progress: 8065/31417 chunks (minecraft:overworld) | Speed: 0.0 ch/s
[23:52:17] [Server thread/INFO] (Chunk Preloader) Pregen Progress: 8065/31417 chunks (minecraft:overworld) | Speed: 0.0 ch/s
[23:52:18] [Server thread/INFO] (Chunk Preloader) Pregen Progress: 8065/31417 chunks (minecraft:overworld) | Speed: 0.0 ch/s
[23:52:19] [Server thread/INFO] (Chunk Preloader) Pregen Progress: 8065/31417 chunks (minecraft:overworld) | Speed: 0.0 ch/s
[23:52:20] [Server thread/INFO] (Chunk Preloader) Pregen Progress: 8065/31417 chunks (minecraft:overworld) | Speed: 0.0 ch/s
[23:52:21] [Render thread/DEBUG] (FabricLoader/Mixin) Mixing renderstate.RenderStateMixin from fabric-rendering-v1.mixins.json into net.minecraft.client.renderer.state.level.BlockBreakingRenderState
[23:52:22] [Server thread/INFO] (Chunk Preloader) Pregen Progress: 8065/31417 chunks (minecraft:overworld) | Speed: 0.0 ch/s
[23:52:23] [Server thread/INFO] (Chunk Preloader) Pregen Progress: 8065/31417 chunks (minecraft:overworld) | Speed: 0.0 ch/s
[23:52:24] [Server thread/INFO] (Chunk Preloader) Pregen Progress: 8065/31417 chunks (minecraft:overworld) | Speed: 0.0 ch/s
[23:52:25] [Server thread/INFO] (Chunk Preloader) Pregen Progress: 8065/31417 chunks (minecraft:overworld) | Speed: 0.0 ch/s
[23:52:26] [Server thread/INFO] (Chunk Preloader) Pregen Progress: 8065/31417 chunks (minecraft:overworld) | Speed: 0.0 ch/s
[23:52:27] [Server thread/INFO] (Chunk Preloader) Pregen Progress: 8065/31417 chunks (minecraft:overworld) | Speed: 0.0 ch/s
[23:52:27] [Server thread/INFO] (net.minecraft.server.MinecraftServer) Player742 fell from a high place
[23:52:27] [Render thread/INFO] (net.minecraft.client.gui.components.ChatComponent) [System] [CHAT] Player742 fell from a high place
[23:52:28] [Server thread/INFO] (Chunk Preloader) Pregen Progress: 8065/31417 chunks (minecraft:overworld) | Speed: 0.0 ch/s
[23:52:29] [Server thread/INFO] (Chunk Preloader) Pregen Progress: 8065/31417 chunks (minecraft:overworld) | Speed: 0.0 ch/s
[23:52:30] [Server thread/INFO] (Chunk Preloader) Pregen Progress: 8065/31417 chunks (minecraft:overworld) | Speed: 0.0 ch/s
[23:52:31] [Server thread/INFO] (Chunk Preloader) Pregen Progress: 8065/31417 chunks (minecraft:overworld) | Speed: 0.0 ch/s
[23:52:32] [Server thread/INFO] (Chunk Preloader) Pregen Progress: 8065/31417 chunks (minecraft:overworld) | Speed: 0.0 ch/s
[23:52:33] [Server thread/INFO] (Chunk Preloader) Pregen Progress: 8065/31417 chunks (minecraft:overworld) | Speed: 0.0 ch/s
[23:52:34] [Server thread/INFO] (Chunk Preloader) Pregen Progress: 8065/31417 chunks (minecraft:overworld) | Speed: 0.0 ch/s
[23:52:35] [Server thread/INFO] (Chunk Preloader) Pregen Progress: 8065/31417 chunks (minecraft:overworld) | Speed: 0.0 ch/s
[23:52:36] [Server thread/INFO] (Chunk Preloader) Pregen Progress: 8065/31417 chunks (minecraft:overworld) | Speed: 0.0 ch/s
[23:52:37] [Server thread/INFO] (Chunk Preloader) Pregen Progress: 8065/31417 chunks (minecraft:overworld) | Speed: 0.0 ch/s
[23:52:38] [Server thread/INFO] (Chunk Preloader) Pregen Progress: 8065/31417 chunks (minecraft:overworld) | Speed: 0.0 ch/s
[23:52:39] [Server thread/INFO] (Chunk Preloader) Pregen Progress: 8065/31417 chunks (minecraft:overworld) | Speed: 0.0 ch/s
[23:52:40] [Server thread/INFO] (Chunk Preloader) Pregen Progress: 8065/31417 chunks (minecraft:overworld) | Speed: 0.0 ch/s
[23:52:41] [Server thread/INFO] (Chunk Preloader) Pregen Progress: 8065/31417 chunks (minecraft:overworld) | Speed: 0.0 ch/s
[23:52:42] [Server thread/INFO] (Chunk Preloader) Pregen Progress: 8065/31417 chunks (minecraft:overworld) | Speed: 0.0 ch/s
[23:52:43] [Server thread/INFO] (Chunk Preloader) Pregen Progress: 8065/31417 chunks (minecraft:overworld) | Speed: 0.0 ch/s
[23:52:44] [Server thread/INFO] (Chunk Preloader) Pregen Progress: 8065/31417 chunks (minecraft:overworld) | Speed: 0.0 ch/s
[23:52:45] [Server thread/INFO] (Chunk Preloader) Pregen Progress: 8065/31417 chunks (minecraft:overworld) | Speed: 0.0 ch/s
[23:52:46] [Server thread/INFO] (Chunk Preloader) Pregen Progress: 8065/31417 chunks (minecraft:overworld) | Speed: 0.0 ch/s
[23:52:47] [Server thread/INFO] (Chunk Preloader) Pregen Progress: 8065/31417 chunks (minecraft:overworld) | Speed: 0.0 ch/s
[23:52:48] [Server thread/INFO] (Chunk Preloader) Pregen Progress: 8065/31417 chunks (minecraft:overworld) | Speed: 0.0 ch/s
[23:52:49] [Server thread/INFO] (Chunk Preloader) Pregen Progress: 8065/31417 chunks (minecraft:overworld) | Speed: 0.0 ch/s
[23:52:50] [Server thread/INFO] (Chunk Preloader) Pregen Progress: 8065/31417 chunks (minecraft:overworld) | Speed: 0.0 ch/s
[23:52:52] [Server thread/INFO] (Chunk Preloader) Pregen Progress: 8065/31417 chunks (minecraft:overworld) | Speed: 0.0 ch/s
[23:52:52] [Render thread/INFO] (net.minecraft.advancements.AdvancementTree) Loaded 80 advancements
[23:52:53] [Server thread/INFO] (Chunk Preloader) Pregen Progress: 8065/31417 chunks (minecraft:overworld) | Speed: 0.0 ch/s
[23:52:54] [Server thread/INFO] (Chunk Preloader) Pregen Progress: 8065/31417 chunks (minecraft:overworld) | Speed: 0.0 ch/s
[23:52:55] [Server thread/INFO] (Chunk Preloader) Pregen Progress: 8065/31417 chunks (minecraft:overworld) | Speed: 0.0 ch/s
[23:52:56] [Server thread/INFO] (Chunk Preloader) Pregen Progress: 8065/31417 chunks (minecraft:overworld) | Speed: 0.0 ch/s
[23:52:57] [Server thread/INFO] (Chunk Preloader) Pregen Progress: 8065/31417 chunks (minecraft:overworld) | Speed: 0.0 ch/s
[23:52:58] [Server thread/INFO] (Chunk Preloader) Pregen Progress: 8065/31417 chunks (minecraft:overworld) | Speed: 0.0 ch/s
[23:52:59] [Server thread/INFO] (Chunk Preloader) Pregen Progress: 8065/31417 chunks (minecraft:overworld) | Speed: 0.0 ch/s
[23:53:00] [Server thread/INFO] (Chunk Preloader) Pregen Progress: 8065/31417 chunks (minecraft:overworld) | Speed: 0.0 ch/s
[23:53:01] [Server thread/INFO] (Chunk Preloader) Pregen Progress: 8065/31417 chunks (minecraft:overworld) | Speed: 0.0 ch/s
[23:53:02] [Server thread/INFO] (Chunk Preloader) Pregen Progress: 8065/31417 chunks (minecraft:overworld) | Speed: 0.0 ch/s
[23:53:03] [Server thread/INFO] (Chunk Preloader) Pregen Progress: 8065/31417 chunks (minecraft:overworld) | Speed: 0.0 ch/s
[23:53:04] [Server thread/INFO] (Chunk Preloader) Pregen Progress: 8065/31417 chunks (minecraft:overworld) | Speed: 0.0 ch/s
[23:53:05] [Server thread/INFO] (Chunk Preloader) Pregen Progress: 8065/31417 chunks (minecraft:overworld) | Speed: 0.0 ch/s
[23:53:06] [Server thread/INFO] (Chunk Preloader) Pregen Progress: 8065/31417 chunks (minecraft:overworld) | Speed: 0.0 ch/s
[23:53:07] [Server thread/INFO] (Chunk Preloader) Pregen Progress: 8065/31417 chunks (minecraft:overworld) | Speed: 0.0 ch/s
[23:53:08] [Server thread/INFO] (Chunk Preloader) Pregen Progress: 8065/31417 chunks (minecraft:overworld) | Speed: 0.0 ch/s
[23:53:09] [Server thread/INFO] (Chunk Preloader) Pregen Progress: 8065/31417 chunks (minecraft:overworld) | Speed: 0.0 ch/s
[23:53:10] [Server thread/INFO] (Chunk Preloader) Pregen Progress: 8065/31417 chunks (minecraft:overworld) | Speed: 0.0 ch/s
[23:53:11] [Server thread/INFO] (Chunk Preloader) Pregen Progress: 8065/31417 chunks (minecraft:overworld) | Speed: 0.0 ch/s
[23:53:12] [Server thread/INFO] (Chunk Preloader) Pregen Progress: 8065/31417 chunks (minecraft:overworld) | Speed: 0.0 ch/s
[23:53:13] [Server thread/INFO] (Chunk Preloader) Pregen Progress: 8065/31417 chunks (minecraft:overworld) | Speed: 0.0 ch/s
[23:53:14] [Server thread/INFO] (Chunk Preloader) Pregen Progress: 8065/31417 chunks (minecraft:overworld) | Speed: 0.0 ch/s
[23:53:15] [Server thread/INFO] (Chunk Preloader) Pregen Progress: 8065/31417 chunks (minecraft:overworld) | Speed: 0.0 ch/s
[23:53:16] [Server thread/INFO] (Chunk Preloader) Pregen Progress: 8065/31417 chunks (minecraft:overworld) | Speed: 0.0 ch/s
[23:53:17] [Server thread/INFO] (Chunk Preloader) Pregen Progress: 8065/31417 chunks (minecraft:overworld) | Speed: 0.0 ch/s
[23:53:18] [Server thread/INFO] (Chunk Preloader) Pregen Progress: 8065/31417 chunks (minecraft:overworld) | Speed: 0.0 ch/s
[23:53:19] [Server thread/INFO] (Chunk Preloader) Pregen Progress: 8065/31417 chunks (minecraft:overworld) | Speed: 0.0 ch/s
[23:53:20] [Server thread/INFO] (Chunk Preloader) Pregen Progress: 8065/31417 chunks (minecraft:overworld) | Speed: 0.0 ch/s
[23:53:21] [Server thread/INFO] (Chunk Preloader) Pregen Progress: 8065/31417 chunks (minecraft:overworld) | Speed: 0.0 ch/s
[23:53:22] [Server thread/INFO] (Chunk Preloader) Pregen Progress: 8065/31417 chunks (minecraft:overworld) | Speed: 0.0 ch/s
[23:53:23] [Server thread/INFO] (Chunk Preloader) Pregen Progress: 8065/31417 chunks (minecraft:overworld) | Speed: 0.0 ch/s
[23:53:25] [Server thread/INFO] (Chunk Preloader) Pregen Progress: 8065/31417 chunks (minecraft:overworld) | Speed: 0.0 ch/s
[23:53:26] [Server thread/INFO] (Chunk Preloader) Pregen Progress: 8065/31417 chunks (minecraft:overworld) | Speed: 0.0 ch/s
[23:53:27] [Server thread/INFO] (Chunk Preloader) Pregen Progress: 8065/31417 chunks (minecraft:overworld) | Speed: 0.0 ch/s
[23:53:28] [Server thread/INFO] (Chunk Preloader) Pregen Progress: 8065/31417 chunks (minecraft:overworld) | Speed: 0.0 ch/s
[23:53:29] [Server thread/INFO] (Chunk Preloader) Pregen Progress: 8065/31417 chunks (minecraft:overworld) | Speed: 0.0 ch/s
[23:53:30] [Server thread/INFO] (Chunk Preloader) Pregen Progress: 8065/31417 chunks (minecraft:overworld) | Speed: 0.0 ch/s
[23:53:31] [Server thread/INFO] (Chunk Preloader) Pregen Progress: 8065/31417 chunks (minecraft:overworld) | Speed: 0.0 ch/s
[23:53:32] [Server thread/INFO] (Chunk Preloader) Pregen Progress: 8065/31417 chunks (minecraft:overworld) | Speed: 0.0 ch/s
[23:53:33] [Server thread/INFO] (Chunk Preloader) Pregen Progress: 8065/31417 chunks (minecraft:overworld) | Speed: 0.0 ch/s
[23:53:34] [Server thread/INFO] (Chunk Preloader) Pregen Progress: 8065/31417 chunks (minecraft:overworld) | Speed: 0.0 ch/s
[23:53:35] [Server thread/INFO] (Chunk Preloader) Pregen Progress: 8065/31417 chunks (minecraft:overworld) | Speed: 0.0 ch/s
[23:53:36] [Server thread/INFO] (Chunk Preloader) Pregen Progress: 8065/31417 chunks (minecraft:overworld) | Speed: 0.0 ch/s
[23:53:37] [Server thread/INFO] (Chunk Preloader) Pregen Progress: 8065/31417 chunks (minecraft:overworld) | Speed: 0.0 ch/s
[23:53:38] [Server thread/INFO] (Chunk Preloader) Pregen Progress: 8065/31417 chunks (minecraft:overworld) | Speed: 0.0 ch/s
[23:53:39] [Server thread/INFO] (Chunk Preloader) Pregen Progress: 8065/31417 chunks (minecraft:overworld) | Speed: 0.0 ch/s
[23:53:40] [Server thread/INFO] (Chunk Preloader) Pregen Progress: 8065/31417 chunks (minecraft:overworld) | Speed: 0.0 ch/s
[23:53:41] [Server thread/INFO] (Chunk Preloader) Pregen Progress: 8065/31417 chunks (minecraft:overworld) | Speed: 0.0 ch/s
[23:53:42] [Server thread/INFO] (Chunk Preloader) Pregen Progress: 8065/31417 chunks (minecraft:overworld) | Speed: 0.0 ch/s
[23:53:43] [Server thread/INFO] (Chunk Preloader) Pregen Progress: 8065/31417 chunks (minecraft:overworld) | Speed: 0.0 ch/s
[23:53:44] [Server thread/INFO] (Chunk Preloader) Pregen Progress: 8065/31417 chunks (minecraft:overworld) | Speed: 0.0 ch/s
[23:53:45] [Server thread/INFO] (Chunk Preloader) Pregen Progress: 8065/31417 chunks (minecraft:overworld) | Speed: 0.0 ch/s
[23:53:46] [Server thread/INFO] (Chunk Preloader) Pregen Progress: 8065/31417 chunks (minecraft:overworld) | Speed: 0.0 ch/s
[23:53:47] [Server thread/INFO] (Chunk Preloader) Pregen Progress: 8065/31417 chunks (minecraft:overworld) | Speed: 0.0 ch/s
[23:53:48] [Server thread/INFO] (Chunk Preloader) Pregen Progress: 8065/31417 chunks (minecraft:overworld) | Speed: 0.0 ch/s
[23:53:49] [Server thread/INFO] (Chunk Preloader) Pregen Progress: 8065/31417 chunks (minecraft:overworld) | Speed: 0.0 ch/s
[23:53:50] [Server thread/INFO] (Chunk Preloader) Pregen Progress: 8065/31417 chunks (minecraft:overworld) | Speed: 0.0 ch/s
[23:53:51] [Server thread/INFO] (Chunk Preloader) Pregen Progress: 8065/31417 chunks (minecraft:overworld) | Speed: 0.0 ch/s
[23:53:52] [Server thread/INFO] (Chunk Preloader) Pregen Progress: 8065/31417 chunks (minecraft:overworld) | Speed: 0.0 ch/s
[23:53:53] [Server thread/INFO] (Chunk Preloader) Pregen Progress: 8065/31417 chunks (minecraft:overworld) | Speed: 0.0 ch/s
[23:53:54] [Server thread/INFO] (Chunk Preloader) Pregen Progress: 8065/31417 chunks (minecraft:overworld) | Speed: 0.0 ch/s
[23:53:56] [Server thread/INFO] (Chunk Preloader) Pregen Progress: 8065/31417 chunks (minecraft:overworld) | Speed: 0.0 ch/s
[23:53:57] [Server thread/INFO] (Chunk Preloader) Pregen Progress: 8065/31417 chunks (minecraft:overworld) | Speed: 0.0 ch/s
[23:53:58] [Server thread/INFO] (Chunk Preloader) Pregen Progress: 8065/31417 chunks (minecraft:overworld) | Speed: 0.0 ch/s
[23:53:59] [Server thread/INFO] (Chunk Preloader) Pregen Progress: 8065/31417 chunks (minecraft:overworld) | Speed: 0.0 ch/s
[23:54:00] [Server thread/INFO] (Chunk Preloader) Pregen Progress: 8065/31417 chunks (minecraft:overworld) | Speed: 0.0 ch/s
[23:54:00] [Server thread/INFO] (net.minecraft.server.MinecraftServer) Player742 fell from a high place
[23:54:00] [Render thread/INFO] (net.minecraft.client.gui.components.ChatComponent) [System] [CHAT] Player742 fell from a high place
[23:54:01] [Server thread/INFO] (Chunk Preloader) Pregen Progress: 8065/31417 chunks (minecraft:overworld) | Speed: 0.0 ch/s
[23:54:02] [Server thread/INFO] (Chunk Preloader) Pregen Progress: 8065/31417 chunks (minecraft:overworld) | Speed: 0.0 ch/s
[23:54:03] [Server thread/INFO] (Chunk Preloader) Pregen Progress: 8065/31417 chunks (minecraft:overworld) | Speed: 0.0 ch/s
[23:54:04] [Server thread/INFO] (Chunk Preloader) Pregen Progress: 8065/31417 chunks (minecraft:overworld) | Speed: 0.0 ch/s
[23:54:05] [Server thread/INFO] (Chunk Preloader) Pregen Progress: 8065/31417 chunks (minecraft:overworld) | Speed: 0.0 ch/s
[23:54:06] [Server thread/INFO] (Chunk Preloader) Pregen Progress: 8065/31417 chunks (minecraft:overworld) | Speed: 0.0 ch/s
[23:54:07] [Server thread/INFO] (Chunk Preloader) Pregen Progress: 8065/31417 chunks (minecraft:overworld) | Speed: 0.0 ch/s
[23:54:08] [Server thread/INFO] (Chunk Preloader) Pregen Progress: 8065/31417 chunks (minecraft:overworld) | Speed: 0.0 ch/s
[23:54:09] [Server thread/INFO] (Chunk Preloader) Pregen Progress: 8065/31417 chunks (minecraft:overworld) | Speed: 0.0 ch/s
[23:54:10] [Server thread/INFO] (Chunk Preloader) Pregen Progress: 8065/31417 chunks (minecraft:overworld) | Speed: 0.0 ch/s
[23:54:11] [Server thread/INFO] (Chunk Preloader) Pregen Progress: 8065/31417 chunks (minecraft:overworld) | Speed: 0.0 ch/s
[23:54:12] [Server thread/INFO] (Chunk Preloader) Pregen Progress: 8065/31417 chunks (minecraft:overworld) | Speed: 0.0 ch/s
[23:54:13] [Server thread/INFO] (Chunk Preloader) Pregen Progress: 8065/31417 chunks (minecraft:overworld) | Speed: 0.0 ch/s
[23:54:14] [Server thread/INFO] (Chunk Preloader) Pregen Progress: 8065/31417 chunks (minecraft:overworld) | Speed: 0.0 ch/s
[23:54:15] [Server thread/INFO] (Chunk Preloader) Pregen Progress: 8065/31417 chunks (minecraft:overworld) | Speed: 0.0 ch/s
[23:54:16] [Server thread/INFO] (Chunk Preloader) Pregen Progress: 8065/31417 chunks (minecraft:overworld) | Speed: 0.0 ch/s
[23:54:17] [Server thread/INFO] (Chunk Preloader) Pregen Progress: 8065/31417 chunks (minecraft:overworld) | Speed: 0.0 ch/s
[23:54:18] [Server thread/INFO] (Chunk Preloader) Pregen Progress: 8065/31417 chunks (minecraft:overworld) | Speed: 0.0 ch/s
[23:54:19] [Server thread/INFO] (Chunk Preloader) Pregen Progress: 8065/31417 chunks (minecraft:overworld) | Speed: 0.0 ch/s
[23:54:20] [Server thread/INFO] (Chunk Preloader) Pregen Progress: 8065/31417 chunks (minecraft:overworld) | Speed: 0.0 ch/s
[23:54:21] [Server thread/INFO] (Chunk Preloader) Pregen Progress: 8065/31417 chunks (minecraft:overworld) | Speed: 0.0 ch/s
[23:54:22] [Server thread/INFO] (Chunk Preloader) Pregen Progress: 8065/31417 chunks (minecraft:overworld) | Speed: 0.0 ch/s
[23:54:23] [Server thread/INFO] (Chunk Preloader) Pregen Progress: 8065/31417 chunks (minecraft:overworld) | Speed: 0.0 ch/s
[23:54:24] [Server thread/INFO] (Chunk Preloader) Pregen Progress: 8065/31417 chunks (minecraft:overworld) | Speed: 0.0 ch/s
[23:54:25] [Server thread/INFO] (Chunk Preloader) Pregen Progress: 8065/31417 chunks (minecraft:overworld) | Speed: 0.0 ch/s
[23:54:26] [Server thread/INFO] (Chunk Preloader) Pregen Progress: 8065/31417 chunks (minecraft:overworld) | Speed: 0.0 ch/s
[23:54:27] [Server thread/INFO] (Chunk Preloader) Pregen Progress: 8065/31417 chunks (minecraft:overworld) | Speed: 0.0 ch/s
[23:54:28] [Server thread/INFO] (Chunk Preloader) Pregen Progress: 8065/31417 chunks (minecraft:overworld) | Speed: 0.0 ch/s
[23:54:30] [Server thread/INFO] (Chunk Preloader) Pregen Progress: 8065/31417 chunks (minecraft:overworld) | Speed: 0.0 ch/s
[23:54:31] [Server thread/INFO] (Chunk Preloader) Pregen Progress: 8065/31417 chunks (minecraft:overworld) | Speed: 0.0 ch/s
[23:54:32] [Server thread/INFO] (Chunk Preloader) Pregen Progress: 8065/31417 chunks (minecraft:overworld) | Speed: 0.0 ch/s
[23:54:33] [Server thread/INFO] (Chunk Preloader) Pregen Progress: 8065/31417 chunks (minecraft:overworld) | Speed: 0.0 ch/s
[23:54:34] [Server thread/INFO] (Chunk Preloader) Pregen Progress: 8065/31417 chunks (minecraft:overworld) | Speed: 0.0 ch/s
[23:54:35] [Server thread/INFO] (Chunk Preloader) Pregen Progress: 8065/31417 chunks (minecraft:overworld) | Speed: 0.0 ch/s
[23:54:36] [Server thread/INFO] (Chunk Preloader) Pregen Progress: 8065/31417 chunks (minecraft:overworld) | Speed: 0.0 ch/s
[23:54:37] [Server thread/INFO] (Chunk Preloader) Pregen Progress: 8065/31417 chunks (minecraft:overworld) | Speed: 0.0 ch/s
[23:54:38] [Server thread/INFO] (Chunk Preloader) Pregen Progress: 8065/31417 chunks (minecraft:overworld) | Speed: 0.0 ch/s
[23:54:39] [Server thread/INFO] (Chunk Preloader) Pregen Progress: 8065/31417 chunks (minecraft:overworld) | Speed: 0.0 ch/s
[23:54:40] [Server thread/INFO] (Chunk Preloader) Pregen Progress: 8065/31417 chunks (minecraft:overworld) | Speed: 0.0 ch/s
[23:54:41] [Server thread/INFO] (Chunk Preloader) Pregen Progress: 8065/31417 chunks (minecraft:overworld) | Speed: 0.0 ch/s
[23:54:42] [Server thread/INFO] (net.minecraft.server.MinecraftServer) Player742 fell from a high place
[23:54:42] [Render thread/INFO] (net.minecraft.client.gui.components.ChatComponent) [System] [CHAT] Player742 fell from a high place
[23:54:42] [Server thread/INFO] (Chunk Preloader) Pregen Progress: 8065/31417 chunks (minecraft:overworld) | Speed: 0.0 ch/s
[23:54:43] [Server thread/INFO] (Chunk Preloader) Pregen Progress: 8065/31417 chunks (minecraft:overworld) | Speed: 0.0 ch/s
[23:54:44] [Server thread/INFO] (Chunk Preloader) Pregen Progress: 8065/31417 chunks (minecraft:overworld) | Speed: 0.0 ch/s
[23:54:45] [Server thread/INFO] (net.minecraft.client.server.IntegratedServer) Saving and pausing game...
[23:54:45] [Server thread/INFO] (net.minecraft.server.MinecraftServer) Saving chunks for level 'ServerLevel[New World]'/minecraft:overworld
[23:54:45] [Server thread/INFO] (net.minecraft.server.MinecraftServer) Saving chunks for level 'ServerLevel[New World]'/minecraft:the_nether
[23:54:45] [Server thread/INFO] (net.minecraft.server.MinecraftServer) Saving chunks for level 'ServerLevel[New World]'/minecraft:the_end
[23:54:45] [Server thread/INFO] (net.minecraft.server.network.ServerGamePacketListenerImpl) Player742 lost connection: Disconnected
[23:54:45] [Server thread/INFO] (net.minecraft.server.MinecraftServer) Player742 left the game
[23:54:45] [Server thread/INFO] (net.minecraft.server.network.ServerCommonPacketListenerImpl) Stopping singleplayer server as player logged out
[23:54:45] [Server thread/INFO] (net.minecraft.server.MinecraftServer) Stopping server
[23:54:45] [Server thread/INFO] (net.minecraft.server.MinecraftServer) Saving players
[23:54:45] [Server thread/INFO] (net.minecraft.server.MinecraftServer) Saving worlds
[23:54:46] [Server thread/INFO] (net.minecraft.server.MinecraftServer) Saving chunks for level 'ServerLevel[New World]'/minecraft:overworld
[23:54:47] [Server thread/INFO] (net.minecraft.server.MinecraftServer) Saving chunks for level 'ServerLevel[New World]'/minecraft:the_nether
[23:54:47] [Server thread/INFO] (net.minecraft.server.MinecraftServer) Saving chunks for level 'ServerLevel[New World]'/minecraft:the_end
[23:54:47] [Server thread/INFO] (net.minecraft.server.MinecraftServer) ThreadedAnvilChunkStorage (world): All chunks are saved
[23:54:47] [Server thread/INFO] (net.minecraft.server.MinecraftServer) ThreadedAnvilChunkStorage (DIM-1): All chunks are saved
[23:54:47] [Server thread/INFO] (net.minecraft.server.MinecraftServer) ThreadedAnvilChunkStorage (DIM1): All chunks are saved
[23:54:47] [Server thread/INFO] (net.minecraft.server.MinecraftServer) ThreadedAnvilChunkStorage: All dimensions are saved
[23:54:48] [Render thread/INFO] (net.minecraft.client.Minecraft) Stopping!
