[20:53:04] [main/INFO] (FabricLoader/GameProvider) Loading Minecraft 26.2 with Fabric Loader 0.19.5
[20:53:04] [main/INFO] (FabricLoader/Mappings) Mappings not present!
[20:53:04] [main/INFO] (FabricLoader) Loading 53 mods:
	- chunkpreload 1.0.0
	- cloth-basic-math 0.6.1
	- cloth-config 26.2.155
	- fabric-api 0.160.0+26.2
	- fabric-api-base 2.0.4+ece063239e
	- fabric-api-lookup-api-v1 2.0.18+11e1c9a39e
	- fabric-biome-api-v1 18.0.6+c7bd5b8e9e
	- fabric-block-api-v1 3.1.0+53515aab9e
	- fabric-block-getter-api-v2 2.0.7+ec56b6019e
	- fabric-client-gametest-api-v1 6.0.2+0f4f1dca9e
	- fabric-command-api-v2 3.1.0+00cb03469e
	- fabric-content-registries-v0 11.3.2+37b1aa249e
	- fabric-convention-tags-v2 4.7.1+1f023a9e9e
	- fabric-crash-report-info-v1 1.0.5+086d547a9e
	- fabric-creative-tab-api-v1 5.0.15+6468574f9e
	- fabric-data-attachment-api-v1 2.2.19+515ac5339e
	- fabric-data-generation-api-v1 25.6.0+c0da0b829e
	- fabric-debug-api-v1 1.0.2+c792624d9e
	- fabric-dimensions-v1 5.1.12+515ac5339e
	- fabric-entity-events-v1 5.0.5+06488ac19e
	- fabric-events-interaction-v0 5.2.8+515ac5339e
	- fabric-game-rule-api-v1 4.0.8+46a6d00c9e
	- fabric-gametest-api-v1 4.0.22+4a7fa0819e
	- fabric-item-api-v1 14.5.0+c68f6cbe9e
	- fabric-key-mapping-api-v1 2.0.5+e2bdee789e
	- fabric-lifecycle-events-v1 4.1.4+29b6eb019e
	- fabric-loot-api-v3 3.0.17+06488ac19e
	- fabric-menu-api-v1 2.0.17+086d547a9e
	- fabric-message-api-v1 7.0.8+bb2ed3f79e
	- fabric-model-loading-api-v1 8.0.17+c80601bb9e
	- fabric-networking-api-v1 6.3.4+2989c6a09e
	- fabric-object-builder-api-v1 24.1.1+6fcd5f039e
	- fabric-particles-v1 5.0.19+d1756aa99e
	- fabric-permission-api-v1 1.0.5+e442d8d09e
	- fabric-recipe-api-v1 9.0.22+11e1c9a39e
	- fabric-registry-sync-v0 7.1.1+c7bd5b8e9e
	- fabric-renderer-api-v1 14.1.4+2b0d8a229e
	- fabric-renderer-indigo 9.1.4+2b0d8a229e
	- fabric-rendering-fluids-v1 6.0.4+06488ac19e
	- fabric-rendering-v1 25.3.3+515ac5339e
	- fabric-resource-conditions-api-v1 6.1.0+10e9a28b9e
	- fabric-resource-loader-v0 3.3.20+4fc5413f9e
	- fabric-resource-loader-v1 2.0.13+9edec1269e
	- fabric-screen-api-v1 5.2.1+5087f8249e
	- fabric-serialization-api-v1 2.0.4+11a26f319e
	- fabric-sound-api-v1 2.0.5+11a26f319e
	- fabric-tag-api-v1 2.1.4+515ac5339e
	- fabric-transfer-api-v1 8.0.13+11dbb7d79e
	- fabric-transitive-access-wideners-v1 8.1.4+67c847259e
	- fabricloader 0.19.5
	- java 25
	- minecraft 26.2
	- mixinextras 0.5.5
[20:53:04] [main/INFO] (FabricLoader/Mixin) SpongePowered MIXIN Subsystem Version=0.8.7 Source=file:/C:/Users/arunm/.gradle/caches/modules-2/files-2.1/net.fabricmc/sponge-mixin/0.17.4+mixin.0.8.7/5f66cc9f59b8efaa942155a3d5a30599bf6640dd/sponge-mixin-0.17.4+mixin.0.8.7.jar Service=Knot/Fabric Env=CLIENT
[20:53:06] [main/INFO] (FabricLoader/MixinExtras|Service) Initializing MixinExtras via com.llamalad7.mixinextras.service.MixinExtrasServiceImpl(version=0.5.5).
[20:53:07] [Datafixer Bootstrap #0/INFO] (Minecraft) 295 Datafixer optimizations took 380 milliseconds
[20:53:13] [Render thread/INFO] (Minecraft) Environment: Environment[sessionHost=https://sessionserver.mojang.com, servicesHost=https://api.minecraftservices.com, profilesHost=https://api.mojang.com, name=PROD]
[20:53:13] [Render thread/INFO] (Minecraft) Setting user: Player915
[20:53:13] [Render thread/INFO] (Chunk Preloader) Chunk Preloader configured for a 100-chunk CIRCLE (31417 chunks total)
[20:53:14] [Download-2/ERROR] (Minecraft) Failed to fetch user properties
com.mojang.authlib.exceptions.InvalidCredentialsException: Status: 401
	at knot//com.mojang.authlib.exceptions.MinecraftClientHttpException.toAuthenticationException(MinecraftClientHttpException.java:70)
	at knot//com.mojang.authlib.yggdrasil.YggdrasilUserApiService.fetchProperties(YggdrasilUserApiService.java:173)
	at knot//net.minecraft.client.Minecraft.lambda$new$1(Minecraft.java:438)
	at java.base/java.util.concurrent.CompletableFuture$AsyncSupply.run(Unknown Source)
	at java.base/java.util.concurrent.ThreadPoolExecutor.runWorker(Unknown Source)
	at java.base/java.util.concurrent.ThreadPoolExecutor$Worker.run(Unknown Source)
	at java.base/java.lang.Thread.run(Unknown Source)
Caused by: MinecraftClientHttpException[type=HTTP_ERROR, status=401, response=ErrorResponse[path=/player/attributes, error=null, errorMessage=null, details=null]]
	at knot//com.mojang.authlib.minecraft.client.MinecraftClient.buildHttpException(MinecraftClient.java:170)
	at knot//com.mojang.authlib.minecraft.client.MinecraftClient.readServiceResponse(MinecraftClient.java:147)
	at knot//com.mojang.authlib.minecraft.client.MinecraftClient.getWithEtag(MinecraftClient.java:81)
	at knot//com.mojang.authlib.minecraft.client.MinecraftClient.get(MinecraftClient.java:65)
	at knot//com.mojang.authlib.yggdrasil.YggdrasilUserApiService.fetchProperties(YggdrasilUserApiService.java:123)
	... 5 more
[20:53:14] [Render thread/INFO] (Indigo) [Indigo] Registering Indigo renderer!
[20:53:14] [Render thread/INFO] (Minecraft) Backend library: LWJGL version 3.4.1-snapshot
[20:53:15] [Render thread/INFO] (Minecraft) Using graphics backend OpenGL, using drivers: 3.3.0 Core Profile Context 26.8.1.260810
[20:53:15] [Render thread/INFO] (Minecraft) Using graphics device: AMD Radeon 740M Graphics (ATI Technologies Inc.)
[20:53:15] [Render thread/INFO] (Minecraft) Using graphics device extensions: GL_ARB_multi_draw_indirect, GL_ARB_buffer_storage, GL_ARB_shader_draw_parameters, GL_ARB_base_instance, GL_KHR_debug, GL_ARB_draw_indirect, GL_ARB_clip_control, GL_ARB_vertex_attrib_binding, GL_ARB_direct_state_access, GL_EXT_texture_filter_anisotropic
[20:53:16] [Download-2/INFO] (Minecraft) Could not authorize you against Realms server: java.lang.RuntimeException: Failed to parse into SignedJWT: FabricMC
[20:53:16] [Download-2/ERROR] (Minecraft) Failed to fetch Realms feature flags
com.mojang.realmsclient.exception.RealmsServiceException: Realms authentication error with message 'java.lang.RuntimeException: Failed to parse into SignedJWT: FabricMC'
	at knot//com.mojang.realmsclient.client.RealmsClient.execute(RealmsClient.java:528)
	at knot//com.mojang.realmsclient.client.RealmsClient.fetchFeatureFlags(RealmsClient.java:187)
	at java.base/java.util.concurrent.CompletableFuture$AsyncSupply.run(Unknown Source)
	at java.base/java.util.concurrent.ThreadPoolExecutor.runWorker(Unknown Source)
	at java.base/java.util.concurrent.ThreadPoolExecutor$Worker.run(Unknown Source)
	at java.base/java.lang.Thread.run(Unknown Source)
[20:53:16] [Render thread/INFO] (Minecraft) Reloading ResourceManager: vanilla, chunkpreload, cloth-config, fabric-api, fabric-api-base, fabric-api-lookup-api-v1, fabric-biome-api-v1, fabric-block-api-v1, fabric-block-getter-api-v2, fabric-client-gametest-api-v1, fabric-command-api-v2, fabric-content-registries-v0, fabric-convention-tags-v2, fabric-crash-report-info-v1, fabric-creative-tab-api-v1, fabric-data-attachment-api-v1, fabric-data-generation-api-v1, fabric-debug-api-v1, fabric-dimensions-v1, fabric-entity-events-v1, fabric-events-interaction-v0, fabric-game-rule-api-v1, fabric-gametest-api-v1, fabric-item-api-v1, fabric-key-mapping-api-v1, fabric-lifecycle-events-v1, fabric-loot-api-v3, fabric-menu-api-v1, fabric-message-api-v1, fabric-model-loading-api-v1, fabric-networking-api-v1, fabric-object-builder-api-v1, fabric-particles-v1, fabric-permission-api-v1, fabric-recipe-api-v1, fabric-registry-sync-v0, fabric-renderer-api-v1, fabric-renderer-indigo, fabric-rendering-fluids-v1, fabric-rendering-v1, fabric-resource-conditions-api-v1, fabric-resource-loader-v0, fabric-resource-loader-v1, fabric-screen-api-v1, fabric-serialization-api-v1, fabric-sound-api-v1, fabric-tag-api-v1, fabric-transfer-api-v1, fabric-transitive-access-wideners-v1, fabricloader
[20:53:16] [Worker-Main-2/INFO] (Minecraft) Found unifont_all_no_pua-17.0.01.hex, loading
[20:53:16] [Worker-Main-11/INFO] (Minecraft) Found unifont_pua-17.0.01.hex, loading
[20:53:17] [Worker-Main-3/INFO] (Minecraft) Found unifont_jp_patch-17.0.01.hex, loading
[20:53:18] [Render thread/INFO] (Minecraft) OpenAL initialized on device OpenAL Soft on Headphones (WH304B)
[20:53:18] [Render thread/INFO] (Minecraft) Sound engine started
[20:53:18] [Render thread/INFO] (Minecraft) Created: 512x256x0 minecraft:textures/atlas/particles.png-atlas
[20:53:18] [Render thread/INFO] (Minecraft) Created: 128x128x0 minecraft:textures/atlas/decorated_pot.png-atlas
[20:53:18] [Render thread/INFO] (Minecraft) Created: 2048x1024x0 minecraft:textures/atlas/armor_trims.png-atlas
[20:53:18] [Render thread/INFO] (Minecraft) Created: 512x256x0 minecraft:textures/atlas/paintings.png-atlas
[20:53:18] [Render thread/INFO] (Minecraft) Created: 1024x512x0 minecraft:textures/atlas/shield_patterns.png-atlas
[20:53:18] [Render thread/INFO] (Minecraft) Created: 2048x2048x4 minecraft:textures/atlas/blocks.png-atlas
[20:53:18] [Render thread/INFO] (Minecraft) Created: 512x512x0 minecraft:textures/atlas/chest.png-atlas
[20:53:18] [Render thread/INFO] (Minecraft) Created: 256x128x0 minecraft:textures/atlas/celestials.png-atlas
[20:53:18] [Render thread/INFO] (Minecraft) Created: 1024x512x0 minecraft:textures/atlas/banner_patterns.png-atlas
[20:53:18] [Render thread/INFO] (Minecraft) Created: 1024x512x0 minecraft:textures/atlas/items.png-atlas
[20:53:18] [Render thread/INFO] (Minecraft) Created: 1024x1024x0 minecraft:textures/atlas/gui.png-atlas
[20:53:18] [Render thread/INFO] (Minecraft) Created: 128x64x0 minecraft:textures/atlas/map_decorations.png-atlas
[20:53:18] [Render thread/INFO] (Minecraft) Created: 512x512x0 minecraft:textures/atlas/shulker_boxes.png-atlas
[20:53:18] [Download-2/INFO] (Minecraft) Could not authorize you against Realms server: java.lang.RuntimeException: Failed to parse into SignedJWT: FabricMC
[20:53:18] [Download-2/ERROR] (Minecraft) Couldn't connect to realms
com.mojang.realmsclient.exception.RealmsServiceException: Realms authentication error with message 'java.lang.RuntimeException: Failed to parse into SignedJWT: FabricMC'
	at knot//com.mojang.realmsclient.client.RealmsClient.execute(RealmsClient.java:528)
	at knot//com.mojang.realmsclient.client.RealmsClient.clientCompatible(RealmsClient.java:308)
	at knot//com.mojang.realmsclient.RealmsAvailability.lambda$check$0(RealmsAvailability.java:48)
	at java.base/java.util.concurrent.CompletableFuture$AsyncSupply.run(Unknown Source)
	at java.base/java.util.concurrent.ThreadPoolExecutor.runWorker(Unknown Source)
	at java.base/java.util.concurrent.ThreadPoolExecutor$Worker.run(Unknown Source)
	at java.base/java.lang.Thread.run(Unknown Source)
[20:55:35] [Render thread/INFO] (Minecraft) Loaded 1585 recipes
[20:55:35] [Render thread/INFO] (Minecraft) Loaded 1688 advancements
[20:55:37] [Render thread/INFO] (BiomeModificationImpl) Applied 0 biome modifications to 0 of 66 new biomes in 1.095 ms
[20:55:37] [Server thread/INFO] (Minecraft) Starting integrated minecraft server version 26.2
[20:55:37] [Server thread/INFO] (Minecraft) Generating keypair
[20:55:37] [Server thread/INFO] (Minecraft) Selecting global world spawn...
[20:55:39] [Server thread/INFO] (Minecraft) Loading 0 persistent chunks...
[20:55:39] [Server thread/INFO] (Minecraft) Preparing spawn area: 16%
[20:55:39] [Server thread/INFO] (Minecraft) Saving chunks for level 'ServerLevel[New World]'/minecraft:overworld
[20:55:39] [Server thread/INFO] (Minecraft) Saving chunks for level 'ServerLevel[New World]'/minecraft:the_nether
[20:55:39] [Server thread/INFO] (Minecraft) Saving chunks for level 'ServerLevel[New World]'/minecraft:the_end
[20:55:39] [Server thread/INFO] (Minecraft) ThreadedAnvilChunkStorage (world): All chunks are saved
[20:55:39] [Server thread/INFO] (Minecraft) ThreadedAnvilChunkStorage (DIM-1): All chunks are saved
[20:55:39] [Server thread/INFO] (Minecraft) ThreadedAnvilChunkStorage (DIM1): All chunks are saved
[20:55:39] [Server thread/INFO] (Minecraft) ThreadedAnvilChunkStorage: All dimensions are saved
[20:55:40] [Server thread/INFO] (Minecraft) Loading 47 chunks for player spawn...
[20:55:40] [Server thread/INFO] (Minecraft) Preparing spawn area: 16%
[20:55:40] [Server thread/INFO] (Minecraft) Preparing spawn area: 16%
[20:55:40] [Server thread/INFO] (Minecraft) Preparing spawn area: 16%
[20:55:40] [Server thread/INFO] (Minecraft) Preparing spawn area: 16%
[20:55:40] [Server thread/INFO] (Minecraft) Preparing spawn area: 16%
[20:55:40] [Server thread/INFO] (Minecraft) Preparing spawn area: 16%
[20:55:41] [Server thread/INFO] (Minecraft) Preparing spawn area: 29%
[20:55:41] [Server thread/INFO] (Minecraft) Preparing spawn area: 29%
[20:55:42] [Server thread/INFO] (Minecraft) Preparing spawn area: 57%
[20:55:42] [Server thread/INFO] (Minecraft) Time elapsed: 4842 ms
[20:55:42] [Server thread/INFO] (Minecraft) Player915[local:E:247f3480] logged in with entity id 17 at (-40.5, 73.0, 52.5)
[20:55:42] [Server thread/INFO] (Chunk Preloader) Chunk Preloader configured for a 100-chunk CIRCLE (31417 chunks total)
[20:55:42] [Server thread/INFO] (Chunk Preloader) Starting chunk preload: 31417 chunks in minecraft:overworld around (-3, 3)
[20:55:42] [Server thread/INFO] (Minecraft) Player915 joined the game
[20:55:42] [Server thread/INFO] (Chunk Preloader) Pregen Progress: 0/31417 chunks (minecraft:overworld) | Speed: 0.0 ch/s
[20:55:42] [Server thread/INFO] (Minecraft) Changing view distance to 16, from 10
[20:55:42] [Server thread/INFO] (Minecraft) Changing simulation distance to 12, from 0
[20:55:42] [Render thread/INFO] (Minecraft) Loaded 2 advancements
[20:55:43] [Render thread/INFO] (Minecraft) Resizing Dynamic Transforms UBO, capacity limit of 2 reached during a single frame. New capacity will be 4.
[20:55:43] [Download-3/ERROR] (Minecraft) Failed to retrieve profile key pair
MinecraftClientHttpException[type=HTTP_ERROR, status=401, response=ErrorResponse[path=/player/certificates, error=null, errorMessage=null, details=null]]
	at knot//com.mojang.authlib.minecraft.client.MinecraftClient.buildHttpException(MinecraftClient.java:170)
	at knot//com.mojang.authlib.minecraft.client.MinecraftClient.readServiceResponse(MinecraftClient.java:147)
	at knot//com.mojang.authlib.minecraft.client.MinecraftClient.post(MinecraftClient.java:89)
	at knot//com.mojang.authlib.yggdrasil.YggdrasilUserApiService.getKeyPair(YggdrasilUserApiService.java:62)
	at knot//net.minecraft.client.multiplayer.AccountProfileKeyPairManager.fetchProfileKeyPair(AccountProfileKeyPairManager.java:128)
	at knot//net.minecraft.client.multiplayer.AccountProfileKeyPairManager.lambda$readOrFetchProfileKeyPair$0(AccountProfileKeyPairManager.java:77)
	at java.base/java.util.concurrent.CompletableFuture$AsyncSupply.run(Unknown Source)
	at java.base/java.util.concurrent.ThreadPoolExecutor.runWorker(Unknown Source)
	at java.base/java.util.concurrent.ThreadPoolExecutor$Worker.run(Unknown Source)
	at java.base/java.lang.Thread.run(Unknown Source)
[20:55:43] [Render thread/INFO] (Minecraft) Resizing Dynamic Transforms UBO, capacity limit of 4 reached during a single frame. New capacity will be 8.
[20:55:43] [Render thread/INFO] (Minecraft) Resizing Dynamic Transforms UBO, capacity limit of 8 reached during a single frame. New capacity will be 16.
[20:55:43] [Render thread/INFO] (Minecraft) Resizing Chunk Sections UBO, capacity limit of 2 reached during a single frame. New capacity will be 8.
[20:55:43] [Render thread/INFO] (Minecraft) Resizing Chunk Sections UBO, capacity limit of 8 reached during a single frame. New capacity will be 16.
[20:55:43] [Render thread/INFO] (Minecraft) Resizing Chunk Sections UBO, capacity limit of 16 reached during a single frame. New capacity will be 32.
[20:55:45] [Render thread/INFO] (Minecraft) Resizing Chunk Sections UBO, capacity limit of 32 reached during a single frame. New capacity will be 64.
[20:55:46] [Render thread/INFO] (Minecraft) Resizing Chunk Sections UBO, capacity limit of 64 reached during a single frame. New capacity will be 128.
[20:55:46] [Server thread/WARN] (Minecraft) Can't keep up! Is the server overloaded? Running 3685ms or 73 ticks behind
[20:55:48] [Server thread/INFO] (Minecraft) Saving and pausing game...
[20:55:48] [Server thread/INFO] (Minecraft) Saving chunks for level 'ServerLevel[New World]'/minecraft:overworld
[20:55:48] [Server thread/INFO] (Minecraft) Saving chunks for level 'ServerLevel[New World]'/minecraft:the_nether
[20:55:48] [Server thread/INFO] (Minecraft) Saving chunks for level 'ServerLevel[New World]'/minecraft:the_end
[20:55:50] [Render thread/INFO] (Minecraft) Resizing Chunk Sections UBO, capacity limit of 128 reached during a single frame. New capacity will be 256.
[20:55:51] [Render thread/INFO] (Minecraft) Resizing Chunk Sections UBO, capacity limit of 256 reached during a single frame. New capacity will be 512.
[20:55:52] [Render thread/INFO] (Minecraft) Resizing Chunk Sections UBO, capacity limit of 512 reached during a single frame. New capacity will be 1024.
[20:56:13] [Server thread/INFO] (Chunk Preloader) Pregen Progress: 1105/31417 chunks (minecraft:overworld) | Speed: 79.4 ch/s
[20:56:23] [Render thread/INFO] (Minecraft) Resizing Chunk Sections UBO, capacity limit of 1024 reached during a single frame. New capacity will be 2048.
[20:56:43] [Server thread/INFO] (Chunk Preloader) Pregen Progress: 2177/31417 chunks (minecraft:overworld) | Speed: 30.7 ch/s
[20:56:45] [Render thread/INFO] (Minecraft) Loaded 41 advancements
[20:57:13] [Server thread/INFO] (Chunk Preloader) Pregen Progress: 2993/31417 chunks (minecraft:overworld) | Speed: 29.2 ch/s
[20:57:29] [Render thread/INFO] (Minecraft) Loaded 41 advancements
[20:57:32] [Render thread/INFO] (Minecraft) Loaded 44 advancements
[20:57:35] [Server thread/INFO] (Minecraft) Saving and pausing game...
[20:57:35] [Server thread/INFO] (Minecraft) Saving chunks for level 'ServerLevel[New World]'/minecraft:overworld
[20:57:36] [Server thread/INFO] (Minecraft) Saving chunks for level 'ServerLevel[New World]'/minecraft:the_nether
[20:57:36] [Server thread/INFO] (Minecraft) Saving chunks for level 'ServerLevel[New World]'/minecraft:the_end
[20:57:43] [Server thread/INFO] (Minecraft) Saving and pausing game...
[20:57:43] [Server thread/INFO] (Minecraft) Saving chunks for level 'ServerLevel[New World]'/minecraft:overworld
[20:57:43] [Server thread/INFO] (Minecraft) Saving chunks for level 'ServerLevel[New World]'/minecraft:the_nether
[20:57:43] [Server thread/INFO] (Minecraft) Saving chunks for level 'ServerLevel[New World]'/minecraft:the_end
[20:57:43] [Server thread/INFO] (Minecraft) Player915 lost connection: Disconnected
[20:57:43] [Server thread/INFO] (Minecraft) Player915 left the game
[20:57:43] [Server thread/INFO] (Minecraft) Stopping singleplayer server as player logged out
[20:57:44] [Server thread/INFO] (Minecraft) Stopping server
[20:57:44] [Server thread/INFO] (Minecraft) Saving players
[20:57:44] [Server thread/INFO] (Minecraft) Saving worlds
[20:57:44] [Server thread/ERROR] (Minecraft) Exception stopping the server
java.lang.StackOverflowError
	at java.base/java.lang.Throwable.addSuppressed(Unknown Source)
	at knot//net.minecraft.util.thread.BlockableEventLoop.doRunTask(BlockableEventLoop.java:172)
	at knot//net.minecraft.util.thread.ReentrantBlockableEventLoop.doRunTask(ReentrantBlockableEventLoop.java:23)
	at knot//net.minecraft.server.MinecraftServer.doRunTask(MinecraftServer.java:933)
	at knot//net.minecraft.server.MinecraftServer.doRunTask(MinecraftServer.java:195)
	at knot//net.minecraft.util.thread.BlockableEventLoop.execute(BlockableEventLoop.java:114)
	at knot//net.minecraft.util.thread.AbstractConsecutiveExecutor.registerForExecution(AbstractConsecutiveExecutor.java:90)
	at knot//net.minecraft.util.thread.AbstractConsecutiveExecutor.run(AbstractConsecutiveExecutor.java:63)
	at knot//net.minecraft.server.TickTask.run(TickTask.java:18)
	at knot//net.minecraft.util.thread.BlockableEventLoop.doRunTask(BlockableEventLoop.java:173)
	at knot//net.minecraft.util.thread.ReentrantBlockableEventLoop.doRunTask(ReentrantBlockableEventLoop.java:23)
	at knot//net.minecraft.server.MinecraftServer.doRunTask(MinecraftServer.java:933)
	at knot//net.minecraft.server.MinecraftServer.doRunTask(MinecraftServer.java:195)
	at knot//net.minecraft.util.thread.BlockableEventLoop.execute(BlockableEventLoop.java:114)
	at knot//net.minecraft.util.thread.AbstractConsecutiveExecutor.registerForExecution(AbstractConsecutiveExecutor.java:90)
	at knot//net.minecraft.util.thread.AbstractConsecutiveExecutor.run(AbstractConsecutiveExecutor.java:63)
	at knot//net.minecraft.server.TickTask.run(TickTask.java:18)
	at knot//net.minecraft.util.thread.BlockableEventLoop.doRunTask(BlockableEventLoop.java:173)
	at knot//net.minecraft.util.thread.ReentrantBlockableEventLoop.doRunTask(ReentrantBlockableEventLoop.java:23)
	at knot//net.minecraft.server.MinecraftServer.doRunTask(MinecraftServer.java:933)
	at knot//net.minecraft.server.MinecraftServer.doRunTask(MinecraftServer.java:195)
	at knot//net.minecraft.util.thread.BlockableEventLoop.execute(BlockableEventLoop.java:114)
	at knot//net.minecraft.util.thread.AbstractConsecutiveExecutor.registerForExecution(AbstractConsecutiveExecutor.java:90)
	at knot//net.minecraft.util.thread.AbstractConsecutiveExecutor.run(AbstractConsecutiveExecutor.java:63)
	at knot//net.minecraft.server.TickTask.run(TickTask.java:18)
	at knot//net.minecraft.util.thread.BlockableEventLoop.doRunTask(BlockableEventLoop.java:173)
	at knot//net.minecraft.util.thread.ReentrantBlockableEventLoop.doRunTask(ReentrantBlockableEventLoop.java:23)
	at knot//net.minecraft.server.MinecraftServer.doRunTask(MinecraftServer.java:933)
	at knot//net.minecraft.server.MinecraftServer.doRunTask(MinecraftServer.java:195)
	at knot//net.minecraft.util.thread.BlockableEventLoop.execute(BlockableEventLoop.java:114)
	at knot//net.minecraft.util.thread.AbstractConsecutiveExecutor.registerForExecution(AbstractConsecutiveExecutor.java:90)
	at knot//net.minecraft.util.thread.AbstractConsecutiveExecutor.run(AbstractConsecutiveExecutor.java:63)
	at knot//net.minecraft.server.TickTask.run(TickTask.java:18)
	at knot//net.minecraft.util.thread.BlockableEventLoop.doRunTask(BlockableEventLoop.java:173)
	at knot//net.minecraft.util.thread.ReentrantBlockableEventLoop.doRunTask(ReentrantBlockableEventLoop.java:23)
	at knot//net.minecraft.server.MinecraftServer.doRunTask(MinecraftServer.java:933)
	at knot//net.minecraft.server.MinecraftServer.doRunTask(MinecraftServer.java:195)
	at knot//net.minecraft.util.thread.BlockableEventLoop.execute(BlockableEventLoop.java:114)
	at knot//net.minecraft.util.thread.AbstractConsecutiveExecutor.registerForExecution(AbstractConsecutiveExecutor.java:90)
	at knot//net.minecraft.util.thread.AbstractConsecutiveExecutor.run(AbstractConsecutiveExecutor.java:63)
	at knot//net.minecraft.server.TickTask.run(TickTask.java:18)
	at knot//net.minecraft.util.thread.BlockableEventLoop.doRunTask(BlockableEventLoop.java:173)
	at knot//net.minecraft.util.thread.ReentrantBlockableEventLoop.doRunTask(ReentrantBlockableEventLoop.java:23)
	at knot//net.minecraft.server.MinecraftServer.doRunTask(MinecraftServer.java:933)
	at knot//net.minecraft.server.MinecraftServer.doRunTask(MinecraftServer.java:195)
	at knot//net.minecraft.util.thread.BlockableEventLoop.execute(BlockableEventLoop.java:114)
	at knot//net.minecraft.util.thread.AbstractConsecutiveExecutor.registerForExecution(AbstractConsecutiveExecutor.java:90)
	at knot//net.minecraft.util.thread.AbstractConsecutiveExecutor.run(AbstractConsecutiveExecutor.java:63)
	at knot//net.minecraft.server.TickTask.run(TickTask.java:18)
	at knot//net.minecraft.util.thread.BlockableEventLoop.doRunTask(BlockableEventLoop.java:173)
	at knot//net.minecraft.util.thread.ReentrantBlockableEventLoop.doRunTask(ReentrantBlockableEventLoop.java:23)
	at knot//net.minecraft.server.MinecraftServer.doRunTask(MinecraftServer.java:933)
	at knot//net.minecraft.server.MinecraftServer.doRunTask(MinecraftServer.java:195)
	at knot//net.minecraft.util.thread.BlockableEventLoop.execute(BlockableEventLoop.java:114)
	at knot//net.minecraft.util.thread.AbstractConsecutiveExecutor.registerForExecution(AbstractConsecutiveExecutor.java:90)
	at knot//net.minecraft.util.thread.AbstractConsecutiveExecutor.run(AbstractConsecutiveExecutor.java:63)
	at knot//net.minecraft.server.TickTask.run(TickTask.java:18)
	at knot//net.minecraft.util.thread.BlockableEventLoop.doRunTask(BlockableEventLoop.java:173)
	at knot//net.minecraft.util.thread.ReentrantBlockableEventLoop.doRunTask(ReentrantBlockableEventLoop.java:23)
	at knot//net.minecraft.server.MinecraftServer.doRunTask(MinecraftServer.java:933)
	at knot//net.minecraft.server.MinecraftServer.doRunTask(MinecraftServer.java:195)
	at knot//net.minecraft.util.thread.BlockableEventLoop.execute(BlockableEventLoop.java:114)
	at knot//net.minecraft.util.thread.AbstractConsecutiveExecutor.registerForExecution(AbstractConsecutiveExecutor.java:90)
	at knot//net.minecraft.util.thread.AbstractConsecutiveExecutor.run(AbstractConsecutiveExecutor.java:63)
	at knot//net.minecraft.server.TickTask.run(TickTask.java:18)
	at knot//net.minecraft.util.thread.BlockableEventLoop.doRunTask(BlockableEventLoop.java:173)
	at knot//net.minecraft.util.thread.ReentrantBlockableEventLoop.doRunTask(ReentrantBlockableEventLoop.java:23)
	at knot//net.minecraft.server.MinecraftServer.doRunTask(MinecraftServer.java:933)
	at knot//net.minecraft.server.MinecraftServer.doRunTask(MinecraftServer.java:195)
	at knot//net.minecraft.util.thread.BlockableEventLoop.execute(BlockableEventLoop.java:114)
	at knot//net.minecraft.util.thread.AbstractConsecutiveExecutor.registerForExecution(AbstractConsecutiveExecutor.java:90)
	at knot//net.minecraft.util.thread.AbstractConsecutiveExecutor.run(AbstractConsecutiveExecutor.java:63)
	at knot//net.minecraft.server.TickTask.run(TickTask.java:18)
	at knot//net.minecraft.util.thread.BlockableEventLoop.doRunTask(BlockableEventLoop.java:173)
	at knot//net.minecraft.util.thread.ReentrantBlockableEventLoop.doRunTask(ReentrantBlockableEventLoop.java:23)
	at knot//net.minecraft.server.MinecraftServer.doRunTask(MinecraftServer.java:933)
	at knot//net.minecraft.server.MinecraftServer.doRunTask(MinecraftServer.java:195)
	at knot//net.minecraft.util.thread.BlockableEventLoop.execute(BlockableEventLoop.java:114)
	at knot//net.minecraft.util.thread.AbstractConsecutiveExecutor.registerForExecution(AbstractConsecutiveExecutor.java:90)
	at knot//net.minecraft.util.thread.AbstractConsecutiveExecutor.run(AbstractConsecutiveExecutor.java:63)
	at knot//net.minecraft.server.TickTask.run(TickTask.java:18)
	at knot//net.minecraft.util.thread.BlockableEventLoop.doRunTask(BlockableEventLoop.java:173)
	at knot//net.minecraft.util.thread.ReentrantBlockableEventLoop.doRunTask(ReentrantBlockableEventLoop.java:23)
	at knot//net.minecraft.server.MinecraftServer.doRunTask(MinecraftServer.java:933)
	at knot//net.minecraft.server.MinecraftServer.doRunTask(MinecraftServer.java:195)
	at knot//net.minecraft.util.thread.BlockableEventLoop.execute(BlockableEventLoop.java:114)
	at knot//net.minecraft.util.thread.AbstractConsecutiveExecutor.registerForExecution(AbstractConsecutiveExecutor.java:90)
	at knot//net.minecraft.util.thread.AbstractConsecutiveExecutor.run(AbstractConsecutiveExecutor.java:63)
	at knot//net.minecraft.server.TickTask.run(TickTask.java:18)
	at knot//net.minecraft.util.thread.BlockableEventLoop.doRunTask(BlockableEventLoop.java:173)
	at knot//net.minecraft.util.thread.ReentrantBlockableEventLoop.doRunTask(ReentrantBlockableEventLoop.java:23)
	at knot//net.minecraft.server.MinecraftServer.doRunTask(MinecraftServer.java:933)
	at knot//net.minecraft.server.MinecraftServer.doRunTask(MinecraftServer.java:195)
	at knot//net.minecraft.util.thread.BlockableEventLoop.execute(BlockableEventLoop.java:114)
	at knot//net.minecraft.util.thread.AbstractConsecutiveExecutor.registerForExecution(AbstractConsecutiveExecutor.java:90)
	at knot//net.minecraft.util.thread.AbstractConsecutiveExecutor.run(AbstractConsecutiveExecutor.java:63)
	at knot//net.minecraft.server.TickTask.run(TickTask.java:18)
	at knot//net.minecraft.util.thread.BlockableEventLoop.doRunTask(BlockableEventLoop.java:173)
	at knot//net.minecraft.util.thread.ReentrantBlockableEventLoop.doRunTask(ReentrantBlockableEventLoop.java:23)
	at knot//net.minecraft.server.MinecraftServer.doRunTask(MinecraftServer.java:933)
	at knot//net.minecraft.server.MinecraftServer.doRunTask(MinecraftServer.java:195)
	at knot//net.minecraft.util.thread.BlockableEventLoop.execute(BlockableEventLoop.java:114)
	at knot//net.minecraft.util.thread.AbstractConsecutiveExecutor.registerForExecution(AbstractConsecutiveExecutor.java:90)
	at knot//net.minecraft.util.thread.AbstractConsecutiveExecutor.run(AbstractConsecutiveExecutor.java:63)
	at knot//net.minecraft.server.TickTask.run(TickTask.java:18)
	at knot//net.minecraft.util.thread.BlockableEventLoop.doRunTask(BlockableEventLoop.java:173)
	at knot//net.minecraft.util.thread.ReentrantBlockableEventLoop.doRunTask(ReentrantBlockableEventLoop.java:23)
	at knot//net.minecraft.server.MinecraftServer.doRunTask(MinecraftServer.java:933)
	at knot//net.minecraft.server.MinecraftServer.doRunTask(MinecraftServer.java:195)
	at knot//net.minecraft.util.thread.BlockableEventLoop.execute(BlockableEventLoop.java:114)
	at knot//net.minecraft.util.thread.AbstractConsecutiveExecutor.registerForExecution(AbstractConsecutiveExecutor.java:90)
	at knot//net.minecraft.util.thread.AbstractConsecutiveExecutor.run(AbstractConsecutiveExecutor.java:63)
	at knot//net.minecraft.server.TickTask.run(TickTask.java:18)
	at knot//net.minecraft.util.thread.BlockableEventLoop.doRunTask(BlockableEventLoop.java:173)
	at knot//net.minecraft.util.thread.ReentrantBlockableEventLoop.doRunTask(ReentrantBlockableEventLoop.java:23)
	at knot//net.minecraft.server.MinecraftServer.doRunTask(MinecraftServer.java:933)
	at knot//net.minecraft.server.MinecraftServer.doRunTask(MinecraftServer.java:195)
	at knot//net.minecraft.util.thread.BlockableEventLoop.execute(BlockableEventLoop.java:114)
	at knot//net.minecraft.util.thread.AbstractConsecutiveExecutor.registerForExecution(AbstractConsecutiveExecutor.java:90)
	at knot//net.minecraft.util.thread.AbstractConsecutiveExecutor.run(AbstractConsecutiveExecutor.java:63)
	at knot//net.minecraft.server.TickTask.run(TickTask.java:18)
	at knot//net.minecraft.util.thread.BlockableEventLoop.doRunTask(BlockableEventLoop.java:173)
	at knot//net.minecraft.util.thread.ReentrantBlockableEventLoop.doRunTask(ReentrantBlockableEventLoop.java:23)
	at knot//net.minecraft.server.MinecraftServer.doRunTask(MinecraftServer.java:933)
	at knot//net.minecraft.server.MinecraftServer.doRunTask(MinecraftServer.java:195)
	at knot//net.minecraft.util.thread.BlockableEventLoop.execute(BlockableEventLoop.java:114)
	at knot//net.minecraft.util.thread.AbstractConsecutiveExecutor.registerForExecution(AbstractConsecutiveExecutor.java:90)
	at knot//net.minecraft.util.thread.AbstractConsecutiveExecutor.run(AbstractConsecutiveExecutor.java:63)
	at knot//net.minecraft.server.TickTask.run(TickTask.java:18)
	at knot//net.minecraft.util.thread.BlockableEventLoop.doRunTask(BlockableEventLoop.java:173)
	at knot//net.minecraft.util.thread.ReentrantBlockableEventLoop.doRunTask(ReentrantBlockableEventLoop.java:23)
	at knot//net.minecraft.server.MinecraftServer.doRunTask(MinecraftServer.java:933)
	at knot//net.minecraft.server.MinecraftServer.doRunTask(MinecraftServer.java:195)
	at knot//net.minecraft.util.thread.BlockableEventLoop.execute(BlockableEventLoop.java:114)
	at knot//net.minecraft.util.thread.AbstractConsecutiveExecutor.registerForExecution(AbstractConsecutiveExecutor.java:90)
	at knot//net.minecraft.util.thread.AbstractConsecutiveExecutor.run(AbstractConsecutiveExecutor.java:63)
	at knot//net.minecraft.server.TickTask.run(TickTask.java:18)
	at knot//net.minecraft.util.thread.BlockableEventLoop.doRunTask(BlockableEventLoop.java:173)
	at knot//net.minecraft.util.thread.ReentrantBlockableEventLoop.doRunTask(ReentrantBlockableEventLoop.java:23)
	at knot//net.minecraft.server.MinecraftServer.doRunTask(MinecraftServer.java:933)
	at knot//net.minecraft.server.MinecraftServer.doRunTask(MinecraftServer.java:195)
	at knot//net.minecraft.util.thread.BlockableEventLoop.execute(BlockableEventLoop.java:114)
	at knot//net.minecraft.util.thread.AbstractConsecutiveExecutor.registerForExecution(AbstractConsecutiveExecutor.java:90)
	at knot//net.minecraft.util.thread.AbstractConsecutiveExecutor.run(AbstractConsecutiveExecutor.java:63)
	at knot//net.minecraft.server.TickTask.run(TickTask.java:18)
	at knot//net.minecraft.util.thread.BlockableEventLoop.doRunTask(BlockableEventLoop.java:173)
	at knot//net.minecraft.util.thread.ReentrantBlockableEventLoop.doRunTask(ReentrantBlockableEventLoop.java:23)
	at knot//net.minecraft.server.MinecraftServer.doRunTask(MinecraftServer.java:933)
	at knot//net.minecraft.server.MinecraftServer.doRunTask(MinecraftServer.java:195)
	at knot//net.minecraft.util.thread.BlockableEventLoop.execute(BlockableEventLoop.java:114)
	at knot//net.minecraft.util.thread.AbstractConsecutiveExecutor.registerForExecution(AbstractConsecutiveExecutor.java:90)
	at knot//net.minecraft.util.thread.AbstractConsecutiveExecutor.run(AbstractConsecutiveExecutor.java:63)
	at knot//net.minecraft.server.TickTask.run(TickTask.java:18)
	at knot//net.minecraft.util.thread.BlockableEventLoop.doRunTask(BlockableEventLoop.java:173)
	at knot//net.minecraft.util.thread.ReentrantBlockableEventLoop.doRunTask(ReentrantBlockableEventLoop.java:23)
	at knot//net.minecraft.server.MinecraftServer.doRunTask(MinecraftServer.java:933)
	at knot//net.minecraft.server.MinecraftServer.doRunTask(MinecraftServer.java:195)
	at knot//net.minecraft.util.thread.BlockableEventLoop.execute(BlockableEventLoop.java:114)
	at knot//net.minecraft.util.thread.AbstractConsecutiveExecutor.registerForExecution(AbstractConsecutiveExecutor.java:90)
	at knot//net.minecraft.util.thread.AbstractConsecutiveExecutor.run(AbstractConsecutiveExecutor.java:63)
	at knot//net.minecraft.server.TickTask.run(TickTask.java:18)
	at knot//net.minecraft.util.thread.BlockableEventLoop.doRunTask(BlockableEventLoop.java:173)
	at knot//net.minecraft.util.thread.ReentrantBlockableEventLoop.doRunTask(ReentrantBlockableEventLoop.java:23)
	at knot//net.minecraft.server.MinecraftServer.doRunTask(MinecraftServer.java:933)
	at knot//net.minecraft.server.MinecraftServer.doRunTask(MinecraftServer.java:195)
	at knot//net.minecraft.util.thread.BlockableEventLoop.execute(BlockableEventLoop.java:114)
	at knot//net.minecraft.util.thread.AbstractConsecutiveExecutor.registerForExecution(AbstractConsecutiveExecutor.java:90)
	at knot//net.minecraft.util.thread.AbstractConsecutiveExecutor.run(AbstractConsecutiveExecutor.java:63)
	at knot//net.minecraft.server.TickTask.run(TickTask.java:18)
	at knot//net.minecraft.util.thread.BlockableEventLoop.doRunTask(BlockableEventLoop.java:173)
	at knot//net.minecraft.util.thread.ReentrantBlockableEventLoop.doRunTask(ReentrantBlockableEventLoop.java:23)
	at knot//net.minecraft.server.MinecraftServer.doRunTask(MinecraftServer.java:933)
	at knot//net.minecraft.server.MinecraftServer.doRunTask(MinecraftServer.java:195)
	at knot//net.minecraft.util.thread.BlockableEventLoop.execute(BlockableEventLoop.java:114)
	at knot//net.minecraft.util.thread.AbstractConsecutiveExecutor.registerForExecution(AbstractConsecutiveExecutor.java:90)
	at knot//net.minecraft.util.thread.AbstractConsecutiveExecutor.run(AbstractConsecutiveExecutor.java:63)
	at knot//net.minecraft.server.TickTask.run(TickTask.java:18)
	at knot//net.minecraft.util.thread.BlockableEventLoop.doRunTask(BlockableEventLoop.java:173)
	at knot//net.minecraft.util.thread.ReentrantBlockableEventLoop.doRunTask(ReentrantBlockableEventLoop.java:23)
	at knot//net.minecraft.server.MinecraftServer.doRunTask(MinecraftServer.java:933)
	at knot//net.minecraft.server.MinecraftServer.doRunTask(MinecraftServer.java:195)
	at knot//net.minecraft.util.thread.BlockableEventLoop.execute(BlockableEventLoop.java:114)
	at knot//net.minecraft.util.thread.AbstractConsecutiveExecutor.registerForExecution(AbstractConsecutiveExecutor.java:90)
	at knot//net.minecraft.util.thread.AbstractConsecutiveExecutor.run(AbstractConsecutiveExecutor.java:63)
	at knot//net.minecraft.server.TickTask.run(TickTask.java:18)
	at knot//net.minecraft.util.thread.BlockableEventLoop.doRunTask(BlockableEventLoop.java:173)
	at knot//net.minecraft.util.thread.ReentrantBlockableEventLoop.doRunTask(ReentrantBlockableEventLoop.java:23)
	at knot//net.minecraft.server.MinecraftServer.doRunTask(MinecraftServer.java:933)
	at knot//net.minecraft.server.MinecraftServer.doRunTask(MinecraftServer.java:195)
	at knot//net.minecraft.util.thread.BlockableEventLoop.execute(BlockableEventLoop.java:114)
	at knot//net.minecraft.util.thread.AbstractConsecutiveExecutor.registerForExecution(AbstractConsecutiveExecutor.java:90)
	at knot//net.minecraft.util.thread.AbstractConsecutiveExecutor.run(AbstractConsecutiveExecutor.java:63)
	at knot//net.minecraft.server.TickTask.run(TickTask.java:18)
	at knot//net.minecraft.util.thread.BlockableEventLoop.doRunTask(BlockableEventLoop.java:173)
	at knot//net.minecraft.util.thread.ReentrantBlockableEventLoop.doRunTask(ReentrantBlockableEventLoop.java:23)
	at knot//net.minecraft.server.MinecraftServer.doRunTask(MinecraftServer.java:933)
	at knot//net.minecraft.server.MinecraftServer.doRunTask(MinecraftServer.java:195)
	at knot//net.minecraft.util.thread.BlockableEventLoop.execute(BlockableEventLoop.java:114)
	at knot//net.minecraft.util.thread.AbstractConsecutiveExecutor.registerForExecution(AbstractConsecutiveExecutor.java:90)
	at knot//net.minecraft.util.thread.AbstractConsecutiveExecutor.run(AbstractConsecutiveExecutor.java:63)
	at knot//net.minecraft.server.TickTask.run(TickTask.java:18)
	at knot//net.minecraft.util.thread.BlockableEventLoop.doRunTask(BlockableEventLoop.java:173)
	at knot//net.minecraft.util.thread.ReentrantBlockableEventLoop.doRunTask(ReentrantBlockableEventLoop.java:23)
	at knot//net.minecraft.server.MinecraftServer.doRunTask(MinecraftServer.java:933)
	at knot//net.minecraft.server.MinecraftServer.doRunTask(MinecraftServer.java:195)
	at knot//net.minecraft.util.thread.BlockableEventLoop.execute(BlockableEventLoop.java:114)
	at knot//net.minecraft.util.thread.AbstractConsecutiveExecutor.registerForExecution(AbstractConsecutiveExecutor.java:90)
	at knot//net.minecraft.util.thread.AbstractConsecutiveExecutor.run(AbstractConsecutiveExecutor.java:63)
	at knot//net.minecraft.server.TickTask.run(TickTask.java:18)
	at knot//net.minecraft.util.thread.BlockableEventLoop.doRunTask(BlockableEventLoop.java:173)
	at knot//net.minecraft.util.thread.ReentrantBlockableEventLoop.doRunTask(ReentrantBlockableEventLoop.java:23)
	at knot//net.minecraft.server.MinecraftServer.doRunTask(MinecraftServer.java:933)
	at knot//net.minecraft.server.MinecraftServer.doRunTask(MinecraftServer.java:195)
	at knot//net.minecraft.util.thread.BlockableEventLoop.execute(BlockableEventLoop.java:114)
	at knot//net.minecraft.util.thread.AbstractConsecutiveExecutor.registerForExecution(AbstractConsecutiveExecutor.java:90)
	at knot//net.minecraft.util.thread.AbstractConsecutiveExecutor.run(AbstractConsecutiveExecutor.java:63)
	at knot//net.minecraft.server.TickTask.run(TickTask.java:18)
	at knot//net.minecraft.util.thread.BlockableEventLoop.doRunTask(BlockableEventLoop.java:173)
	at knot//net.minecraft.util.thread.ReentrantBlockableEventLoop.doRunTask(ReentrantBlockableEventLoop.java:23)
	at knot//net.minecraft.server.MinecraftServer.doRunTask(MinecraftServer.java:933)
	at knot//net.minecraft.server.MinecraftServer.doRunTask(MinecraftServer.java:195)
	at knot//net.minecraft.util.thread.BlockableEventLoop.execute(BlockableEventLoop.java:114)
	at knot//net.minecraft.util.thread.AbstractConsecutiveExecutor.registerForExecution(AbstractConsecutiveExecutor.java:90)
	at knot//net.minecraft.util.thread.AbstractConsecutiveExecutor.run(AbstractConsecutiveExecutor.java:63)
	at knot//net.minecraft.server.TickTask.run(TickTask.java:18)
	at knot//net.minecraft.util.thread.BlockableEventLoop.doRunTask(BlockableEventLoop.java:173)
	at knot//net.minecraft.util.thread.ReentrantBlockableEventLoop.doRunTask(ReentrantBlockableEventLoop.java:23)
	at knot//net.minecraft.server.MinecraftServer.doRunTask(MinecraftServer.java:933)
	at knot//net.minecraft.server.MinecraftServer.doRunTask(MinecraftServer.java:195)
	at knot//net.minecraft.util.thread.BlockableEventLoop.execute(BlockableEventLoop.java:114)
	at knot//net.minecraft.util.thread.AbstractConsecutiveExecutor.registerForExecution(AbstractConsecutiveExecutor.java:90)
	at knot//net.minecraft.util.thread.AbstractConsecutiveExecutor.run(AbstractConsecutiveExecutor.java:63)
	at knot//net.minecraft.server.TickTask.run(TickTask.java:18)
	at knot//net.minecraft.util.thread.BlockableEventLoop.doRunTask(BlockableEventLoop.java:173)
	at knot//net.minecraft.util.thread.ReentrantBlockableEventLoop.doRunTask(ReentrantBlockableEventLoop.java:23)
	at knot//net.minecraft.server.MinecraftServer.doRunTask(MinecraftServer.java:933)
	at knot//net.minecraft.server.MinecraftServer.doRunTask(MinecraftServer.java:195)
	at knot//net.minecraft.util.thread.BlockableEventLoop.execute(BlockableEventLoop.java:114)
	at knot//net.minecraft.util.thread.AbstractConsecutiveExecutor.registerForExecution(AbstractConsecutiveExecutor.java:90)
	at knot//net.minecraft.util.thread.AbstractConsecutiveExecutor.run(AbstractConsecutiveExecutor.java:63)
	at knot//net.minecraft.server.TickTask.run(TickTask.java:18)
	at knot//net.minecraft.util.thread.BlockableEventLoop.doRunTask(BlockableEventLoop.java:173)
	at knot//net.minecraft.util.thread.ReentrantBlockableEventLoop.doRunTask(ReentrantBlockableEventLoop.java:23)
	at knot//net.minecraft.server.MinecraftServer.doRunTask(MinecraftServer.java:933)
	at knot//net.minecraft.server.MinecraftServer.doRunTask(MinecraftServer.java:195)
	at knot//net.minecraft.util.thread.BlockableEventLoop.execute(BlockableEventLoop.java:114)
	at knot//net.minecraft.util.thread.AbstractConsecutiveExecutor.registerForExecution(AbstractConsecutiveExecutor.java:90)
	at knot//net.minecraft.util.thread.AbstractConsecutiveExecutor.run(AbstractConsecutiveExecutor.java:63)
	at knot//net.minecraft.server.TickTask.run(TickTask.java:18)
	at knot//net.minecraft.util.thread.BlockableEventLoop.doRunTask(BlockableEventLoop.java:173)
	at knot//net.minecraft.util.thread.ReentrantBlockableEventLoop.doRunTask(ReentrantBlockableEventLoop.java:23)
	at knot//net.minecraft.server.MinecraftServer.doRunTask(MinecraftServer.java:933)
	at knot//net.minecraft.server.MinecraftServer.doRunTask(MinecraftServer.java:195)
	at knot//net.minecraft.util.thread.BlockableEventLoop.execute(BlockableEventLoop.java:114)
	at knot//net.minecraft.util.thread.AbstractConsecutiveExecutor.registerForExecution(AbstractConsecutiveExecutor.java:90)
	at knot//net.minecraft.util.thread.AbstractConsecutiveExecutor.run(AbstractConsecutiveExecutor.java:63)
	at knot//net.minecraft.server.TickTask.run(TickTask.java:18)
	at knot//net.minecraft.util.thread.BlockableEventLoop.doRunTask(BlockableEventLoop.java:173)
	at knot//net.minecraft.util.thread.ReentrantBlockableEventLoop.doRunTask(ReentrantBlockableEventLoop.java:23)
	at knot//net.minecraft.server.MinecraftServer.doRunTask(MinecraftServer.java:933)
	at knot//net.minecraft.server.MinecraftServer.doRunTask(MinecraftServer.java:195)
	at knot//net.minecraft.util.thread.BlockableEventLoop.execute(BlockableEventLoop.java:114)
	at knot//net.minecraft.util.thread.AbstractConsecutiveExecutor.registerForExecution(AbstractConsecutiveExecutor.java:90)
	at knot//net.minecraft.util.thread.AbstractConsecutiveExecutor.run(AbstractConsecutiveExecutor.java:63)
	at knot//net.minecraft.server.TickTask.run(TickTask.java:18)
	at knot//net.minecraft.util.thread.BlockableEventLoop.doRunTask(BlockableEventLoop.java:173)
	at knot//net.minecraft.util.thread.ReentrantBlockableEventLoop.doRunTask(ReentrantBlockableEventLoop.java:23)
	at knot//net.minecraft.server.MinecraftServer.doRunTask(MinecraftServer.java:933)
	at knot//net.minecraft.server.MinecraftServer.doRunTask(MinecraftServer.java:195)
	at knot//net.minecraft.util.thread.BlockableEventLoop.execute(BlockableEventLoop.java:114)
	at knot//net.minecraft.util.thread.AbstractConsecutiveExecutor.registerForExecution(AbstractConsecutiveExecutor.java:90)
	at knot//net.minecraft.util.thread.AbstractConsecutiveExecutor.run(AbstractConsecutiveExecutor.java:63)
	at knot//net.minecraft.server.TickTask.run(TickTask.java:18)
	at knot//net.minecraft.util.thread.BlockableEventLoop.doRunTask(BlockableEventLoop.java:173)
	at knot//net.minecraft.util.thread.ReentrantBlockableEventLoop.doRunTask(ReentrantBlockableEventLoop.java:23)
	at knot//net.minecraft.server.MinecraftServer.doRunTask(MinecraftServer.java:933)
	at knot//net.minecraft.server.MinecraftServer.doRunTask(MinecraftServer.java:195)
	at knot//net.minecraft.util.thread.BlockableEventLoop.execute(BlockableEventLoop.java:114)
	at knot//net.minecraft.util.thread.AbstractConsecutiveExecutor.registerForExecution(AbstractConsecutiveExecutor.java:90)
	at knot//net.minecraft.util.thread.AbstractConsecutiveExecutor.run(AbstractConsecutiveExecutor.java:63)
	at knot//net.minecraft.server.TickTask.run(TickTask.java:18)
	at knot//net.minecraft.util.thread.BlockableEventLoop.doRunTask(BlockableEventLoop.java:173)
	at knot//net.minecraft.util.thread.ReentrantBlockableEventLoop.doRunTask(ReentrantBlockableEventLoop.java:23)
	at knot//net.minecraft.server.MinecraftServer.doRunTask(MinecraftServer.java:933)
	at knot//net.minecraft.server.MinecraftServer.doRunTask(MinecraftServer.java:195)
	at knot//net.minecraft.util.thread.BlockableEventLoop.execute(BlockableEventLoop.java:114)
	at knot//net.minecraft.util.thread.AbstractConsecutiveExecutor.registerForExecution(AbstractConsecutiveExecutor.java:90)
	at knot//net.minecraft.util.thread.AbstractConsecutiveExecutor.run(AbstractConsecutiveExecutor.java:63)
	at knot//net.minecraft.server.TickTask.run(TickTask.java:18)
	at knot//net.minecraft.util.thread.BlockableEventLoop.doRunTask(BlockableEventLoop.java:173)
	at knot//net.minecraft.util.thread.ReentrantBlockableEventLoop.doRunTask(ReentrantBlockableEventLoop.java:23)
	at knot//net.minecraft.server.MinecraftServer.doRunTask(MinecraftServer.java:933)
	at knot//net.minecraft.server.MinecraftServer.doRunTask(MinecraftServer.java:195)
	at knot//net.minecraft.util.thread.BlockableEventLoop.execute(BlockableEventLoop.java:114)
	at knot//net.minecraft.util.thread.AbstractConsecutiveExecutor.registerForExecution(AbstractConsecutiveExecutor.java:90)
	at knot//net.minecraft.util.thread.AbstractConsecutiveExecutor.run(AbstractConsecutiveExecutor.java:63)
	at knot//net.minecraft.server.TickTask.run(TickTask.java:18)
	at knot//net.minecraft.util.thread.BlockableEventLoop.doRunTask(BlockableEventLoop.java:173)
	at knot//net.minecraft.util.thread.ReentrantBlockableEventLoop.doRunTask(ReentrantBlockableEventLoop.java:23)
	at knot//net.minecraft.server.MinecraftServer.doRunTask(MinecraftServer.java:933)
	at knot//net.minecraft.server.MinecraftServer.doRunTask(MinecraftServer.java:195)
	at knot//net.minecraft.util.thread.BlockableEventLoop.execute(BlockableEventLoop.java:114)
	at knot//net.minecraft.util.thread.AbstractConsecutiveExecutor.registerForExecution(AbstractConsecutiveExecutor.java:90)
	at knot//net.minecraft.util.thread.AbstractConsecutiveExecutor.run(AbstractConsecutiveExecutor.java:63)
	at knot//net.minecraft.server.TickTask.run(TickTask.java:18)
	at knot//net.minecraft.util.thread.BlockableEventLoop.doRunTask(BlockableEventLoop.java:173)
	at knot//net.minecraft.util.thread.ReentrantBlockableEventLoop.doRunTask(ReentrantBlockableEventLoop.java:23)
	at knot//net.minecraft.server.MinecraftServer.doRunTask(MinecraftServer.java:933)
	at knot//net.minecraft.server.MinecraftServer.doRunTask(MinecraftServer.java:195)
	at knot//net.minecraft.util.thread.BlockableEventLoop.execute(BlockableEventLoop.java:114)
	at knot//net.minecraft.util.thread.AbstractConsecutiveExecutor.registerForExecution(AbstractConsecutiveExecutor.java:90)
	at knot//net.minecraft.util.thread.AbstractConsecutiveExecutor.run(AbstractConsecutiveExecutor.java:63)
	at knot//net.minecraft.server.TickTask.run(TickTask.java:18)
	at knot//net.minecraft.util.thread.BlockableEventLoop.doRunTask(BlockableEventLoop.java:173)
	at knot//net.minecraft.util.thread.ReentrantBlockableEventLoop.doRunTask(ReentrantBlockableEventLoop.java:23)
	at knot//net.minecraft.server.MinecraftServer.doRunTask(MinecraftServer.java:933)
	at knot//net.minecraft.server.MinecraftServer.doRunTask(MinecraftServer.java:195)
	at knot//net.minecraft.util.thread.BlockableEventLoop.execute(BlockableEventLoop.java:114)
	at knot//net.minecraft.util.thread.AbstractConsecutiveExecutor.registerForExecution(AbstractConsecutiveExecutor.java:90)
	at knot//net.minecraft.util.thread.AbstractConsecutiveExecutor.run(AbstractConsecutiveExecutor.java:63)
	at knot//net.minecraft.server.TickTask.run(TickTask.java:18)
	at knot//net.minecraft.util.thread.BlockableEventLoop.doRunTask(BlockableEventLoop.java:173)
	at knot//net.minecraft.util.thread.ReentrantBlockableEventLoop.doRunTask(ReentrantBlockableEventLoop.java:23)
	at knot//net.minecraft.server.MinecraftServer.doRunTask(MinecraftServer.java:933)
	at knot//net.minecraft.server.MinecraftServer.doRunTask(MinecraftServer.java:195)
	at knot//net.minecraft.util.thread.BlockableEventLoop.execute(BlockableEventLoop.java:114)
	at knot//net.minecraft.util.thread.AbstractConsecutiveExecutor.registerForExecution(AbstractConsecutiveExecutor.java:90)
	at knot//net.minecraft.util.thread.AbstractConsecutiveExecutor.run(AbstractConsecutiveExecutor.java:63)
	at knot//net.minecraft.server.TickTask.run(TickTask.java:18)
	at knot//net.minecraft.util.thread.BlockableEventLoop.doRunTask(BlockableEventLoop.java:173)
	at knot//net.minecraft.util.thread.ReentrantBlockableEventLoop.doRunTask(ReentrantBlockableEventLoop.java:23)
	at knot//net.minecraft.server.MinecraftServer.doRunTask(MinecraftServer.java:933)
	at knot//net.minecraft.server.MinecraftServer.doRunTask(MinecraftServer.java:195)
	at knot//net.minecraft.util.thread.BlockableEventLoop.execute(BlockableEventLoop.java:114)
	at knot//net.minecraft.util.thread.AbstractConsecutiveExecutor.registerForExecution(AbstractConsecutiveExecutor.java:90)
	at knot//net.minecraft.util.thread.AbstractConsecutiveExecutor.run(AbstractConsecutiveExecutor.java:63)
	at knot//net.minecraft.server.TickTask.run(TickTask.java:18)
	at knot//net.minecraft.util.thread.BlockableEventLoop.doRunTask(BlockableEventLoop.java:173)
	at knot//net.minecraft.util.thread.ReentrantBlockableEventLoop.doRunTask(ReentrantBlockableEventLoop.java:23)
	at knot//net.minecraft.server.MinecraftServer.doRunTask(MinecraftServer.java:933)
	at knot//net.minecraft.server.MinecraftServer.doRunTask(MinecraftServer.java:195)
	at knot//net.minecraft.util.thread.BlockableEventLoop.execute(BlockableEventLoop.java:114)
	at knot//net.minecraft.util.thread.AbstractConsecutiveExecutor.registerForExecution(AbstractConsecutiveExecutor.java:90)
	at knot//net.minecraft.util.thread.AbstractConsecutiveExecutor.run(AbstractConsecutiveExecutor.java:63)
	at knot//net.minecraft.server.TickTask.run(TickTask.java:18)
	at knot//net.minecraft.util.thread.BlockableEventLoop.doRunTask(BlockableEventLoop.java:173)
	at knot//net.minecraft.util.thread.ReentrantBlockableEventLoop.doRunTask(ReentrantBlockableEventLoop.java:23)
	at knot//net.minecraft.server.MinecraftServer.doRunTask(MinecraftServer.java:933)
	at knot//net.minecraft.server.MinecraftServer.doRunTask(MinecraftServer.java:195)
	at knot//net.minecraft.util.thread.BlockableEventLoop.execute(BlockableEventLoop.java:114)
	at knot//net.minecraft.util.thread.AbstractConsecutiveExecutor.registerForExecution(AbstractConsecutiveExecutor.java:90)
	at knot//net.minecraft.util.thread.AbstractConsecutiveExecutor.run(AbstractConsecutiveExecutor.java:63)
	at knot//net.minecraft.server.TickTask.run(TickTask.java:18)
	at knot//net.minecraft.util.thread.BlockableEventLoop.doRunTask(BlockableEventLoop.java:173)
	at knot//net.minecraft.util.thread.ReentrantBlockableEventLoop.doRunTask(ReentrantBlockableEventLoop.java:23)
	at knot//net.minecraft.server.MinecraftServer.doRunTask(MinecraftServer.java:933)
	at knot//net.minecraft.server.MinecraftServer.doRunTask(MinecraftServer.java:195)
	at knot//net.minecraft.util.thread.BlockableEventLoop.execute(BlockableEventLoop.java:114)
	at knot//net.minecraft.util.thread.AbstractConsecutiveExecutor.registerForExecution(AbstractConsecutiveExecutor.java:90)
	at knot//net.minecraft.util.thread.AbstractConsecutiveExecutor.run(AbstractConsecutiveExecutor.java:63)
	at knot//net.minecraft.server.TickTask.run(TickTask.java:18)
	at knot//net.minecraft.util.thread.BlockableEventLoop.doRunTask(BlockableEventLoop.java:173)
	at knot//net.minecraft.util.thread.ReentrantBlockableEventLoop.doRunTask(ReentrantBlockableEventLoop.java:23)
	at knot//net.minecraft.server.MinecraftServer.doRunTask(MinecraftServer.java:933)
	at knot//net.minecraft.server.MinecraftServer.doRunTask(MinecraftServer.java:195)
	at knot//net.minecraft.util.thread.BlockableEventLoop.execute(BlockableEventLoop.java:114)
	at knot//net.minecraft.util.thread.AbstractConsecutiveExecutor.registerForExecution(AbstractConsecutiveExecutor.java:90)
	at knot//net.minecraft.util.thread.AbstractConsecutiveExecutor.run(AbstractConsecutiveExecutor.java:63)
	at knot//net.minecraft.server.TickTask.run(TickTask.java:18)
	at knot//net.minecraft.util.thread.BlockableEventLoop.doRunTask(BlockableEventLoop.java:173)
	at knot//net.minecraft.util.thread.ReentrantBlockableEventLoop.doRunTask(ReentrantBlockableEventLoop.java:23)
	at knot//net.minecraft.server.MinecraftServer.doRunTask(MinecraftServer.java:933)
	at knot//net.minecraft.server.MinecraftServer.doRunTask(MinecraftServer.java:195)
	at knot//net.minecraft.util.thread.BlockableEventLoop.execute(BlockableEventLoop.java:114)
	at knot//net.minecraft.util.thread.AbstractConsecutiveExecutor.registerForExecution(AbstractConsecutiveExecutor.java:90)
	at knot//net.minecraft.util.thread.AbstractConsecutiveExecutor.run(AbstractConsecutiveExecutor.java:63)
	at knot//net.minecraft.server.TickTask.run(TickTask.java:18)
	at knot//net.minecraft.util.thread.BlockableEventLoop.doRunTask(BlockableEventLoop.java:173)
	at knot//net.minecraft.util.thread.ReentrantBlockableEventLoop.doRunTask(ReentrantBlockableEventLoop.java:23)
	at knot//net.minecraft.server.MinecraftServer.doRunTask(MinecraftServer.java:933)
	at knot//net.minecraft.server.MinecraftServer.doRunTask(MinecraftServer.java:195)
	at knot//net.minecraft.util.thread.BlockableEventLoop.execute(BlockableEventLoop.java:114)
	at knot//net.minecraft.util.thread.AbstractConsecutiveExecutor.registerForExecution(AbstractConsecutiveExecutor.java:90)
	at knot//net.minecraft.util.thread.AbstractConsecutiveExecutor.run(AbstractConsecutiveExecutor.java:63)
	at knot//net.minecraft.server.TickTask.run(TickTask.java:18)
	at knot//net.minecraft.util.thread.BlockableEventLoop.doRunTask(BlockableEventLoop.java:173)
	at knot//net.minecraft.util.thread.ReentrantBlockableEventLoop.doRunTask(ReentrantBlockableEventLoop.java:23)
	at knot//net.minecraft.server.MinecraftServer.doRunTask(MinecraftServer.java:933)
	at knot//net.minecraft.server.MinecraftServer.doRunTask(MinecraftServer.java:195)
	at knot//net.minecraft.util.thread.BlockableEventLoop.execute(BlockableEventLoop.java:114)
	at knot//net.minecraft.util.thread.AbstractConsecutiveExecutor.registerForExecution(AbstractConsecutiveExecutor.java:90)
	at knot//net.minecraft.util.thread.AbstractConsecutiveExecutor.run(AbstractConsecutiveExecutor.java:63)
	at knot//net.minecraft.server.TickTask.run(TickTask.java:18)
	at knot//net.minecraft.util.thread.BlockableEventLoop.doRunTask(BlockableEventLoop.java:173)
	at knot//net.minecraft.util.thread.ReentrantBlockableEventLoop.doRunTask(ReentrantBlockableEventLoop.java:23)
	at knot//net.minecraft.server.MinecraftServer.doRunTask(MinecraftServer.java:933)
	at knot//net.minecraft.server.MinecraftServer.doRunTask(MinecraftServer.java:195)
	at knot//net.minecraft.util.thread.BlockableEventLoop.execute(BlockableEventLoop.java:114)
	at knot//net.minecraft.util.thread.AbstractConsecutiveExecutor.registerForExecution(AbstractConsecutiveExecutor.java:90)
	at knot//net.minecraft.util.thread.AbstractConsecutiveExecutor.run(AbstractConsecutiveExecutor.java:63)
	at knot//net.minecraft.server.TickTask.run(TickTask.java:18)
	at knot//net.minecraft.util.thread.BlockableEventLoop.doRunTask(BlockableEventLoop.java:173)
	at knot//net.minecraft.util.thread.ReentrantBlockableEventLoop.doRunTask(ReentrantBlockableEventLoop.java:23)
	at knot//net.minecraft.server.MinecraftServer.doRunTask(MinecraftServer.java:933)
	at knot//net.minecraft.server.MinecraftServer.doRunTask(MinecraftServer.java:195)
	at knot//net.minecraft.util.thread.BlockableEventLoop.execute(BlockableEventLoop.java:114)
	at knot//net.minecraft.util.thread.AbstractConsecutiveExecutor.registerForExecution(AbstractConsecutiveExecutor.java:90)
	at knot//net.minecraft.util.thread.AbstractConsecutiveExecutor.run(AbstractConsecutiveExecutor.java:63)
	at knot//net.minecraft.server.TickTask.run(TickTask.java:18)
	at knot//net.minecraft.util.thread.BlockableEventLoop.doRunTask(BlockableEventLoop.java:173)
	at knot//net.minecraft.util.thread.ReentrantBlockableEventLoop.doRunTask(ReentrantBlockableEventLoop.java:23)
	at knot//net.minecraft.server.MinecraftServer.doRunTask(MinecraftServer.java:933)
	at knot//net.minecraft.server.MinecraftServer.doRunTask(MinecraftServer.java:195)
	at knot//net.minecraft.util.thread.BlockableEventLoop.execute(BlockableEventLoop.java:114)
	at knot//net.minecraft.util.thread.AbstractConsecutiveExecutor.registerForExecution(AbstractConsecutiveExecutor.java:90)
	at knot//net.minecraft.util.thread.AbstractConsecutiveExecutor.run(AbstractConsecutiveExecutor.java:63)
	at knot//net.minecraft.server.TickTask.run(TickTask.java:18)
	at knot//net.minecraft.util.thread.BlockableEventLoop.doRunTask(BlockableEventLoop.java:173)
	at knot//net.minecraft.util.thread.ReentrantBlockableEventLoop.doRunTask(ReentrantBlockableEventLoop.java:23)
	at knot//net.minecraft.server.MinecraftServer.doRunTask(MinecraftServer.java:933)
	at knot//net.minecraft.server.MinecraftServer.doRunTask(MinecraftServer.java:195)
	at knot//net.minecraft.util.thread.BlockableEventLoop.execute(BlockableEventLoop.java:114)
	at knot//net.minecraft.util.thread.AbstractConsecutiveExecutor.registerForExecution(AbstractConsecutiveExecutor.java:90)
	at knot//net.minecraft.util.thread.AbstractConsecutiveExecutor.run(AbstractConsecutiveExecutor.java:63)
	at knot//net.minecraft.server.TickTask.run(TickTask.java:18)
	at knot//net.minecraft.util.thread.BlockableEventLoop.doRunTask(BlockableEventLoop.java:173)
	at knot//net.minecraft.util.thread.ReentrantBlockableEventLoop.doRunTask(ReentrantBlockableEventLoop.java:23)
	at knot//net.minecraft.server.MinecraftServer.doRunTask(MinecraftServer.java:933)
	at knot//net.minecraft.server.MinecraftServer.doRunTask(MinecraftServer.java:195)
	at knot//net.minecraft.util.thread.BlockableEventLoop.execute(BlockableEventLoop.java:114)
	at knot//net.minecraft.util.thread.AbstractConsecutiveExecutor.registerForExecution(AbstractConsecutiveExecutor.java:90)
	at knot//net.minecraft.util.thread.AbstractConsecutiveExecutor.run(AbstractConsecutiveExecutor.java:63)
	at knot//net.minecraft.server.TickTask.run(TickTask.java:18)
	at knot//net.minecraft.util.thread.BlockableEventLoop.doRunTask(BlockableEventLoop.java:173)
	at knot//net.minecraft.util.thread.ReentrantBlockableEventLoop.doRunTask(ReentrantBlockableEventLoop.java:23)
	at knot//net.minecraft.server.MinecraftServer.doRunTask(MinecraftServer.java:933)
	at knot//net.minecraft.server.MinecraftServer.doRunTask(MinecraftServer.java:195)
	at knot//net.minecraft.util.thread.BlockableEventLoop.execute(BlockableEventLoop.java:114)
	at knot//net.minecraft.util.thread.AbstractConsecutiveExecutor.registerForExecution(AbstractConsecutiveExecutor.java:90)
	at knot//net.minecraft.util.thread.AbstractConsecutiveExecutor.run(AbstractConsecutiveExecutor.java:63)
	at knot//net.minecraft.server.TickTask.run(TickTask.java:18)
	at knot//net.minecraft.util.thread.BlockableEventLoop.doRunTask(BlockableEventLoop.java:173)
	at knot//net.minecraft.util.thread.ReentrantBlockableEventLoop.doRunTask(ReentrantBlockableEventLoop.java:23)
	at knot//net.minecraft.server.MinecraftServer.doRunTask(MinecraftServer.java:933)
	at knot//net.minecraft.server.MinecraftServer.doRunTask(MinecraftServer.java:195)
	at knot//net.minecraft.util.thread.BlockableEventLoop.execute(BlockableEventLoop.java:114)
	at knot//net.minecraft.util.thread.AbstractConsecutiveExecutor.registerForExecution(AbstractConsecutiveExecutor.java:90)
	at knot//net.minecraft.util.thread.AbstractConsecutiveExecutor.run(AbstractConsecutiveExecutor.java:63)
	at knot//net.minecraft.server.TickTask.run(TickTask.java:18)
	at knot//net.minecraft.util.thread.BlockableEventLoop.doRunTask(BlockableEventLoop.java:173)
	at knot//net.minecraft.util.thread.ReentrantBlockableEventLoop.doRunTask(ReentrantBlockableEventLoop.java:23)
	at knot//net.minecraft.server.MinecraftServer.doRunTask(MinecraftServer.java:933)
	at knot//net.minecraft.server.MinecraftServer.doRunTask(MinecraftServer.java:195)
	at knot//net.minecraft.util.thread.BlockableEventLoop.execute(BlockableEventLoop.java:114)
	at knot//net.minecraft.util.thread.AbstractConsecutiveExecutor.registerForExecution(AbstractConsecutiveExecutor.java:90)
	at knot//net.minecraft.util.thread.AbstractConsecutiveExecutor.run(AbstractConsecutiveExecutor.java:63)
	at knot//net.minecraft.server.TickTask.run(TickTask.java:18)
	at knot//net.minecraft.util.thread.BlockableEventLoop.doRunTask(BlockableEventLoop.java:173)
	at knot//net.minecraft.util.thread.ReentrantBlockableEventLoop.doRunTask(ReentrantBlockableEventLoop.java:23)
	at knot//net.minecraft.server.MinecraftServer.doRunTask(MinecraftServer.java:933)
	at knot//net.minecraft.server.MinecraftServer.doRunTask(MinecraftServer.java:195)
	at knot//net.minecraft.util.thread.BlockableEventLoop.execute(BlockableEventLoop.java:114)
	at knot//net.minecraft.util.thread.AbstractConsecutiveExecutor.registerForExecution(AbstractConsecutiveExecutor.java:90)
	at knot//net.minecraft.util.thread.AbstractConsecutiveExecutor.run(AbstractConsecutiveExecutor.java:63)
	at knot//net.minecraft.server.TickTask.run(TickTask.java:18)
	at knot//net.minecraft.util.thread.BlockableEventLoop.doRunTask(BlockableEventLoop.java:173)
	at knot//net.minecraft.util.thread.ReentrantBlockableEventLoop.doRunTask(ReentrantBlockableEventLoop.java:23)
	at knot//net.minecraft.server.MinecraftServer.doRunTask(MinecraftServer.java:933)
	at knot//net.minecraft.server.MinecraftServer.doRunTask(MinecraftServer.java:195)
	at knot//net.minecraft.util.thread.BlockableEventLoop.execute(BlockableEventLoop.java:114)
	at knot//net.minecraft.util.thread.AbstractConsecutiveExecutor.registerForExecution(AbstractConsecutiveExecutor.java:90)
	at knot//net.minecraft.util.thread.AbstractConsecutiveExecutor.run(AbstractConsecutiveExecutor.java:63)
	at knot//net.minecraft.server.TickTask.run(TickTask.java:18)
	at knot//net.minecraft.util.thread.BlockableEventLoop.doRunTask(BlockableEventLoop.java:173)
	at knot//net.minecraft.util.thread.ReentrantBlockableEventLoop.doRunTask(ReentrantBlockableEventLoop.java:23)
	at knot//net.minecraft.server.MinecraftServer.doRunTask(MinecraftServer.java:933)
	at knot//net.minecraft.server.MinecraftServer.doRunTask(MinecraftServer.java:195)
	at knot//net.minecraft.util.thread.BlockableEventLoop.execute(BlockableEventLoop.java:114)
	at knot//net.minecraft.util.thread.AbstractConsecutiveExecutor.registerForExecution(AbstractConsecutiveExecutor.java:90)
	at knot//net.minecraft.util.thread.AbstractConsecutiveExecutor.run(AbstractConsecutiveExecutor.java:63)
	at knot//net.minecraft.server.TickTask.run(TickTask.java:18)
	at knot//net.minecraft.util.thread.BlockableEventLoop.doRunTask(BlockableEventLoop.java:173)
	at knot//net.minecraft.util.thread.ReentrantBlockableEventLoop.doRunTask(ReentrantBlockableEventLoop.java:23)
	at knot//net.minecraft.server.MinecraftServer.doRunTask(MinecraftServer.java:933)
	at knot//net.minecraft.server.MinecraftServer.doRunTask(MinecraftServer.java:195)
	at knot//net.minecraft.util.thread.BlockableEventLoop.execute(BlockableEventLoop.java:114)
	at knot//net.minecraft.util.thread.AbstractConsecutiveExecutor.registerForExecution(AbstractConsecutiveExecutor.java:90)
	at knot//net.minecraft.util.thread.AbstractConsecutiveExecutor.run(AbstractConsecutiveExecutor.java:63)
	at knot//net.minecraft.server.TickTask.run(TickTask.java:18)
	at knot//net.minecraft.util.thread.BlockableEventLoop.doRunTask(BlockableEventLoop.java:173)
	at knot//net.minecraft.util.thread.ReentrantBlockableEventLoop.doRunTask(ReentrantBlockableEventLoop.java:23)
	at knot//net.minecraft.server.MinecraftServer.doRunTask(MinecraftServer.java:933)
	at knot//net.minecraft.server.MinecraftServer.doRunTask(MinecraftServer.java:195)
	at knot//net.minecraft.util.thread.BlockableEventLoop.execute(BlockableEventLoop.java:114)
	at knot//net.minecraft.util.thread.AbstractConsecutiveExecutor.registerForExecution(AbstractConsecutiveExecutor.java:90)
	at knot//net.minecraft.util.thread.AbstractConsecutiveExecutor.run(AbstractConsecutiveExecutor.java:63)
	at knot//net.minecraft.server.TickTask.run(TickTask.java:18)
	at knot//net.minecraft.util.thread.BlockableEventLoop.doRunTask(BlockableEventLoop.java:173)
	at knot//net.minecraft.util.thread.ReentrantBlockableEventLoop.doRunTask(ReentrantBlockableEventLoop.java:23)
	at knot//net.minecraft.server.MinecraftServer.doRunTask(MinecraftServer.java:933)
	at knot//net.minecraft.server.MinecraftServer.doRunTask(MinecraftServer.java:195)
	at knot//net.minecraft.util.thread.BlockableEventLoop.execute(BlockableEventLoop.java:114)
	at knot//net.minecraft.util.thread.AbstractConsecutiveExecutor.registerForExecution(AbstractConsecutiveExecutor.java:90)
	at knot//net.minecraft.util.thread.AbstractConsecutiveExecutor.run(AbstractConsecutiveExecutor.java:63)
	at knot//net.minecraft.server.TickTask.run(TickTask.java:18)
	at knot//net.minecraft.util.thread.BlockableEventLoop.doRunTask(BlockableEventLoop.java:173)
	at knot//net.minecraft.util.thread.ReentrantBlockableEventLoop.doRunTask(ReentrantBlockableEventLoop.java:23)
	at knot//net.minecraft.server.MinecraftServer.doRunTask(MinecraftServer.java:933)
	at knot//net.minecraft.server.MinecraftServer.doRunTask(MinecraftServer.java:195)
	at knot//net.minecraft.util.thread.BlockableEventLoop.execute(BlockableEventLoop.java:114)
	at knot//net.minecraft.util.thread.AbstractConsecutiveExecutor.registerForExecution(AbstractConsecutiveExecutor.java:90)
	at knot//net.minecraft.util.thread.AbstractConsecutiveExecutor.run(AbstractConsecutiveExecutor.java:63)
	at knot//net.minecraft.server.TickTask.run(TickTask.java:18)
	at knot//net.minecraft.util.thread.BlockableEventLoop.doRunTask(BlockableEventLoop.java:173)
	at knot//net.minecraft.util.thread.ReentrantBlockableEventLoop.doRunTask(ReentrantBlockableEventLoop.java:23)
	at knot//net.minecraft.server.MinecraftServer.doRunTask(MinecraftServer.java:933)
	at knot//net.minecraft.server.MinecraftServer.doRunTask(MinecraftServer.java:195)
	at knot//net.minecraft.util.thread.BlockableEventLoop.execute(BlockableEventLoop.java:114)
	at knot//net.minecraft.util.thread.AbstractConsecutiveExecutor.registerForExecution(AbstractConsecutiveExecutor.java:90)
	at knot//net.minecraft.util.thread.AbstractConsecutiveExecutor.run(AbstractConsecutiveExecutor.java:63)
	at knot//net.minecraft.server.TickTask.run(TickTask.java:18)
	at knot//net.minecraft.util.thread.BlockableEventLoop.doRunTask(BlockableEventLoop.java:173)
	at knot//net.minecraft.util.thread.ReentrantBlockableEventLoop.doRunTask(ReentrantBlockableEventLoop.java:23)
	at knot//net.minecraft.server.MinecraftServer.doRunTask(MinecraftServer.java:933)
	at knot//net.minecraft.server.MinecraftServer.doRunTask(MinecraftServer.java:195)
	at knot//net.minecraft.util.thread.BlockableEventLoop.execute(BlockableEventLoop.java:114)
	at knot//net.minecraft.util.thread.AbstractConsecutiveExecutor.registerForExecution(AbstractConsecutiveExecutor.java:90)
	at knot//net.minecraft.util.thread.AbstractConsecutiveExecutor.run(AbstractConsecutiveExecutor.java:63)
	at knot//net.minecraft.server.TickTask.run(TickTask.java:18)
	at knot//net.minecraft.util.thread.BlockableEventLoop.doRunTask(BlockableEventLoop.java:173)
	at knot//net.minecraft.util.thread.ReentrantBlockableEventLoop.doRunTask(ReentrantBlockableEventLoop.java:23)
	at knot//net.minecraft.server.MinecraftServer.doRunTask(MinecraftServer.java:933)
	at knot//net.minecraft.server.MinecraftServer.doRunTask(MinecraftServer.java:195)
	at knot//net.minecraft.util.thread.BlockableEventLoop.execute(BlockableEventLoop.java:114)
	at knot//net.minecraft.util.thread.AbstractConsecutiveExecutor.registerForExecution(AbstractConsecutiveExecutor.java:90)
	at knot//net.minecraft.util.thread.AbstractConsecutiveExecutor.run(AbstractConsecutiveExecutor.java:63)
	at knot//net.minecraft.server.TickTask.run(TickTask.java:18)
	at knot//net.minecraft.util.thread.BlockableEventLoop.doRunTask(BlockableEventLoop.java:173)
	at knot//net.minecraft.util.thread.ReentrantBlockableEventLoop.doRunTask(ReentrantBlockableEventLoop.java:23)
	at knot//net.minecraft.server.MinecraftServer.doRunTask(MinecraftServer.java:933)
	at knot//net.minecraft.server.MinecraftServer.doRunTask(MinecraftServer.java:195)
	at knot//net.minecraft.util.thread.BlockableEventLoop.execute(BlockableEventLoop.java:114)
	at knot//net.minecraft.util.thread.AbstractConsecutiveExecutor.registerForExecution(AbstractConsecutiveExecutor.java:90)
	at knot//net.minecraft.util.thread.AbstractConsecutiveExecutor.run(AbstractConsecutiveExecutor.java:63)
	at knot//net.minecraft.server.TickTask.run(TickTask.java:18)
	at knot//net.minecraft.util.thread.BlockableEventLoop.doRunTask(BlockableEventLoop.java:173)
	at knot//net.minecraft.util.thread.ReentrantBlockableEventLoop.doRunTask(ReentrantBlockableEventLoop.java:23)
	at knot//net.minecraft.server.MinecraftServer.doRunTask(MinecraftServer.java:933)
	at knot//net.minecraft.server.MinecraftServer.doRunTask(MinecraftServer.java:195)
	at knot//net.minecraft.util.thread.BlockableEventLoop.execute(BlockableEventLoop.java:114)
	at knot//net.minecraft.util.thread.AbstractConsecutiveExecutor.registerForExecution(AbstractConsecutiveExecutor.java:90)
	at knot//net.minecraft.util.thread.AbstractConsecutiveExecutor.run(AbstractConsecutiveExecutor.java:63)
	at knot//net.minecraft.server.TickTask.run(TickTask.java:18)
	at knot//net.minecraft.util.thread.BlockableEventLoop.doRunTask(BlockableEventLoop.java:173)
	at knot//net.minecraft.util.thread.ReentrantBlockableEventLoop.doRunTask(ReentrantBlockableEventLoop.java:23)
	at knot//net.minecraft.server.MinecraftServer.doRunTask(MinecraftServer.java:933)
	at knot//net.minecraft.server.MinecraftServer.doRunTask(MinecraftServer.java:195)
	at knot//net.minecraft.util.thread.BlockableEventLoop.execute(BlockableEventLoop.java:114)
	at knot//net.minecraft.util.thread.AbstractConsecutiveExecutor.registerForExecution(AbstractConsecutiveExecutor.java:90)
	at knot//net.minecraft.util.thread.AbstractConsecutiveExecutor.run(AbstractConsecutiveExecutor.java:63)
	at knot//net.minecraft.server.TickTask.run(TickTask.java:18)
	at knot//net.minecraft.util.thread.BlockableEventLoop.doRunTask(BlockableEventLoop.java:173)
	at knot//net.minecraft.util.thread.ReentrantBlockableEventLoop.doRunTask(ReentrantBlockableEventLoop.java:23)
	at knot//net.minecraft.server.MinecraftServer.doRunTask(MinecraftServer.java:933)
	at knot//net.minecraft.server.MinecraftServer.doRunTask(MinecraftServer.java:195)
	at knot//net.minecraft.util.thread.BlockableEventLoop.execute(BlockableEventLoop.java:114)
	at knot//net.minecraft.util.thread.AbstractConsecutiveExecutor.registerForExecution(AbstractConsecutiveExecutor.java:90)
	at knot//net.minecraft.util.thread.AbstractConsecutiveExecutor.run(AbstractConsecutiveExecutor.java:63)
	at knot//net.minecraft.server.TickTask.run(TickTask.java:18)
	at knot//net.minecraft.util.thread.BlockableEventLoop.doRunTask(BlockableEventLoop.java:173)
	at knot//net.minecraft.util.thread.ReentrantBlockableEventLoop.doRunTask(ReentrantBlockableEventLoop.java:23)
	at knot//net.minecraft.server.MinecraftServer.doRunTask(MinecraftServer.java:933)
	at knot//net.minecraft.server.MinecraftServer.doRunTask(MinecraftServer.java:195)
	at knot//net.minecraft.util.thread.BlockableEventLoop.execute(BlockableEventLoop.java:114)
	at knot//net.minecraft.util.thread.AbstractConsecutiveExecutor.registerForExecution(AbstractConsecutiveExecutor.java:90)
	at knot//net.minecraft.util.thread.AbstractConsecutiveExecutor.run(AbstractConsecutiveExecutor.java:63)
	at knot//net.minecraft.server.TickTask.run(TickTask.java:18)
	at knot//net.minecraft.util.thread.BlockableEventLoop.doRunTask(BlockableEventLoop.java:173)
	at knot//net.minecraft.util.thread.ReentrantBlockableEventLoop.doRunTask(ReentrantBlockableEventLoop.java:23)
	at knot//net.minecraft.server.MinecraftServer.doRunTask(MinecraftServer.java:933)
	at knot//net.minecraft.server.MinecraftServer.doRunTask(MinecraftServer.java:195)
	at knot//net.minecraft.util.thread.BlockableEventLoop.execute(BlockableEventLoop.java:114)
	at knot//net.minecraft.util.thread.AbstractConsecutiveExecutor.registerForExecution(AbstractConsecutiveExecutor.java:90)
	at knot//net.minecraft.util.thread.AbstractConsecutiveExecutor.run(AbstractConsecutiveExecutor.java:63)
	at knot//net.minecraft.server.TickTask.run(TickTask.java:18)
	at knot//net.minecraft.util.thread.BlockableEventLoop.doRunTask(BlockableEventLoop.java:173)
	at knot//net.minecraft.util.thread.ReentrantBlockableEventLoop.doRunTask(ReentrantBlockableEventLoop.java:23)
	at knot//net.minecraft.server.MinecraftServer.doRunTask(MinecraftServer.java:933)
	at knot//net.minecraft.server.MinecraftServer.doRunTask(MinecraftServer.java:195)
	at knot//net.minecraft.util.thread.BlockableEventLoop.execute(BlockableEventLoop.java:114)
	at knot//net.minecraft.util.thread.AbstractConsecutiveExecutor.registerForExecution(AbstractConsecutiveExecutor.java:90)
	at knot//net.minecraft.util.thread.AbstractConsecutiveExecutor.run(AbstractConsecutiveExecutor.java:63)
	at knot//net.minecraft.server.TickTask.run(TickTask.java:18)
	at knot//net.minecraft.util.thread.BlockableEventLoop.doRunTask(BlockableEventLoop.java:173)
	at knot//net.minecraft.util.thread.ReentrantBlockableEventLoop.doRunTask(ReentrantBlockableEventLoop.java:23)
	at knot//net.minecraft.server.MinecraftServer.doRunTask(MinecraftServer.java:933)
	at knot//net.minecraft.server.MinecraftServer.doRunTask(MinecraftServer.java:195)
	at knot//net.minecraft.util.thread.BlockableEventLoop.execute(BlockableEventLoop.java:114)
	at knot//net.minecraft.util.thread.AbstractConsecutiveExecutor.registerForExecution(AbstractConsecutiveExecutor.java:90)
	at knot//net.minecraft.util.thread.AbstractConsecutiveExecutor.run(AbstractConsecutiveExecutor.java:63)
	at knot//net.minecraft.server.TickTask.run(TickTask.java:18)
	at knot//net.minecraft.util.thread.BlockableEventLoop.doRunTask(BlockableEventLoop.java:173)
	at knot//net.minecraft.util.thread.ReentrantBlockableEventLoop.doRunTask(ReentrantBlockableEventLoop.java:23)
	at knot//net.minecraft.server.MinecraftServer.doRunTask(MinecraftServer.java:933)
	at knot//net.minecraft.server.MinecraftServer.doRunTask(MinecraftServer.java:195)
	at knot//net.minecraft.util.thread.BlockableEventLoop.execute(BlockableEventLoop.java:114)
	at knot//net.minecraft.util.thread.AbstractConsecutiveExecutor.registerForExecution(AbstractConsecutiveExecutor.java:90)
	at knot//net.minecraft.util.thread.AbstractConsecutiveExecutor.run(AbstractConsecutiveExecutor.java:63)
	at knot//net.minecraft.server.TickTask.run(TickTask.java:18)
	at knot//net.minecraft.util.thread.BlockableEventLoop.doRunTask(BlockableEventLoop.java:173)
	at knot//net.minecraft.util.thread.ReentrantBlockableEventLoop.doRunTask(ReentrantBlockableEventLoop.java:23)
	at knot//net.minecraft.server.MinecraftServer.doRunTask(MinecraftServer.java:933)
	at knot//net.minecraft.server.MinecraftServer.doRunTask(MinecraftServer.java:195)
	at knot//net.minecraft.util.thread.BlockableEventLoop.execute(BlockableEventLoop.java:114)
	at knot//net.minecraft.util.thread.AbstractConsecutiveExecutor.registerForExecution(AbstractConsecutiveExecutor.java:90)
	at knot//net.minecraft.util.thread.AbstractConsecutiveExecutor.run(AbstractConsecutiveExecutor.java:63)
	at knot//net.minecraft.server.TickTask.run(TickTask.java:18)
	at knot//net.minecraft.util.thread.BlockableEventLoop.doRunTask(BlockableEventLoop.java:173)
	at knot//net.minecraft.util.thread.ReentrantBlockableEventLoop.doRunTask(ReentrantBlockableEventLoop.java:23)
	at knot//net.minecraft.server.MinecraftServer.doRunTask(MinecraftServer.java:933)
	at knot//net.minecraft.server.MinecraftServer.doRunTask(MinecraftServer.java:195)
	at knot//net.minecraft.util.thread.BlockableEventLoop.execute(BlockableEventLoop.java:114)
	at knot//net.minecraft.util.thread.AbstractConsecutiveExecutor.registerForExecution(AbstractConsecutiveExecutor.java:90)
	at knot//net.minecraft.util.thread.AbstractConsecutiveExecutor.run(AbstractConsecutiveExecutor.java:63)
	at knot//net.minecraft.server.TickTask.run(TickTask.java:18)
	at knot//net.minecraft.util.thread.BlockableEventLoop.doRunTask(BlockableEventLoop.java:173)
	at knot//net.minecraft.util.thread.ReentrantBlockableEventLoop.doRunTask(ReentrantBlockableEventLoop.java:23)
	at knot//net.minecraft.server.MinecraftServer.doRunTask(MinecraftServer.java:933)
	at knot//net.minecraft.server.MinecraftServer.doRunTask(MinecraftServer.java:195)
	at knot//net.minecraft.util.thread.BlockableEventLoop.execute(BlockableEventLoop.java:114)
	at knot//net.minecraft.util.thread.AbstractConsecutiveExecutor.registerForExecution(AbstractConsecutiveExecutor.java:90)
	at knot//net.minecraft.util.thread.AbstractConsecutiveExecutor.run(AbstractConsecutiveExecutor.java:63)
	at knot//net.minecraft.server.TickTask.run(TickTask.java:18)
	at knot//net.minecraft.util.thread.BlockableEventLoop.doRunTask(BlockableEventLoop.java:173)
	at knot//net.minecraft.util.thread.ReentrantBlockableEventLoop.doRunTask(ReentrantBlockableEventLoop.java:23)
	at knot//net.minecraft.server.MinecraftServer.doRunTask(MinecraftServer.java:933)
	at knot//net.minecraft.server.MinecraftServer.doRunTask(MinecraftServer.java:195)
	at knot//net.minecraft.util.thread.BlockableEventLoop.execute(BlockableEventLoop.java:114)
	at knot//net.minecraft.util.thread.AbstractConsecutiveExecutor.registerForExecution(AbstractConsecutiveExecutor.java:90)
	at knot//net.minecraft.util.thread.AbstractConsecutiveExecutor.run(AbstractConsecutiveExecutor.java:63)
	at knot//net.minecraft.server.TickTask.run(TickTask.java:18)
	at knot//net.minecraft.util.thread.BlockableEventLoop.doRunTask(BlockableEventLoop.java:173)
	at knot//net.minecraft.util.thread.ReentrantBlockableEventLoop.doRunTask(ReentrantBlockableEventLoop.java:23)
	at knot//net.minecraft.server.MinecraftServer.doRunTask(MinecraftServer.java:933)
	at knot//net.minecraft.server.MinecraftServer.doRunTask(MinecraftServer.java:195)
	at knot//net.minecraft.util.thread.BlockableEventLoop.execute(BlockableEventLoop.java:114)
	at knot//net.minecraft.util.thread.AbstractConsecutiveExecutor.registerForExecution(AbstractConsecutiveExecutor.java:90)
	at knot//net.minecraft.util.thread.AbstractConsecutiveExecutor.run(AbstractConsecutiveExecutor.java:63)
	at knot//net.minecraft.server.TickTask.run(TickTask.java:18)
	at knot//net.minecraft.util.thread.BlockableEventLoop.doRunTask(BlockableEventLoop.java:173)
	at knot//net.minecraft.util.thread.ReentrantBlockableEventLoop.doRunTask(ReentrantBlockableEventLoop.java:23)
	at knot//net.minecraft.server.MinecraftServer.doRunTask(MinecraftServer.java:933)
	at knot//net.minecraft.server.MinecraftServer.doRunTask(MinecraftServer.java:195)
	at knot//net.minecraft.util.thread.BlockableEventLoop.execute(BlockableEventLoop.java:114)
	at knot//net.minecraft.util.thread.AbstractConsecutiveExecutor.registerForExecution(AbstractConsecutiveExecutor.java:90)
	at knot//net.minecraft.util.thread.AbstractConsecutiveExecutor.run(AbstractConsecutiveExecutor.java:63)
	at knot//net.minecraft.server.TickTask.run(TickTask.java:18)
	at knot//net.minecraft.util.thread.BlockableEventLoop.doRunTask(BlockableEventLoop.java:173)
	at knot//net.minecraft.util.thread.ReentrantBlockableEventLoop.doRunTask(ReentrantBlockableEventLoop.java:23)
	at knot//net.minecraft.server.MinecraftServer.doRunTask(MinecraftServer.java:933)
	at knot//net.minecraft.server.MinecraftServer.doRunTask(MinecraftServer.java:195)
	at knot//net.minecraft.util.thread.BlockableEventLoop.execute(BlockableEventLoop.java:114)
	at knot//net.minecraft.util.thread.AbstractConsecutiveExecutor.registerForExecution(AbstractConsecutiveExecutor.java:90)
	at knot//net.minecraft.util.thread.AbstractConsecutiveExecutor.run(AbstractConsecutiveExecutor.java:63)
	at knot//net.minecraft.server.TickTask.run(TickTask.java:18)
	at knot//net.minecraft.util.thread.BlockableEventLoop.doRunTask(BlockableEventLoop.java:173)
	at knot//net.minecraft.util.thread.ReentrantBlockableEventLoop.doRunTask(ReentrantBlockableEventLoop.java:23)
	at knot//net.minecraft.server.MinecraftServer.doRunTask(MinecraftServer.java:933)
	at knot//net.minecraft.server.MinecraftServer.doRunTask(MinecraftServer.java:195)
	at knot//net.minecraft.util.thread.BlockableEventLoop.execute(BlockableEventLoop.java:114)
	at knot//net.minecraft.util.thread.AbstractConsecutiveExecutor.registerForExecution(AbstractConsecutiveExecutor.java:90)
	at knot//net.minecraft.util.thread.AbstractConsecutiveExecutor.run(AbstractConsecutiveExecutor.java:63)
	at knot//net.minecraft.server.TickTask.run(TickTask.java:18)
	at knot//net.minecraft.util.thread.BlockableEventLoop.doRunTask(BlockableEventLoop.java:173)
	at knot//net.minecraft.util.thread.ReentrantBlockableEventLoop.doRunTask(ReentrantBlockableEventLoop.java:23)
	at knot//net.minecraft.server.MinecraftServer.doRunTask(MinecraftServer.java:933)
	at knot//net.minecraft.server.MinecraftServer.doRunTask(MinecraftServer.java:195)
	at knot//net.minecraft.util.thread.BlockableEventLoop.execute(BlockableEventLoop.java:114)
	at knot//net.minecraft.util.thread.AbstractConsecutiveExecutor.registerForExecution(AbstractConsecutiveExecutor.java:90)
	at knot//net.minecraft.util.thread.AbstractConsecutiveExecutor.run(AbstractConsecutiveExecutor.java:63)
	at knot//net.minecraft.server.TickTask.run(TickTask.java:18)
	at knot//net.minecraft.util.thread.BlockableEventLoop.doRunTask(BlockableEventLoop.java:173)
	at knot//net.minecraft.util.thread.ReentrantBlockableEventLoop.doRunTask(ReentrantBlockableEventLoop.java:23)
	at knot//net.minecraft.server.MinecraftServer.doRunTask(MinecraftServer.java:933)
	at knot//net.minecraft.server.MinecraftServer.doRunTask(MinecraftServer.java:195)
	at knot//net.minecraft.util.thread.BlockableEventLoop.execute(BlockableEventLoop.java:114)
	at knot//net.minecraft.util.thread.AbstractConsecutiveExecutor.registerForExecution(AbstractConsecutiveExecutor.java:90)
	at knot//net.minecraft.util.thread.AbstractConsecutiveExecutor.run(AbstractConsecutiveExecutor.java:63)
	at knot//net.minecraft.server.TickTask.run(TickTask.java:18)
	at knot//net.minecraft.util.thread.BlockableEventLoop.doRunTask(BlockableEventLoop.java:173)
	at knot//net.minecraft.util.thread.ReentrantBlockableEventLoop.doRunTask(ReentrantBlockableEventLoop.java:23)
	at knot//net.minecraft.server.MinecraftServer.doRunTask(MinecraftServer.java:933)
	at knot//net.minecraft.server.MinecraftServer.doRunTask(MinecraftServer.java:195)
	at knot//net.minecraft.util.thread.BlockableEventLoop.execute(BlockableEventLoop.java:114)
	at knot//net.minecraft.util.thread.AbstractConsecutiveExecutor.registerForExecution(AbstractConsecutiveExecutor.java:90)
	at knot//net.minecraft.util.thread.AbstractConsecutiveExecutor.run(AbstractConsecutiveExecutor.java:63)
	at knot//net.minecraft.server.TickTask.run(TickTask.java:18)
	at knot//net.minecraft.util.thread.BlockableEventLoop.doRunTask(BlockableEventLoop.java:173)
	at knot//net.minecraft.util.thread.ReentrantBlockableEventLoop.doRunTask(ReentrantBlockableEventLoop.java:23)
	at knot//net.minecraft.server.MinecraftServer.doRunTask(MinecraftServer.java:933)
	at knot//net.minecraft.server.MinecraftServer.doRunTask(MinecraftServer.java:195)
	at knot//net.minecraft.util.thread.BlockableEventLoop.execute(BlockableEventLoop.java:114)
	at knot//net.minecraft.util.thread.AbstractConsecutiveExecutor.registerForExecution(AbstractConsecutiveExecutor.java:90)
	at knot//net.minecraft.util.thread.AbstractConsecutiveExecutor.run(AbstractConsecutiveExecutor.java:63)
	at knot//net.minecraft.server.TickTask.run(TickTask.java:18)
	at knot//net.minecraft.util.thread.BlockableEventLoop.doRunTask(BlockableEventLoop.java:173)
	at knot//net.minecraft.util.thread.ReentrantBlockableEventLoop.doRunTask(ReentrantBlockableEventLoop.java:23)
	at knot//net.minecraft.server.MinecraftServer.doRunTask(MinecraftServer.java:933)
	at knot//net.minecraft.server.MinecraftServer.doRunTask(MinecraftServer.java:195)
	at knot//net.minecraft.util.thread.BlockableEventLoop.execute(BlockableEventLoop.java:114)
	at knot//net.minecraft.util.thread.AbstractConsecutiveExecutor.registerForExecution(AbstractConsecutiveExecutor.java:90)
	at knot//net.minecraft.util.thread.AbstractConsecutiveExecutor.run(AbstractConsecutiveExecutor.java:63)
	at knot//net.minecraft.server.TickTask.run(TickTask.java:18)
	at knot//net.minecraft.util.thread.BlockableEventLoop.doRunTask(BlockableEventLoop.java:173)
	at knot//net.minecraft.util.thread.ReentrantBlockableEventLoop.doRunTask(ReentrantBlockableEventLoop.java:23)
	at knot//net.minecraft.server.MinecraftServer.doRunTask(MinecraftServer.java:933)
	at knot//net.minecraft.server.MinecraftServer.doRunTask(MinecraftServer.java:195)
	at knot//net.minecraft.util.thread.BlockableEventLoop.execute(BlockableEventLoop.java:114)
	at knot//net.minecraft.util.thread.AbstractConsecutiveExecutor.registerForExecution(AbstractConsecutiveExecutor.java:90)
	at knot//net.minecraft.util.thread.AbstractConsecutiveExecutor.run(AbstractConsecutiveExecutor.java:63)
	at knot//net.minecraft.server.TickTask.run(TickTask.java:18)
	at knot//net.minecraft.util.thread.BlockableEventLoop.doRunTask(BlockableEventLoop.java:173)
	at knot//net.minecraft.util.thread.ReentrantBlockableEventLoop.doRunTask(ReentrantBlockableEventLoop.java:23)
	at knot//net.minecraft.server.MinecraftServer.doRunTask(MinecraftServer.java:933)
	at knot//net.minecraft.server.MinecraftServer.doRunTask(MinecraftServer.java:195)
	at knot//net.minecraft.util.thread.BlockableEventLoop.execute(BlockableEventLoop.java:114)
	at knot//net.minecraft.util.thread.AbstractConsecutiveExecutor.registerForExecution(AbstractConsecutiveExecutor.java:90)
	at knot//net.minecraft.util.thread.AbstractConsecutiveExecutor.run(AbstractConsecutiveExecutor.java:63)
	at knot//net.minecraft.server.TickTask.run(TickTask.java:18)
	at knot//net.minecraft.util.thread.BlockableEventLoop.doRunTask(BlockableEventLoop.java:173)
	at knot//net.minecraft.util.thread.ReentrantBlockableEventLoop.doRunTask(ReentrantBlockableEventLoop.java:23)
	at knot//net.minecraft.server.MinecraftServer.doRunTask(MinecraftServer.java:933)
	at knot//net.minecraft.server.MinecraftServer.doRunTask(MinecraftServer.java:195)
	at knot//net.minecraft.util.thread.BlockableEventLoop.execute(BlockableEventLoop.java:114)
	at knot//net.minecraft.util.thread.AbstractConsecutiveExecutor.registerForExecution(AbstractConsecutiveExecutor.java:90)
	at knot//net.minecraft.util.thread.AbstractConsecutiveExecutor.run(AbstractConsecutiveExecutor.java:63)
	at knot//net.minecraft.server.TickTask.run(TickTask.java:18)
	at knot//net.minecraft.util.thread.BlockableEventLoop.doRunTask(BlockableEventLoop.java:173)
	at knot//net.minecraft.util.thread.ReentrantBlockableEventLoop.doRunTask(ReentrantBlockableEventLoop.java:23)
	at knot//net.minecraft.server.MinecraftServer.doRunTask(MinecraftServer.java:933)
	at knot//net.minecraft.server.MinecraftServer.doRunTask(MinecraftServer.java:195)
	at knot//net.minecraft.util.thread.BlockableEventLoop.execute(BlockableEventLoop.java:114)
	at knot//net.minecraft.util.thread.AbstractConsecutiveExecutor.registerForExecution(AbstractConsecutiveExecutor.java:90)
	at knot//net.minecraft.util.thread.AbstractConsecutiveExecutor.run(AbstractConsecutiveExecutor.java:63)
	at knot//net.minecraft.server.TickTask.run(TickTask.java:18)
	at knot//net.minecraft.util.thread.BlockableEventLoop.doRunTask(BlockableEventLoop.java:173)
	at knot//net.minecraft.util.thread.ReentrantBlockableEventLoop.doRunTask(ReentrantBlockableEventLoop.java:23)
	at knot//net.minecraft.server.MinecraftServer.doRunTask(MinecraftServer.java:933)
	at knot//net.minecraft.server.MinecraftServer.doRunTask(MinecraftServer.java:195)
	at knot//net.minecraft.util.thread.BlockableEventLoop.execute(BlockableEventLoop.java:114)
	at knot//net.minecraft.util.thread.AbstractConsecutiveExecutor.registerForExecution(AbstractConsecutiveExecutor.java:90)
	at knot//net.minecraft.util.thread.AbstractConsecutiveExecutor.run(AbstractConsecutiveExecutor.java:63)
	at knot//net.minecraft.server.TickTask.run(TickTask.java:18)
	at knot//net.minecraft.util.thread.BlockableEventLoop.doRunTask(BlockableEventLoop.java:173)
	at knot//net.minecraft.util.thread.ReentrantBlockableEventLoop.doRunTask(ReentrantBlockableEventLoop.java:23)
	at knot//net.minecraft.server.MinecraftServer.doRunTask(MinecraftServer.java:933)
	at knot//net.minecraft.server.MinecraftServer.doRunTask(MinecraftServer.java:195)
	at knot//net.minecraft.util.thread.BlockableEventLoop.execute(BlockableEventLoop.java:114)
	at knot//net.minecraft.util.thread.AbstractConsecutiveExecutor.registerForExecution(AbstractConsecutiveExecutor.java:90)
	at knot//net.minecraft.util.thread.AbstractConsecutiveExecutor.run(AbstractConsecutiveExecutor.java:63)
	at knot//net.minecraft.server.TickTask.run(TickTask.java:18)
	at knot//net.minecraft.util.thread.BlockableEventLoop.doRunTask(BlockableEventLoop.java:173)
	at knot//net.minecraft.util.thread.ReentrantBlockableEventLoop.doRunTask(ReentrantBlockableEventLoop.java:23)
	at knot//net.minecraft.server.MinecraftServer.doRunTask(MinecraftServer.java:933)
	at knot//net.minecraft.server.MinecraftServer.doRunTask(MinecraftServer.java:195)
	at knot//net.minecraft.util.thread.BlockableEventLoop.execute(BlockableEventLoop.java:114)
	at knot//net.minecraft.util.thread.AbstractConsecutiveExecutor.registerForExecution(AbstractConsecutiveExecutor.java:90)
	at knot//net.minecraft.util.thread.AbstractConsecutiveExecutor.run(AbstractConsecutiveExecutor.java:63)
	at knot//net.minecraft.server.TickTask.run(TickTask.java:18)
	at knot//net.minecraft.util.thread.BlockableEventLoop.doRunTask(BlockableEventLoop.java:173)
	at knot//net.minecraft.util.thread.ReentrantBlockableEventLoop.doRunTask(ReentrantBlockableEventLoop.java:23)
	at knot//net.minecraft.server.MinecraftServer.doRunTask(MinecraftServer.java:933)
	at knot//net.minecraft.server.MinecraftServer.doRunTask(MinecraftServer.java:195)
	at knot//net.minecraft.util.thread.BlockableEventLoop.execute(BlockableEventLoop.java:114)
	at knot//net.minecraft.util.thread.AbstractConsecutiveExecutor.registerForExecution(AbstractConsecutiveExecutor.java:90)
	at knot//net.minecraft.util.thread.AbstractConsecutiveExecutor.run(AbstractConsecutiveExecutor.java:63)
	at knot//net.minecraft.server.TickTask.run(TickTask.java:18)
	at knot//net.minecraft.util.thread.BlockableEventLoop.doRunTask(BlockableEventLoop.java:173)
	at knot//net.minecraft.util.thread.ReentrantBlockableEventLoop.doRunTask(ReentrantBlockableEventLoop.java:23)
	at knot//net.minecraft.server.MinecraftServer.doRunTask(MinecraftServer.java:933)
	at knot//net.minecraft.server.MinecraftServer.doRunTask(MinecraftServer.java:195)
	at knot//net.minecraft.util.thread.BlockableEventLoop.execute(BlockableEventLoop.java:114)
	at knot//net.minecraft.util.thread.AbstractConsecutiveExecutor.registerForExecution(AbstractConsecutiveExecutor.java:90)
	at knot//net.minecraft.util.thread.AbstractConsecutiveExecutor.run(AbstractConsecutiveExecutor.java:63)
	at knot//net.minecraft.server.TickTask.run(TickTask.java:18)
	at knot//net.minecraft.util.thread.BlockableEventLoop.doRunTask(BlockableEventLoop.java:173)
	at knot//net.minecraft.util.thread.ReentrantBlockableEventLoop.doRunTask(ReentrantBlockableEventLoop.java:23)
	at knot//net.minecraft.server.MinecraftServer.doRunTask(MinecraftServer.java:933)
	at knot//net.minecraft.server.MinecraftServer.doRunTask(MinecraftServer.java:195)
	at knot//net.minecraft.util.thread.BlockableEventLoop.execute(BlockableEventLoop.java:114)
	at knot//net.minecraft.util.thread.AbstractConsecutiveExecutor.registerForExecution(AbstractConsecutiveExecutor.java:90)
	at knot//net.minecraft.util.thread.AbstractConsecutiveExecutor.run(AbstractConsecutiveExecutor.java:63)
	at knot//net.minecraft.server.TickTask.run(TickTask.java:18)
	at knot//net.minecraft.util.thread.BlockableEventLoop.doRunTask(BlockableEventLoop.java:173)
	at knot//net.minecraft.util.thread.ReentrantBlockableEventLoop.doRunTask(ReentrantBlockableEventLoop.java:23)
	at knot//net.minecraft.server.MinecraftServer.doRunTask(MinecraftServer.java:933)
	at knot//net.minecraft.server.MinecraftServer.doRunTask(MinecraftServer.java:195)
	at knot//net.minecraft.util.thread.BlockableEventLoop.execute(BlockableEventLoop.java:114)
	at knot//net.minecraft.util.thread.AbstractConsecutiveExecutor.registerForExecution(AbstractConsecutiveExecutor.java:90)
	at knot//net.minecraft.util.thread.AbstractConsecutiveExecutor.run(AbstractConsecutiveExecutor.java:63)
	at knot//net.minecraft.server.TickTask.run(TickTask.java:18)
	at knot//net.minecraft.util.thread.BlockableEventLoop.doRunTask(BlockableEventLoop.java:173)
	at knot//net.minecraft.util.thread.ReentrantBlockableEventLoop.doRunTask(ReentrantBlockableEventLoop.java:23)
	at knot//net.minecraft.server.MinecraftServer.doRunTask(MinecraftServer.java:933)
	at knot//net.minecraft.server.MinecraftServer.doRunTask(MinecraftServer.java:195)
	at knot//net.minecraft.util.thread.BlockableEventLoop.execute(BlockableEventLoop.java:114)
	at knot//net.minecraft.util.thread.AbstractConsecutiveExecutor.registerForExecution(AbstractConsecutiveExecutor.java:90)
	at knot//net.minecraft.util.thread.AbstractConsecutiveExecutor.run(AbstractConsecutiveExecutor.java:63)
	at knot//net.minecraft.server.TickTask.run(TickTask.java:18)
	at knot//net.minecraft.util.thread.BlockableEventLoop.doRunTask(BlockableEventLoop.java:173)
	at knot//net.minecraft.util.thread.ReentrantBlockableEventLoop.doRunTask(ReentrantBlockableEventLoop.java:23)
	at knot//net.minecraft.server.MinecraftServer.doRunTask(MinecraftServer.java:933)
	at knot//net.minecraft.server.MinecraftServer.doRunTask(MinecraftServer.java:195)
	at knot//net.minecraft.util.thread.BlockableEventLoop.execute(BlockableEventLoop.java:114)
	at knot//net.minecraft.util.thread.AbstractConsecutiveExecutor.registerForExecution(AbstractConsecutiveExecutor.java:90)
	at knot//net.minecraft.util.thread.AbstractConsecutiveExecutor.run(AbstractConsecutiveExecutor.java:63)
	at knot//net.minecraft.server.TickTask.run(TickTask.java:18)
	at knot//net.minecraft.util.thread.BlockableEventLoop.doRunTask(BlockableEventLoop.java:173)
	at knot//net.minecraft.util.thread.ReentrantBlockableEventLoop.doRunTask(ReentrantBlockableEventLoop.java:23)
	at knot//net.minecraft.server.MinecraftServer.doRunTask(MinecraftServer.java:933)
	at knot//net.minecraft.server.MinecraftServer.doRunTask(MinecraftServer.java:195)
	at knot//net.minecraft.util.thread.BlockableEventLoop.execute(BlockableEventLoop.java:114)
	at knot//net.minecraft.util.thread.AbstractConsecutiveExecutor.registerForExecution(AbstractConsecutiveExecutor.java:90)
	at knot//net.minecraft.util.thread.AbstractConsecutiveExecutor.run(AbstractConsecutiveExecutor.java:63)
	at knot//net.minecraft.server.TickTask.run(TickTask.java:18)
	at knot//net.minecraft.util.thread.BlockableEventLoop.doRunTask(BlockableEventLoop.java:173)
	at knot//net.minecraft.util.thread.ReentrantBlockableEventLoop.doRunTask(ReentrantBlockableEventLoop.java:23)
	at knot//net.minecraft.server.MinecraftServer.doRunTask(MinecraftServer.java:933)
	at knot//net.minecraft.server.MinecraftServer.doRunTask(MinecraftServer.java:195)
	at knot//net.minecraft.util.thread.BlockableEventLoop.execute(BlockableEventLoop.java:114)
	at knot//net.minecraft.util.thread.AbstractConsecutiveExecutor.registerForExecution(AbstractConsecutiveExecutor.java:90)
	at knot//net.minecraft.util.thread.AbstractConsecutiveExecutor.run(AbstractConsecutiveExecutor.java:63)
	at knot//net.minecraft.server.TickTask.run(TickTask.java:18)
	at knot//net.minecraft.util.thread.BlockableEventLoop.doRunTask(BlockableEventLoop.java:173)
	at knot//net.minecraft.util.thread.ReentrantBlockableEventLoop.doRunTask(ReentrantBlockableEventLoop.java:23)
	at knot//net.minecraft.server.MinecraftServer.doRunTask(MinecraftServer.java:933)
	at knot//net.minecraft.server.MinecraftServer.doRunTask(MinecraftServer.java:195)
	at knot//net.minecraft.util.thread.BlockableEventLoop.execute(BlockableEventLoop.java:114)
	at knot//net.minecraft.util.thread.AbstractConsecutiveExecutor.registerForExecution(AbstractConsecutiveExecutor.java:90)
	at knot//net.minecraft.util.thread.AbstractConsecutiveExecutor.run(AbstractConsecutiveExecutor.java:63)
	at knot//net.minecraft.server.TickTask.run(TickTask.java:18)
	at knot//net.minecraft.util.thread.BlockableEventLoop.doRunTask(BlockableEventLoop.java:173)
	at knot//net.minecraft.util.thread.ReentrantBlockableEventLoop.doRunTask(ReentrantBlockableEventLoop.java:23)
	at knot//net.minecraft.server.MinecraftServer.doRunTask(MinecraftServer.java:933)
	at knot//net.minecraft.server.MinecraftServer.doRunTask(MinecraftServer.java:195)
	at knot//net.minecraft.util.thread.BlockableEventLoop.execute(BlockableEventLoop.java:114)
	at knot//net.minecraft.util.thread.AbstractConsecutiveExecutor.registerForExecution(AbstractConsecutiveExecutor.java:90)
	at knot//net.minecraft.util.thread.AbstractConsecutiveExecutor.run(AbstractConsecutiveExecutor.java:63)
	at knot//net.minecraft.server.TickTask.run(TickTask.java:18)
	at knot//net.minecraft.util.thread.BlockableEventLoop.doRunTask(BlockableEventLoop.java:173)
	at knot//net.minecraft.util.thread.ReentrantBlockableEventLoop.doRunTask(ReentrantBlockableEventLoop.java:23)
	at knot//net.minecraft.server.MinecraftServer.doRunTask(MinecraftServer.java:933)
	at knot//net.minecraft.server.MinecraftServer.doRunTask(MinecraftServer.java:195)
	at knot//net.minecraft.util.thread.BlockableEventLoop.execute(BlockableEventLoop.java:114)
	at knot//net.minecraft.util.thread.AbstractConsecutiveExecutor.registerForExecution(AbstractConsecutiveExecutor.java:90)
	at knot//net.minecraft.util.thread.AbstractConsecutiveExecutor.run(AbstractConsecutiveExecutor.java:63)
	at knot//net.minecraft.server.TickTask.run(TickTask.java:18)
	at knot//net.minecraft.util.thread.BlockableEventLoop.doRunTask(BlockableEventLoop.java:173)
	at knot//net.minecraft.util.thread.ReentrantBlockableEventLoop.doRunTask(ReentrantBlockableEventLoop.java:23)
	at knot//net.minecraft.server.MinecraftServer.doRunTask(MinecraftServer.java:933)
	at knot//net.minecraft.server.MinecraftServer.doRunTask(MinecraftServer.java:195)
	at knot//net.minecraft.util.thread.BlockableEventLoop.execute(BlockableEventLoop.java:114)
	at knot//net.minecraft.util.thread.AbstractConsecutiveExecutor.registerForExecution(AbstractConsecutiveExecutor.java:90)
	at knot//net.minecraft.util.thread.AbstractConsecutiveExecutor.run(AbstractConsecutiveExecutor.java:63)
	at knot//net.minecraft.server.TickTask.run(TickTask.java:18)
	at knot//net.minecraft.util.thread.BlockableEventLoop.doRunTask(BlockableEventLoop.java:173)
	at knot//net.minecraft.util.thread.ReentrantBlockableEventLoop.doRunTask(ReentrantBlockableEventLoop.java:23)
	at knot//net.minecraft.server.MinecraftServer.doRunTask(MinecraftServer.java:933)
	at knot//net.minecraft.server.MinecraftServer.doRunTask(MinecraftServer.java:195)
	at knot//net.minecraft.util.thread.BlockableEventLoop.execute(BlockableEventLoop.java:114)
	at knot//net.minecraft.util.thread.AbstractConsecutiveExecutor.registerForExecution(AbstractConsecutiveExecutor.java:90)
	at knot//net.minecraft.util.thread.AbstractConsecutiveExecutor.run(AbstractConsecutiveExecutor.java:63)
	at knot//net.minecraft.server.TickTask.run(TickTask.java:18)
	at knot//net.minecraft.util.thread.BlockableEventLoop.doRunTask(BlockableEventLoop.java:173)
	at knot//net.minecraft.util.thread.ReentrantBlockableEventLoop.doRunTask(ReentrantBlockableEventLoop.java:23)
	at knot//net.minecraft.server.MinecraftServer.doRunTask(MinecraftServer.java:933)
	at knot//net.minecraft.server.MinecraftServer.doRunTask(MinecraftServer.java:195)
	at knot//net.minecraft.util.thread.BlockableEventLoop.execute(BlockableEventLoop.java:114)
	at knot//net.minecraft.util.thread.AbstractConsecutiveExecutor.registerForExecution(AbstractConsecutiveExecutor.java:90)
	at knot//net.minecraft.util.thread.AbstractConsecutiveExecutor.run(AbstractConsecutiveExecutor.java:63)
	at knot//net.minecraft.server.TickTask.run(TickTask.java:18)
	at knot//net.minecraft.util.thread.BlockableEventLoop.doRunTask(BlockableEventLoop.java:173)
	at knot//net.minecraft.util.thread.ReentrantBlockableEventLoop.doRunTask(ReentrantBlockableEventLoop.java:23)
	at knot//net.minecraft.server.MinecraftServer.doRunTask(MinecraftServer.java:933)
	at knot//net.minecraft.server.MinecraftServer.doRunTask(MinecraftServer.java:195)
	at knot//net.minecraft.util.thread.BlockableEventLoop.execute(BlockableEventLoop.java:114)
	at knot//net.minecraft.util.thread.AbstractConsecutiveExecutor.registerForExecution(AbstractConsecutiveExecutor.java:90)
	at knot//net.minecraft.util.thread.AbstractConsecutiveExecutor.run(AbstractConsecutiveExecutor.java:63)
	at knot//net.minecraft.server.TickTask.run(TickTask.java:18)
	at knot//net.minecraft.util.thread.BlockableEventLoop.doRunTask(BlockableEventLoop.java:173)
	at knot//net.minecraft.util.thread.ReentrantBlockableEventLoop.doRunTask(ReentrantBlockableEventLoop.java:23)
	at knot//net.minecraft.server.MinecraftServer.doRunTask(MinecraftServer.java:933)
	at knot//net.minecraft.server.MinecraftServer.doRunTask(MinecraftServer.java:195)
	at knot//net.minecraft.util.thread.BlockableEventLoop.execute(BlockableEventLoop.java:114)
	at knot//net.minecraft.util.thread.AbstractConsecutiveExecutor.registerForExecution(AbstractConsecutiveExecutor.java:90)
	at knot//net.minecraft.util.thread.AbstractConsecutiveExecutor.run(AbstractConsecutiveExecutor.java:63)
	at knot//net.minecraft.server.TickTask.run(TickTask.java:18)
	at knot//net.minecraft.util.thread.BlockableEventLoop.doRunTask(BlockableEventLoop.java:173)
	at knot//net.minecraft.util.thread.ReentrantBlockableEventLoop.doRunTask(ReentrantBlockableEventLoop.java:23)
	at knot//net.minecraft.server.MinecraftServer.doRunTask(MinecraftServer.java:933)
	at knot//net.minecraft.server.MinecraftServer.doRunTask(MinecraftServer.java:195)
	at knot//net.minecraft.util.thread.BlockableEventLoop.execute(BlockableEventLoop.java:114)
	at knot//net.minecraft.util.thread.AbstractConsecutiveExecutor.registerForExecution(AbstractConsecutiveExecutor.java:90)
	at knot//net.minecraft.util.thread.AbstractConsecutiveExecutor.run(AbstractConsecutiveExecutor.java:63)
	at knot//net.minecraft.server.TickTask.run(TickTask.java:18)
	at knot//net.minecraft.util.thread.BlockableEventLoop.doRunTask(BlockableEventLoop.java:173)
	at knot//net.minecraft.util.thread.ReentrantBlockableEventLoop.doRunTask(ReentrantBlockableEventLoop.java:23)
	at knot//net.minecraft.server.MinecraftServer.doRunTask(MinecraftServer.java:933)
	at knot//net.minecraft.server.MinecraftServer.doRunTask(MinecraftServer.java:195)
	at knot//net.minecraft.util.thread.BlockableEventLoop.execute(BlockableEventLoop.java:114)
	at knot//net.minecraft.util.thread.AbstractConsecutiveExecutor.registerForExecution(AbstractConsecutiveExecutor.java:90)
	at knot//net.minecraft.util.thread.AbstractConsecutiveExecutor.run(AbstractConsecutiveExecutor.java:63)
	at knot//net.minecraft.server.TickTask.run(TickTask.java:18)
	at knot//net.minecraft.util.thread.BlockableEventLoop.doRunTask(BlockableEventLoop.java:173)
	at knot//net.minecraft.util.thread.ReentrantBlockableEventLoop.doRunTask(ReentrantBlockableEventLoop.java:23)
	at knot//net.minecraft.server.MinecraftServer.doRunTask(MinecraftServer.java:933)
	at knot//net.minecraft.server.MinecraftServer.doRunTask(MinecraftServer.java:195)
	at knot//net.minecraft.util.thread.BlockableEventLoop.execute(BlockableEventLoop.java:114)
	at knot//net.minecraft.util.thread.AbstractConsecutiveExecutor.registerForExecution(AbstractConsecutiveExecutor.java:90)
	at knot//net.minecraft.util.thread.AbstractConsecutiveExecutor.run(AbstractConsecutiveExecutor.java:63)
	at knot//net.minecraft.server.TickTask.run(TickTask.java:18)
	at knot//net.minecraft.util.thread.BlockableEventLoop.doRunTask(BlockableEventLoop.java:173)
	at knot//net.minecraft.util.thread.ReentrantBlockableEventLoop.doRunTask(ReentrantBlockableEventLoop.java:23)
	at knot//net.minecraft.server.MinecraftServer.doRunTask(MinecraftServer.java:933)
	at knot//net.minecraft.server.MinecraftServer.doRunTask(MinecraftServer.java:195)
	at knot//net.minecraft.util.thread.BlockableEventLoop.execute(BlockableEventLoop.java:114)
	at knot//net.minecraft.util.thread.AbstractConsecutiveExecutor.registerForExecution(AbstractConsecutiveExecutor.java:90)
	at knot//net.minecraft.util.thread.AbstractConsecutiveExecutor.run(AbstractConsecutiveExecutor.java:63)
	at knot//net.minecraft.server.TickTask.run(TickTask.java:18)
	at knot//net.minecraft.util.thread.BlockableEventLoop.doRunTask(BlockableEventLoop.java:173)
	at knot//net.minecraft.util.thread.ReentrantBlockableEventLoop.doRunTask(ReentrantBlockableEventLoop.java:23)
	at knot//net.minecraft.server.MinecraftServer.doRunTask(MinecraftServer.java:933)
	at knot//net.minecraft.server.MinecraftServer.doRunTask(MinecraftServer.java:195)
	at knot//net.minecraft.util.thread.BlockableEventLoop.execute(BlockableEventLoop.java:114)
	at knot//net.minecraft.util.thread.AbstractConsecutiveExecutor.registerForExecution(AbstractConsecutiveExecutor.java:90)
	at knot//net.minecraft.util.thread.AbstractConsecutiveExecutor.run(AbstractConsecutiveExecutor.java:63)
	at knot//net.minecraft.server.TickTask.run(TickTask.java:18)
	at knot//net.minecraft.util.thread.BlockableEventLoop.doRunTask(BlockableEventLoop.java:173)
	at knot//net.minecraft.util.thread.ReentrantBlockableEventLoop.doRunTask(ReentrantBlockableEventLoop.java:23)
	at knot//net.minecraft.server.MinecraftServer.doRunTask(MinecraftServer.java:933)
	at knot//net.minecraft.server.MinecraftServer.doRunTask(MinecraftServer.java:195)
	at knot//net.minecraft.util.thread.BlockableEventLoop.execute(BlockableEventLoop.java:114)
	at knot//net.minecraft.util.thread.AbstractConsecutiveExecutor.registerForExecution(AbstractConsecutiveExecutor.java:90)
	at knot//net.minecraft.util.thread.AbstractConsecutiveExecutor.run(AbstractConsecutiveExecutor.java:63)
	at knot//net.minecraft.server.TickTask.run(TickTask.java:18)
	at knot//net.minecraft.util.thread.BlockableEventLoop.doRunTask(BlockableEventLoop.java:173)
	at knot//net.minecraft.util.thread.ReentrantBlockableEventLoop.doRunTask(ReentrantBlockableEventLoop.java:23)
	at knot//net.minecraft.server.MinecraftServer.doRunTask(MinecraftServer.java:933)
	at knot//net.minecraft.server.MinecraftServer.doRunTask(MinecraftServer.java:195)
	at knot//net.minecraft.util.thread.BlockableEventLoop.execute(BlockableEventLoop.java:114)
	at knot//net.minecraft.util.thread.AbstractConsecutiveExecutor.registerForExecution(AbstractConsecutiveExecutor.java:90)
	at knot//net.minecraft.util.thread.AbstractConsecutiveExecutor.run(AbstractConsecutiveExecutor.java:63)
	at knot//net.minecraft.server.TickTask.run(TickTask.java:18)
	at knot//net.minecraft.util.thread.BlockableEventLoop.doRunTask(BlockableEventLoop.java:173)
	at knot//net.minecraft.util.thread.ReentrantBlockableEventLoop.doRunTask(ReentrantBlockableEventLoop.java:23)
	at knot//net.minecraft.server.MinecraftServer.doRunTask(MinecraftServer.java:933)
	at knot//net.minecraft.server.MinecraftServer.doRunTask(MinecraftServer.java:195)
	at knot//net.minecraft.util.thread.BlockableEventLoop.execute(BlockableEventLoop.java:114)
	at knot//net.minecraft.util.thread.AbstractConsecutiveExecutor.registerForExecution(AbstractConsecutiveExecutor.java:90)
	at knot//net.minecraft.util.thread.AbstractConsecutiveExecutor.run(AbstractConsecutiveExecutor.java:63)
	at knot//net.minecraft.server.TickTask.run(TickTask.java:18)
	at knot//net.minecraft.util.thread.BlockableEventLoop.doRunTask(BlockableEventLoop.java:173)
	at knot//net.minecraft.util.thread.ReentrantBlockableEventLoop.doRunTask(ReentrantBlockableEventLoop.java:23)
	at knot//net.minecraft.server.MinecraftServer.doRunTask(MinecraftServer.java:933)
	at knot//net.minecraft.server.MinecraftServer.doRunTask(MinecraftServer.java:195)
	at knot//net.minecraft.util.thread.BlockableEventLoop.execute(BlockableEventLoop.java:114)
	at knot//net.minecraft.util.thread.AbstractConsecutiveExecutor.registerForExecution(AbstractConsecutiveExecutor.java:90)
	at knot//net.minecraft.util.thread.AbstractConsecutiveExecutor.run(AbstractConsecutiveExecutor.java:63)
	at knot//net.minecraft.server.TickTask.run(TickTask.java:18)
	at knot//net.minecraft.util.thread.BlockableEventLoop.doRunTask(BlockableEventLoop.java:173)
	at knot//net.minecraft.util.thread.ReentrantBlockableEventLoop.doRunTask(ReentrantBlockableEventLoop.java:23)
	at knot//net.minecraft.server.MinecraftServer.doRunTask(MinecraftServer.java:933)
	at knot//net.minecraft.server.MinecraftServer.doRunTask(MinecraftServer.java:195)
	at knot//net.minecraft.util.thread.BlockableEventLoop.execute(BlockableEventLoop.java:114)
	at knot//net.minecraft.util.thread.AbstractConsecutiveExecutor.registerForExecution(AbstractConsecutiveExecutor.java:90)
	at knot//net.minecraft.util.thread.AbstractConsecutiveExecutor.run(AbstractConsecutiveExecutor.java:63)
	at knot//net.minecraft.server.TickTask.run(TickTask.java:18)
	at knot//net.minecraft.util.thread.BlockableEventLoop.doRunTask(BlockableEventLoop.java:173)
	at knot//net.minecraft.util.thread.ReentrantBlockableEventLoop.doRunTask(ReentrantBlockableEventLoop.java:23)
	at knot//net.minecraft.server.MinecraftServer.doRunTask(MinecraftServer.java:933)
	at knot//net.minecraft.server.MinecraftServer.doRunTask(MinecraftServer.java:195)
	at knot//net.minecraft.util.thread.BlockableEventLoop.execute(BlockableEventLoop.java:114)
	at knot//net.minecraft.util.thread.AbstractConsecutiveExecutor.registerForExecution(AbstractConsecutiveExecutor.java:90)
	at knot//net.minecraft.util.thread.AbstractConsecutiveExecutor.run(AbstractConsecutiveExecutor.java:63)
	at knot//net.minecraft.server.TickTask.run(TickTask.java:18)
	at knot//net.minecraft.util.thread.BlockableEventLoop.doRunTask(BlockableEventLoop.java:173)
	at knot//net.minecraft.util.thread.ReentrantBlockableEventLoop.doRunTask(ReentrantBlockableEventLoop.java:23)
	at knot//net.minecraft.server.MinecraftServer.doRunTask(MinecraftServer.java:933)
	at knot//net.minecraft.server.MinecraftServer.doRunTask(MinecraftServer.java:195)
	at knot//net.minecraft.util.thread.BlockableEventLoop.execute(BlockableEventLoop.java:114)
	at knot//net.minecraft.util.thread.AbstractConsecutiveExecutor.registerForExecution(AbstractConsecutiveExecutor.java:90)
	at knot//net.minecraft.util.thread.AbstractConsecutiveExecutor.run(AbstractConsecutiveExecutor.java:63)
	at knot//net.minecraft.server.TickTask.run(TickTask.java:18)
	at knot//net.minecraft.util.thread.BlockableEventLoop.doRunTask(BlockableEventLoop.java:173)
	at knot//net.minecraft.util.thread.ReentrantBlockableEventLoop.doRunTask(ReentrantBlockableEventLoop.java:23)
	at knot//net.minecraft.server.MinecraftServer.doRunTask(MinecraftServer.java:933)
	at knot//net.minecraft.server.MinecraftServer.doRunTask(MinecraftServer.java:195)
	at knot//net.minecraft.util.thread.BlockableEventLoop.execute(BlockableEventLoop.java:114)
	at knot//net.minecraft.util.thread.AbstractConsecutiveExecutor.registerForExecution(AbstractConsecutiveExecutor.java:90)
	at knot//net.minecraft.util.thread.AbstractConsecutiveExecutor.run(AbstractConsecutiveExecutor.java:63)
	at knot//net.minecraft.server.TickTask.run(TickTask.java:18)
	at knot//net.minecraft.util.thread.BlockableEventLoop.doRunTask(BlockableEventLoop.java:173)
	at knot//net.minecraft.util.thread.ReentrantBlockableEventLoop.doRunTask(ReentrantBlockableEventLoop.java:23)
	at knot//net.minecraft.server.MinecraftServer.doRunTask(MinecraftServer.java:933)
	at knot//net.minecraft.server.MinecraftServer.doRunTask(MinecraftServer.java:195)
	at knot//net.minecraft.util.thread.BlockableEventLoop.execute(BlockableEventLoop.java:114)
	at knot//net.minecraft.util.thread.AbstractConsecutiveExecutor.registerForExecution(AbstractConsecutiveExecutor.java:90)
	at knot//net.minecraft.util.thread.AbstractConsecutiveExecutor.run(AbstractConsecutiveExecutor.java:63)
	at knot//net.minecraft.server.TickTask.run(TickTask.java:18)
	at knot//net.minecraft.util.thread.BlockableEventLoop.doRunTask(BlockableEventLoop.java:173)
	at knot//net.minecraft.util.thread.ReentrantBlockableEventLoop.doRunTask(ReentrantBlockableEventLoop.java:23)
	at knot//net.minecraft.server.MinecraftServer.doRunTask(MinecraftServer.java:933)
	at knot//net.minecraft.server.MinecraftServer.doRunTask(MinecraftServer.java:195)
	at knot//net.minecraft.util.thread.BlockableEventLoop.execute(BlockableEventLoop.java:114)
	at knot//net.minecraft.util.thread.AbstractConsecutiveExecutor.registerForExecution(AbstractConsecutiveExecutor.java:90)
	at knot//net.minecraft.util.thread.AbstractConsecutiveExecutor.run(AbstractConsecutiveExecutor.java:63)
	at knot//net.minecraft.server.TickTask.run(TickTask.java:18)
	at knot//net.minecraft.util.thread.BlockableEventLoop.doRunTask(BlockableEventLoop.java:173)
	at knot//net.minecraft.util.thread.ReentrantBlockableEventLoop.doRunTask(ReentrantBlockableEventLoop.java:23)
	at knot//net.minecraft.server.MinecraftServer.doRunTask(MinecraftServer.java:933)
	at knot//net.minecraft.server.MinecraftServer.doRunTask(MinecraftServer.java:195)
	at knot//net.minecraft.util.thread.BlockableEventLoop.execute(BlockableEventLoop.java:114)
	at knot//net.minecraft.util.thread.AbstractConsecutiveExecutor.registerForExecution(AbstractConsecutiveExecutor.java:90)
	at knot//net.minecraft.util.thread.AbstractConsecutiveExecutor.run(AbstractConsecutiveExecutor.java:63)
[20:57:45] [Render thread/INFO] (Minecraft) Stopping!
[20:57:45] [IO-Worker-1/ERROR] (Minecraft) Could not schedule ConsecutiveExecutor
java.util.concurrent.RejectedExecutionException: Task IOWorker-chunk RUNNING false rejected from java.util.concurrent.ThreadPoolExecutor@705eb026[Shutting down, pool size = 1, active threads = 1, queued tasks = 0, completed tasks = 140810]
	at java.base/java.util.concurrent.ThreadPoolExecutor$AbortPolicy.rejectedExecution(Unknown Source)
	at java.base/java.util.concurrent.ThreadPoolExecutor.reject(Unknown Source)
	at java.base/java.util.concurrent.ThreadPoolExecutor.execute(Unknown Source)
	at knot//net.minecraft.TracingExecutor.execute(TracingExecutor.java:36)
	at knot//net.minecraft.util.thread.AbstractConsecutiveExecutor.registerForExecution(AbstractConsecutiveExecutor.java:94)
	at knot//net.minecraft.util.thread.AbstractConsecutiveExecutor.run(AbstractConsecutiveExecutor.java:63)
	at java.base/java.util.concurrent.ThreadPoolExecutor.runWorker(Unknown Source)
	at java.base/java.util.concurrent.ThreadPoolExecutor$Worker.run(Unknown Source)
	at java.base/java.lang.Thread.run(Unknown Source)
